[2026-07-13 13:28:58:2858] [[32minfo[39m]: [32mServer is running in development mode on port 5000[39m
[2026-07-13 13:29:03:293] [[31merror[39m]: [31m500 - Database connection failed - /api/v1/health - GET - ::1[39m
[2026-07-13 13:29:03:293] [[31merror[39m]: [31mError: Database connection failed[39m
[31m    at <anonymous> (C:\Users\vimal\OneDrive\Jubilee hospital demo\mediflow-core\server\src\app.ts:38:10)[39m
[31m    at process.processTicksAndRejections (node:internal/process/task_queues:103:5)[39m
[2026-07-13 13:29:10:2910] [[32minfo[39m]: [32mServer is running in development mode on port 5000[39m
[2026-07-13 13:29:13:2913] [[32minfo[39m]: [32mServer is running in development mode on port 5000[39m
[2026-07-13 13:29:18:2918] [[35mhttp[39m]: [35mGET /api/v1/health[39m
[2026-07-13 14:23:03:233] [[31merror[39m]: [31m404 - Can't find /api/v1/requests on this server! - /api/v1/requests - POST - ::ffff:127.0.0.1[39m
[2026-07-13 14:23:03:233] [[31merror[39m]: [31m404 - Can't find /api/v1/requests on this server! - /api/v1/requests - POST - ::ffff:127.0.0.1[39m
[2026-07-13 14:23:03:233] [[31merror[39m]: [31m404 - Can't find /api/v1/requests on this server! - /api/v1/requests - POST - ::ffff:127.0.0.1[39m
[2026-07-13 14:23:03:233] [[31merror[39m]: [31m404 - Can't find /api/v1/requests on this server! - /api/v1/requests - POST - ::ffff:127.0.0.1[39m
[2026-07-13 14:26:44:2644] [[31merror[39m]: [31m404 - Can't find /api/v1/requests on this server! - /api/v1/requests - POST - ::ffff:127.0.0.1[39m
[2026-07-13 14:26:44:2644] [[31merror[39m]: [31m404 - Can't find /api/v1/requests on this server! - /api/v1/requests - POST - ::ffff:127.0.0.1[39m
[2026-07-13 14:26:44:2644] [[31merror[39m]: [31m404 - Can't find /api/v1/requests on this server! - /api/v1/requests - POST - ::ffff:127.0.0.1[39m
[2026-07-13 14:26:45:2645] [[31merror[39m]: [31m404 - Can't find /api/v1/requests on this server! - /api/v1/requests - POST - ::ffff:127.0.0.1[39m
[2026-07-13 14:27:20:2720] [[31merror[39m]: [31m500 - [39m
[31mInvalid `prisma.request.create()` invocation in[39m
[31mC:/Users/vimal/OneDrive/Jubilee hospital demo/mediflow-core/server/src/request/request.service.ts:22:45[39m

[31m  19  */[39m
[31m  20 static async createRequest(data: any, actor: AuthUser): Promise<Request> {[39m
[31m  21   // Basic ownership: the creator becomes the requester[39m
[31m→ 22   const newRequest = await prisma.request.create({[39m
[31m         data: {[39m
[31m           title: "Stationery Order",[39m
[31m           type: "PURCHASE",[39m
[31m           details: {[39m
[31m             estimatedCost: 2000[39m
[31m           },[39m
[31m           requestedById: "5a12eef9-2bdd-485f-b56f-64929807c544",[39m
[31m           status: "DRAFT",[39m
[31m       +   referenceNumber: String[39m
[31m         }[39m
[31m       })[39m

[31mArgument `referenceNumber` is missing. - /api/v1/requests - POST - ::ffff:127.0.0.1[39m
[2026-07-13 14:27:21:2721] [[31merror[39m]: [31m500 - [39m
[31mInvalid `prisma.request.create()` invocation in[39m
[31mC:/Users/vimal/OneDrive/Jubilee hospital demo/mediflow-core/server/src/request/request.service.ts:22:45[39m

[31m  19  */[39m
[31m  20 static async createRequest(data: any, actor: AuthUser): Promise<Request> {[39m
[31m  21   // Basic ownership: the creator becomes the requester[39m
[31m→ 22   const newRequest = await prisma.request.create({[39m
[31m         data: {[39m
[31m           title: "Reject Test",[39m
[31m           type: "PURCHASE",[39m
[31m           details: {[39m
[31m             estimatedCost: 1500[39m
[31m           },[39m
[31m           requestedById: "5a12eef9-2bdd-485f-b56f-64929807c544",[39m
[31m           status: "DRAFT",[39m
[31m       +   referenceNumber: String[39m
[31m         }[39m
[31m       })[39m

[31mArgument `referenceNumber` is missing. - /api/v1/requests - POST - ::ffff:127.0.0.1[39m
[2026-07-13 14:27:21:2721] [[31merror[39m]: [31m500 - [39m
[31mInvalid `prisma.request.create()` invocation in[39m
[31mC:/Users/vimal/OneDrive/Jubilee hospital demo/mediflow-core/server/src/request/request.service.ts:22:45[39m

[31m  19  */[39m
[31m  20 static async createRequest(data: any, actor: AuthUser): Promise<Request> {[39m
[31m  21   // Basic ownership: the creator becomes the requester[39m
[31m→ 22   const newRequest = await prisma.request.create({[39m
[31m         data: {[39m
[31m           title: "Needs Correction",[39m
[31m           type: "PURCHASE",[39m
[31m           details: {[39m
[31m             estimatedCost: 1200[39m
[31m           },[39m
[31m           requestedById: "5a12eef9-2bdd-485f-b56f-64929807c544",[39m
[31m           status: "DRAFT",[39m
[31m       +   referenceNumber: String[39m
[31m         }[39m
[31m       })[39m

[31mArgument `referenceNumber` is missing. - /api/v1/requests - POST - ::ffff:127.0.0.1[39m
[2026-07-13 14:27:21:2721] [[31merror[39m]: [31m500 - [39m
[31mInvalid `prisma.request.create()` invocation in[39m
[31mC:/Users/vimal/OneDrive/Jubilee hospital demo/mediflow-core/server/src/request/request.service.ts:22:45[39m

[31m  19  */[39m
[31m  20 static async createRequest(data: any, actor: AuthUser): Promise<Request> {[39m
[31m  21   // Basic ownership: the creator becomes the requester[39m
[31m→ 22   const newRequest = await prisma.request.create({[39m
[31m         data: {[39m
[31m           title: "Cancel Test",[39m
[31m           type: "PURCHASE",[39m
[31m           details: {[39m
[31m             estimatedCost: 800[39m
[31m           },[39m
[31m           requestedById: "5a12eef9-2bdd-485f-b56f-64929807c544",[39m
[31m           status: "DRAFT",[39m
[31m       +   referenceNumber: String[39m
[31m         }[39m
[31m       })[39m

[31mArgument `referenceNumber` is missing. - /api/v1/requests - POST - ::ffff:127.0.0.1[39m
[2026-07-13 14:27:52:2752] [[31merror[39m]: [31m500 - [39m
[31mInvalid `prisma.request.create()` invocation in[39m
[31mC:/Users/vimal/OneDrive/Jubilee hospital demo/mediflow-core/server/src/request/request.service.ts:23:45[39m

[31m  20 static async createRequest(data: any, actor: AuthUser): Promise<Request> {[39m
[31m  21   // Basic ownership: the creator becomes the requester[39m
[31m  22   const referenceNumber = `REQ-${Date.now()}`;[39m
[31m→ 23   const newRequest = await prisma.request.create({[39m
[31m         data: {[39m
[31m           title: "Stationery Order",[39m
[31m           type: "PURCHASE",[39m
[31m           details: {[39m
[31m             estimatedCost: 2000[39m
[31m           },[39m
[31m           requestedById: "5a12eef9-2bdd-485f-b56f-64929807c544",[39m
[31m           departmentId: "417fc17f-1e85-48e1-9884-3dc2b8c9bd38",[39m
[31m           referenceNumber: "REQ-1783933072083",[39m
[31m           status: "DRAFT",[39m
[31m       +   requestedBy: {[39m
[31m       +     create: UserCreateWithoutRequestsInput | UserUncheckedCreateWithoutRequestsInput,[39m
[31m       +     connectOrCreate: UserCreateOrConnectWithoutRequestsInput,[39m
[31m       +     connect: UserWhereUniqueInput[39m
[31m       +   }[39m
[31m         }[39m
[31m       })[39m

[31mArgument `requestedBy` is missing. - /api/v1/requests - POST - ::ffff:127.0.0.1[39m
[2026-07-13 14:27:52:2752] [[31merror[39m]: [31m500 - [39m
[31mInvalid `prisma.request.create()` invocation in[39m
[31mC:/Users/vimal/OneDrive/Jubilee hospital demo/mediflow-core/server/src/request/request.service.ts:23:45[39m

[31m  20 static async createRequest(data: any, actor: AuthUser): Promise<Request> {[39m
[31m  21   // Basic ownership: the creator becomes the requester[39m
[31m  22   const referenceNumber = `REQ-${Date.now()}`;[39m
[31m→ 23   const newRequest = await prisma.request.create({[39m
[31m         data: {[39m
[31m           title: "Reject Test",[39m
[31m           type: "PURCHASE",[39m
[31m           details: {[39m
[31m             estimatedCost: 1500[39m
[31m           },[39m
[31m           requestedById: "5a12eef9-2bdd-485f-b56f-64929807c544",[39m
[31m           departmentId: "417fc17f-1e85-48e1-9884-3dc2b8c9bd38",[39m
[31m           referenceNumber: "REQ-1783933072486",[39m
[31m           status: "DRAFT",[39m
[31m       +   requestedBy: {[39m
[31m       +     create: UserCreateWithoutRequestsInput | UserUncheckedCreateWithoutRequestsInput,[39m
[31m       +     connectOrCreate: UserCreateOrConnectWithoutRequestsInput,[39m
[31m       +     connect: UserWhereUniqueInput[39m
[31m       +   }[39m
[31m         }[39m
[31m       })[39m

[31mArgument `requestedBy` is missing. - /api/v1/requests - POST - ::ffff:127.0.0.1[39m
[2026-07-13 14:27:52:2752] [[31merror[39m]: [31m500 - [39m
[31mInvalid `prisma.request.create()` invocation in[39m
[31mC:/Users/vimal/OneDrive/Jubilee hospital demo/mediflow-core/server/src/request/request.service.ts:23:45[39m

[31m  20 static async createRequest(data: any, actor: AuthUser): Promise<Request> {[39m
[31m  21   // Basic ownership: the creator becomes the requester[39m
[31m  22   const referenceNumber = `REQ-${Date.now()}`;[39m
[31m→ 23   const newRequest = await prisma.request.create({[39m
[31m         data: {[39m
[31m           title: "Needs Correction",[39m
[31m           type: "PURCHASE",[39m
[31m           details: {[39m
[31m             estimatedCost: 1200[39m
[31m           },[39m
[31m           requestedById: "5a12eef9-2bdd-485f-b56f-64929807c544",[39m
[31m           departmentId: "417fc17f-1e85-48e1-9884-3dc2b8c9bd38",[39m
[31m           referenceNumber: "REQ-1783933072795",[39m
[31m           status: "DRAFT",[39m
[31m       +   requestedBy: {[39m
[31m       +     create: UserCreateWithoutRequestsInput | UserUncheckedCreateWithoutRequestsInput,[39m
[31m       +     connectOrCreate: UserCreateOrConnectWithoutRequestsInput,[39m
[31m       +     connect: UserWhereUniqueInput[39m
[31m       +   }[39m
[31m         }[39m
[31m       })[39m

[31mArgument `requestedBy` is missing. - /api/v1/requests - POST - ::ffff:127.0.0.1[39m
[2026-07-13 14:27:53:2753] [[31merror[39m]: [31m500 - [39m
[31mInvalid `prisma.request.create()` invocation in[39m
[31mC:/Users/vimal/OneDrive/Jubilee hospital demo/mediflow-core/server/src/request/request.service.ts:23:45[39m

[31m  20 static async createRequest(data: any, actor: AuthUser): Promise<Request> {[39m
[31m  21   // Basic ownership: the creator becomes the requester[39m
[31m  22   const referenceNumber = `REQ-${Date.now()}`;[39m
[31m→ 23   const newRequest = await prisma.request.create({[39m
[31m         data: {[39m
[31m           title: "Cancel Test",[39m
[31m           type: "PURCHASE",[39m
[31m           details: {[39m
[31m             estimatedCost: 800[39m
[31m           },[39m
[31m           requestedById: "5a12eef9-2bdd-485f-b56f-64929807c544",[39m
[31m           departmentId: "417fc17f-1e85-48e1-9884-3dc2b8c9bd38",[39m
[31m           referenceNumber: "REQ-1783933073069",[39m
[31m           status: "DRAFT",[39m
[31m       +   requestedBy: {[39m
[31m       +     create: UserCreateWithoutRequestsInput | UserUncheckedCreateWithoutRequestsInput,[39m
[31m       +     connectOrCreate: UserCreateOrConnectWithoutRequestsInput,[39m
[31m       +     connect: UserWhereUniqueInput[39m
[31m       +   }[39m
[31m         }[39m
[31m       })[39m

[31mArgument `requestedBy` is missing. - /api/v1/requests - POST - ::ffff:127.0.0.1[39m
[2026-07-13 14:28:46:2846] [[31merror[39m]: [31m500 - [39m
[31mInvalid `prisma.request.create()` invocation in[39m
[31mC:/Users/vimal/OneDrive/Jubilee hospital demo/mediflow-core/server/src/request/request.service.ts:24:45[39m

[31m  21 const referenceNumber = `REQ-${Date.now()}`;[39m
[31m  22 // Remove any explicit foreign key fields that could conflict with relation connects[39m
[31m  23 const { requestedById, departmentId, ...cleanData } = data;[39m
[31m→ 24 const newRequest = await prisma.request.create({[39m
[31m       data: {[39m
[31m         title: "Stationery Order",[39m
[31m         type: "PURCHASE",[39m
[31m         details: {[39m
[31m           estimatedCost: 2000[39m
[31m         },[39m
[31m         requestedBy: {[39m
[31m           connect: {[39m
[31m             id: "5a12eef9-2bdd-485f-b56f-64929807c544"[39m
[31m           }[39m
[31m         },[39m
[31m         department: {[39m
[31m           connect: {[39m
[31m             id: "417fc17f-1e85-48e1-9884-3dc2b8c9bd38"[39m
[31m           }[39m
[31m         },[39m
[31m         referenceNumber: "REQ-1783933126526",[39m
[31m         status: "DRAFT",[39m
[31m     +   workflowTemplate: {[39m
[31m     +     create: WorkflowTemplateCreateWithoutRequestsInput | WorkflowTemplateUncheckedCreateWithoutRequestsInput,[39m
[31m     +     connectOrCreate: WorkflowTemplateCreateOrConnectWithoutRequestsInput,[39m
[31m     +     connect: WorkflowTemplateWhereUniqueInput[39m
[31m     +   }[39m
[31m       }[39m
[31m     })[39m

[31mArgument `workflowTemplate` is missing. - /api/v1/requests - POST - ::ffff:127.0.0.1[39m
[2026-07-13 14:28:46:2846] [[31merror[39m]: [31m500 - [39m
[31mInvalid `prisma.request.create()` invocation in[39m
[31mC:/Users/vimal/OneDrive/Jubilee hospital demo/mediflow-core/server/src/request/request.service.ts:24:45[39m

[31m  21 const referenceNumber = `REQ-${Date.now()}`;[39m
[31m  22 // Remove any explicit foreign key fields that could conflict with relation connects[39m
[31m  23 const { requestedById, departmentId, ...cleanData } = data;[39m
[31m→ 24 const newRequest = await prisma.request.create({[39m
[31m       data: {[39m
[31m         title: "Reject Test",[39m
[31m         type: "PURCHASE",[39m
[31m         details: {[39m
[31m           estimatedCost: 1500[39m
[31m         },[39m
[31m         requestedBy: {[39m
[31m           connect: {[39m
[31m             id: "5a12eef9-2bdd-485f-b56f-64929807c544"[39m
[31m           }[39m
[31m         },[39m
[31m         department: {[39m
[31m           connect: {[39m
[31m             id: "417fc17f-1e85-48e1-9884-3dc2b8c9bd38"[39m
[31m           }[39m
[31m         },[39m
[31m         referenceNumber: "REQ-1783933126817",[39m
[31m         status: "DRAFT",[39m
[31m     +   workflowTemplate: {[39m
[31m     +     create: WorkflowTemplateCreateWithoutRequestsInput | WorkflowTemplateUncheckedCreateWithoutRequestsInput,[39m
[31m     +     connectOrCreate: WorkflowTemplateCreateOrConnectWithoutRequestsInput,[39m
[31m     +     connect: WorkflowTemplateWhereUniqueInput[39m
[31m     +   }[39m
[31m       }[39m
[31m     })[39m

[31mArgument `workflowTemplate` is missing. - /api/v1/requests - POST - ::ffff:127.0.0.1[39m
[2026-07-13 14:28:47:2847] [[31merror[39m]: [31m500 - [39m
[31mInvalid `prisma.request.create()` invocation in[39m
[31mC:/Users/vimal/OneDrive/Jubilee hospital demo/mediflow-core/server/src/request/request.service.ts:24:45[39m

[31m  21 const referenceNumber = `REQ-${Date.now()}`;[39m
[31m  22 // Remove any explicit foreign key fields that could conflict with relation connects[39m
[31m  23 const { requestedById, departmentId, ...cleanData } = data;[39m
[31m→ 24 const newRequest = await prisma.request.create({[39m
[31m       data: {[39m
[31m         title: "Needs Correction",[39m
[31m         type: "PURCHASE",[39m
[31m         details: {[39m
[31m           estimatedCost: 1200[39m
[31m         },[39m
[31m         requestedBy: {[39m
[31m           connect: {[39m
[31m             id: "5a12eef9-2bdd-485f-b56f-64929807c544"[39m
[31m           }[39m
[31m         },[39m
[31m         department: {[39m
[31m           connect: {[39m
[31m             id: "417fc17f-1e85-48e1-9884-3dc2b8c9bd38"[39m
[31m           }[39m
[31m         },[39m
[31m         referenceNumber: "REQ-1783933127004",[39m
[31m         status: "DRAFT",[39m
[31m     +   workflowTemplate: {[39m
[31m     +     create: WorkflowTemplateCreateWithoutRequestsInput | WorkflowTemplateUncheckedCreateWithoutRequestsInput,[39m
[31m     +     connectOrCreate: WorkflowTemplateCreateOrConnectWithoutRequestsInput,[39m
[31m     +     connect: WorkflowTemplateWhereUniqueInput[39m
[31m     +   }[39m
[31m       }[39m
[31m     })[39m

[31mArgument `workflowTemplate` is missing. - /api/v1/requests - POST - ::ffff:127.0.0.1[39m
[2026-07-13 14:28:47:2847] [[31merror[39m]: [31m500 - [39m
[31mInvalid `prisma.request.create()` invocation in[39m
[31mC:/Users/vimal/OneDrive/Jubilee hospital demo/mediflow-core/server/src/request/request.service.ts:24:45[39m

[31m  21 const referenceNumber = `REQ-${Date.now()}`;[39m
[31m  22 // Remove any explicit foreign key fields that could conflict with relation connects[39m
[31m  23 const { requestedById, departmentId, ...cleanData } = data;[39m
[31m→ 24 const newRequest = await prisma.request.create({[39m
[31m       data: {[39m
[31m         title: "Cancel Test",[39m
[31m         type: "PURCHASE",[39m
[31m         details: {[39m
[31m           estimatedCost: 800[39m
[31m         },[39m
[31m         requestedBy: {[39m
[31m           connect: {[39m
[31m             id: "5a12eef9-2bdd-485f-b56f-64929807c544"[39m
[31m           }[39m
[31m         },[39m
[31m         department: {[39m
[31m           connect: {[39m
[31m             id: "417fc17f-1e85-48e1-9884-3dc2b8c9bd38"[39m
[31m           }[39m
[31m         },[39m
[31m         referenceNumber: "REQ-1783933127374",[39m
[31m         status: "DRAFT",[39m
[31m     +   workflowTemplate: {[39m
[31m     +     create: WorkflowTemplateCreateWithoutRequestsInput | WorkflowTemplateUncheckedCreateWithoutRequestsInput,[39m
[31m     +     connectOrCreate: WorkflowTemplateCreateOrConnectWithoutRequestsInput,[39m
[31m     +     connect: WorkflowTemplateWhereUniqueInput[39m
[31m     +   }[39m
[31m       }[39m
[31m     })[39m

[31mArgument `workflowTemplate` is missing. - /api/v1/requests - POST - ::ffff:127.0.0.1[39m
[2026-07-13 14:29:28:2928] [[31merror[39m]: [31m500 - [39m
[31mInvalid `prisma.request.create()` invocation in[39m
[31mC:/Users/vimal/OneDrive/Jubilee hospital demo/mediflow-core/server/src/request/request.service.ts:24:45[39m

[31m  21 const referenceNumber = `REQ-${Date.now()}`;[39m
[31m  22 // Remove explicit foreign key fields that could conflict with relation connects[39m
[31m  23 const { requestedById, departmentId, workflowTemplateId, ...cleanData } = data;[39m
[31m→ 24 const newRequest = await prisma.request.create({[39m
[31m       data: {[39m
[31m         title: "Stationery Order",[39m
[31m         type: "PURCHASE",[39m
[31m         details: {[39m
[31m         ~~~~~~~[39m
[31m           estimatedCost: 2000[39m
[31m         },[39m
[31m         requestedBy: {[39m
[31m           connect: {[39m
[31m             id: "5a12eef9-2bdd-485f-b56f-64929807c544"[39m
[31m           }[39m
[31m         },[39m
[31m         department: {[39m
[31m           connect: {[39m
[31m             id: "417fc17f-1e85-48e1-9884-3dc2b8c9bd38"[39m
[31m           }[39m
[31m         },[39m
[31m         workflowTemplate: {[39m
[31m           connect: {[39m
[31m             id: undefined[39m
[31m           }[39m
[31m         },[39m
[31m         referenceNumber: "REQ-1783933168341",[39m
[31m         status: "DRAFT",[39m
[31m     ?   id?: String,[39m
[31m     ?   priority?: Priority,[39m
[31m     ?   submittedAt?: DateTime | Null,[39m
[31m     ?   completedAt?: DateTime | Null,[39m
[31m     ?   createdAt?: DateTime,[39m
[31m     ?   updatedAt?: DateTime,[39m
[31m     ?   deletedAt?: DateTime | Null,[39m
[31m     ?   currentStep?: WorkflowStepCreateNestedOneWithoutActiveRequestsInput,[39m
[31m     ?   maintenanceDetail?: MaintenanceDetailCreateNestedOneWithoutRequestInput,[39m
[31m     ?   purchaseDetail?: PurchaseDetailCreateNestedOneWithoutRequestInput,[39m
[31m     ?   leaveDetail?: LeaveDetailCreateNestedOneWithoutRequestInput,[39m
[31m     ?   approvalActions?: ApprovalActionCreateNestedManyWithoutRequestInput,[39m
[31m     ?   comments?: CommentCreateNestedManyWithoutRequestInput,[39m
[31m     ?   attachments?: AttachmentCreateNestedManyWithoutRequestInput,[39m
[31m     ?   notifications?: NotificationCreateNestedManyWithoutRequestInput,[39m
[31m     ?   auditLogs?: AuditLogCreateNestedManyWithoutRequestInput[39m
[31m       }[39m
[31m     })[39m

[31mUnknown argument `details`. Available options are marked with ?. - /api/v1/requests - POST - ::ffff:127.0.0.1[39m
[2026-07-13 14:29:28:2928] [[31merror[39m]: [31m500 - [39m
[31mInvalid `prisma.request.create()` invocation in[39m
[31mC:/Users/vimal/OneDrive/Jubilee hospital demo/mediflow-core/server/src/request/request.service.ts:24:45[39m

[31m  21 const referenceNumber = `REQ-${Date.now()}`;[39m
[31m  22 // Remove explicit foreign key fields that could conflict with relation connects[39m
[31m  23 const { requestedById, departmentId, workflowTemplateId, ...cleanData } = data;[39m
[31m→ 24 const newRequest = await prisma.request.create({[39m
[31m       data: {[39m
[31m         title: "Reject Test",[39m
[31m         type: "PURCHASE",[39m
[31m         details: {[39m
[31m         ~~~~~~~[39m
[31m           estimatedCost: 1500[39m
[31m         },[39m
[31m         requestedBy: {[39m
[31m           connect: {[39m
[31m             id: "5a12eef9-2bdd-485f-b56f-64929807c544"[39m
[31m           }[39m
[31m         },[39m
[31m         department: {[39m
[31m           connect: {[39m
[31m             id: "417fc17f-1e85-48e1-9884-3dc2b8c9bd38"[39m
[31m           }[39m
[31m         },[39m
[31m         workflowTemplate: {[39m
[31m           connect: {[39m
[31m             id: undefined[39m
[31m           }[39m
[31m         },[39m
[31m         referenceNumber: "REQ-1783933168745",[39m
[31m         status: "DRAFT",[39m
[31m     ?   id?: String,[39m
[31m     ?   priority?: Priority,[39m
[31m     ?   submittedAt?: DateTime | Null,[39m
[31m     ?   completedAt?: DateTime | Null,[39m
[31m     ?   createdAt?: DateTime,[39m
[31m     ?   updatedAt?: DateTime,[39m
[31m     ?   deletedAt?: DateTime | Null,[39m
[31m     ?   currentStep?: WorkflowStepCreateNestedOneWithoutActiveRequestsInput,[39m
[31m     ?   maintenanceDetail?: MaintenanceDetailCreateNestedOneWithoutRequestInput,[39m
[31m     ?   purchaseDetail?: PurchaseDetailCreateNestedOneWithoutRequestInput,[39m
[31m     ?   leaveDetail?: LeaveDetailCreateNestedOneWithoutRequestInput,[39m
[31m     ?   approvalActions?: ApprovalActionCreateNestedManyWithoutRequestInput,[39m
[31m     ?   comments?: CommentCreateNestedManyWithoutRequestInput,[39m
[31m     ?   attachments?: AttachmentCreateNestedManyWithoutRequestInput,[39m
[31m     ?   notifications?: NotificationCreateNestedManyWithoutRequestInput,[39m
[31m     ?   auditLogs?: AuditLogCreateNestedManyWithoutRequestInput[39m
[31m       }[39m
[31m     })[39m

[31mUnknown argument `details`. Available options are marked with ?. - /api/v1/requests - POST - ::ffff:127.0.0.1[39m
[2026-07-13 14:29:29:2929] [[31merror[39m]: [31m500 - [39m
[31mInvalid `prisma.request.create()` invocation in[39m
[31mC:/Users/vimal/OneDrive/Jubilee hospital demo/mediflow-core/server/src/request/request.service.ts:24:45[39m

[31m  21 const referenceNumber = `REQ-${Date.now()}`;[39m
[31m  22 // Remove explicit foreign key fields that could conflict with relation connects[39m
[31m  23 const { requestedById, departmentId, workflowTemplateId, ...cleanData } = data;[39m
[31m→ 24 const newRequest = await prisma.request.create({[39m
[31m       data: {[39m
[31m         title: "Needs Correction",[39m
[31m         type: "PURCHASE",[39m
[31m         details: {[39m
[31m         ~~~~~~~[39m
[31m           estimatedCost: 1200[39m
[31m         },[39m
[31m         requestedBy: {[39m
[31m           connect: {[39m
[31m             id: "5a12eef9-2bdd-485f-b56f-64929807c544"[39m
[31m           }[39m
[31m         },[39m
[31m         department: {[39m
[31m           connect: {[39m
[31m             id: "417fc17f-1e85-48e1-9884-3dc2b8c9bd38"[39m
[31m           }[39m
[31m         },[39m
[31m         workflowTemplate: {[39m
[31m           connect: {[39m
[31m             id: undefined[39m
[31m           }[39m
[31m         },[39m
[31m         referenceNumber: "REQ-1783933169052",[39m
[31m         status: "DRAFT",[39m
[31m     ?   id?: String,[39m
[31m     ?   priority?: Priority,[39m
[31m     ?   submittedAt?: DateTime | Null,[39m
[31m     ?   completedAt?: DateTime | Null,[39m
[31m     ?   createdAt?: DateTime,[39m
[31m     ?   updatedAt?: DateTime,[39m
[31m     ?   deletedAt?: DateTime | Null,[39m
[31m     ?   currentStep?: WorkflowStepCreateNestedOneWithoutActiveRequestsInput,[39m
[31m     ?   maintenanceDetail?: MaintenanceDetailCreateNestedOneWithoutRequestInput,[39m
[31m     ?   purchaseDetail?: PurchaseDetailCreateNestedOneWithoutRequestInput,[39m
[31m     ?   leaveDetail?: LeaveDetailCreateNestedOneWithoutRequestInput,[39m
[31m     ?   approvalActions?: ApprovalActionCreateNestedManyWithoutRequestInput,[39m
[31m     ?   comments?: CommentCreateNestedManyWithoutRequestInput,[39m
[31m     ?   attachments?: AttachmentCreateNestedManyWithoutRequestInput,[39m
[31m     ?   notifications?: NotificationCreateNestedManyWithoutRequestInput,[39m
[31m     ?   auditLogs?: AuditLogCreateNestedManyWithoutRequestInput[39m
[31m       }[39m
[31m     })[39m

[31mUnknown argument `details`. Available options are marked with ?. - /api/v1/requests - POST - ::ffff:127.0.0.1[39m
[2026-07-13 14:29:29:2929] [[31merror[39m]: [31m500 - [39m
[31mInvalid `prisma.request.create()` invocation in[39m
[31mC:/Users/vimal/OneDrive/Jubilee hospital demo/mediflow-core/server/src/request/request.service.ts:24:45[39m

[31m  21 const referenceNumber = `REQ-${Date.now()}`;[39m
[31m  22 // Remove explicit foreign key fields that could conflict with relation connects[39m
[31m  23 const { requestedById, departmentId, workflowTemplateId, ...cleanData } = data;[39m
[31m→ 24 const newRequest = await prisma.request.create({[39m
[31m       data: {[39m
[31m         title: "Cancel Test",[39m
[31m         type: "PURCHASE",[39m
[31m         details: {[39m
[31m         ~~~~~~~[39m
[31m           estimatedCost: 800[39m
[31m         },[39m
[31m         requestedBy: {[39m
[31m           connect: {[39m
[31m             id: "5a12eef9-2bdd-485f-b56f-64929807c544"[39m
[31m           }[39m
[31m         },[39m
[31m         department: {[39m
[31m           connect: {[39m
[31m             id: "417fc17f-1e85-48e1-9884-3dc2b8c9bd38"[39m
[31m           }[39m
[31m         },[39m
[31m         workflowTemplate: {[39m
[31m           connect: {[39m
[31m             id: undefined[39m
[31m           }[39m
[31m         },[39m
[31m         referenceNumber: "REQ-1783933169462",[39m
[31m         status: "DRAFT",[39m
[31m     ?   id?: String,[39m
[31m     ?   priority?: Priority,[39m
[31m     ?   submittedAt?: DateTime | Null,[39m
[31m     ?   completedAt?: DateTime | Null,[39m
[31m     ?   createdAt?: DateTime,[39m
[31m     ?   updatedAt?: DateTime,[39m
[31m     ?   deletedAt?: DateTime | Null,[39m
[31m     ?   currentStep?: WorkflowStepCreateNestedOneWithoutActiveRequestsInput,[39m
[31m     ?   maintenanceDetail?: MaintenanceDetailCreateNestedOneWithoutRequestInput,[39m
[31m     ?   purchaseDetail?: PurchaseDetailCreateNestedOneWithoutRequestInput,[39m
[31m     ?   leaveDetail?: LeaveDetailCreateNestedOneWithoutRequestInput,[39m
[31m     ?   approvalActions?: ApprovalActionCreateNestedManyWithoutRequestInput,[39m
[31m     ?   comments?: CommentCreateNestedManyWithoutRequestInput,[39m
[31m     ?   attachments?: AttachmentCreateNestedManyWithoutRequestInput,[39m
[31m     ?   notifications?: NotificationCreateNestedManyWithoutRequestInput,[39m
[31m     ?   auditLogs?: AuditLogCreateNestedManyWithoutRequestInput[39m
[31m       }[39m
[31m     })[39m

[31mUnknown argument `details`. Available options are marked with ?. - /api/v1/requests - POST - ::ffff:127.0.0.1[39m
[2026-07-13 14:32:43:3243] [[31merror[39m]: [31m500 - [39m
[31mInvalid `prisma.request.create()` invocation in[39m
[31mC:/Users/vimal/OneDrive/Jubilee hospital demo/mediflow-core/server/src/request/request.service.ts:24:45[39m

[31m  21 const referenceNumber = `REQ-${Date.now()}`;[39m
[31m  22 const { requestedById, departmentId, ...cleanData } = data;[39m
[31m  23 [39m
[31m→ 24 const newRequest = await prisma.request.create({[39m
[31m       data: {[39m
[31m         title: "Stationery Order",[39m
[31m         type: "PURCHASE",[39m
[31m         details: {[39m
[31m           estimatedCost: 2000[39m
[31m         },[39m
[31m         requestedBy: {[39m
[31m           connect: {[39m
[31m             id: "5a12eef9-2bdd-485f-b56f-64929807c544"[39m
[31m           }[39m
[31m         },[39m
[31m         department: {[39m
[31m           connect: {[39m
[31m             id: "417fc17f-1e85-48e1-9884-3dc2b8c9bd38"[39m
[31m           }[39m
[31m         },[39m
[31m         referenceNumber: "REQ-1783933363930",[39m
[31m         status: "DRAFT",[39m
[31m     +   workflowTemplate: {[39m
[31m     +     create: WorkflowTemplateCreateWithoutRequestsInput | WorkflowTemplateUncheckedCreateWithoutRequestsInput,[39m
[31m     +     connectOrCreate: WorkflowTemplateCreateOrConnectWithoutRequestsInput,[39m
[31m     +     connect: WorkflowTemplateWhereUniqueInput[39m
[31m     +   }[39m
[31m       }[39m
[31m     })[39m

[31mArgument `workflowTemplate` is missing. - /api/v1/requests - POST - ::ffff:127.0.0.1[39m
[2026-07-13 14:32:44:3244] [[31merror[39m]: [31m500 - [39m
[31mInvalid `prisma.request.create()` invocation in[39m
[31mC:/Users/vimal/OneDrive/Jubilee hospital demo/mediflow-core/server/src/request/request.service.ts:24:45[39m

[31m  21 const referenceNumber = `REQ-${Date.now()}`;[39m
[31m  22 const { requestedById, departmentId, ...cleanData } = data;[39m
[31m  23 [39m
[31m→ 24 const newRequest = await prisma.request.create({[39m
[31m       data: {[39m
[31m         title: "Reject Test",[39m
[31m         type: "PURCHASE",[39m
[31m         details: {[39m
[31m           estimatedCost: 1500[39m
[31m         },[39m
[31m         requestedBy: {[39m
[31m           connect: {[39m
[31m             id: "5a12eef9-2bdd-485f-b56f-64929807c544"[39m
[31m           }[39m
[31m         },[39m
[31m         department: {[39m
[31m           connect: {[39m
[31m             id: "417fc17f-1e85-48e1-9884-3dc2b8c9bd38"[39m
[31m           }[39m
[31m         },[39m
[31m         referenceNumber: "REQ-1783933364232",[39m
[31m         status: "DRAFT",[39m
[31m     +   workflowTemplate: {[39m
[31m     +     create: WorkflowTemplateCreateWithoutRequestsInput | WorkflowTemplateUncheckedCreateWithoutRequestsInput,[39m
[31m     +     connectOrCreate: WorkflowTemplateCreateOrConnectWithoutRequestsInput,[39m
[31m     +     connect: WorkflowTemplateWhereUniqueInput[39m
[31m     +   }[39m
[31m       }[39m
[31m     })[39m

[31mArgument `workflowTemplate` is missing. - /api/v1/requests - POST - ::ffff:127.0.0.1[39m
[2026-07-13 14:32:44:3244] [[31merror[39m]: [31m500 - [39m
[31mInvalid `prisma.request.create()` invocation in[39m
[31mC:/Users/vimal/OneDrive/Jubilee hospital demo/mediflow-core/server/src/request/request.service.ts:24:45[39m

[31m  21 const referenceNumber = `REQ-${Date.now()}`;[39m
[31m  22 const { requestedById, departmentId, ...cleanData } = data;[39m
[31m  23 [39m
[31m→ 24 const newRequest = await prisma.request.create({[39m
[31m       data: {[39m
[31m         title: "Needs Correction",[39m
[31m         type: "PURCHASE",[39m
[31m         details: {[39m
[31m           estimatedCost: 1200[39m
[31m         },[39m
[31m         requestedBy: {[39m
[31m           connect: {[39m
[31m             id: "5a12eef9-2bdd-485f-b56f-64929807c544"[39m
[31m           }[39m
[31m         },[39m
[31m         department: {[39m
[31m           connect: {[39m
[31m             id: "417fc17f-1e85-48e1-9884-3dc2b8c9bd38"[39m
[31m           }[39m
[31m         },[39m
[31m         referenceNumber: "REQ-1783933364539",[39m
[31m         status: "DRAFT",[39m
[31m     +   workflowTemplate: {[39m
[31m     +     create: WorkflowTemplateCreateWithoutRequestsInput | WorkflowTemplateUncheckedCreateWithoutRequestsInput,[39m
[31m     +     connectOrCreate: WorkflowTemplateCreateOrConnectWithoutRequestsInput,[39m
[31m     +     connect: WorkflowTemplateWhereUniqueInput[39m
[31m     +   }[39m
[31m       }[39m
[31m     })[39m

[31mArgument `workflowTemplate` is missing. - /api/v1/requests - POST - ::ffff:127.0.0.1[39m
[2026-07-13 14:32:44:3244] [[31merror[39m]: [31m500 - [39m
[31mInvalid `prisma.request.create()` invocation in[39m
[31mC:/Users/vimal/OneDrive/Jubilee hospital demo/mediflow-core/server/src/request/request.service.ts:24:45[39m

[31m  21 const referenceNumber = `REQ-${Date.now()}`;[39m
[31m  22 const { requestedById, departmentId, ...cleanData } = data;[39m
[31m  23 [39m
[31m→ 24 const newRequest = await prisma.request.create({[39m
[31m       data: {[39m
[31m         title: "Cancel Test",[39m
[31m         type: "PURCHASE",[39m
[31m         details: {[39m
[31m           estimatedCost: 800[39m
[31m         },[39m
[31m         requestedBy: {[39m
[31m           connect: {[39m
[31m             id: "5a12eef9-2bdd-485f-b56f-64929807c544"[39m
[31m           }[39m
[31m         },[39m
[31m         department: {[39m
[31m           connect: {[39m
[31m             id: "417fc17f-1e85-48e1-9884-3dc2b8c9bd38"[39m
[31m           }[39m
[31m         },[39m
[31m         referenceNumber: "REQ-1783933364757",[39m
[31m         status: "DRAFT",[39m
[31m     +   workflowTemplate: {[39m
[31m     +     create: WorkflowTemplateCreateWithoutRequestsInput | WorkflowTemplateUncheckedCreateWithoutRequestsInput,[39m
[31m     +     connectOrCreate: WorkflowTemplateCreateOrConnectWithoutRequestsInput,[39m
[31m     +     connect: WorkflowTemplateWhereUniqueInput[39m
[31m     +   }[39m
[31m       }[39m
[31m     })[39m

[31mArgument `workflowTemplate` is missing. - /api/v1/requests - POST - ::ffff:127.0.0.1[39m
[2026-07-13 14:33:30:3330] [[31merror[39m]: [31m500 - [39m
[31mInvalid `prisma.request.create()` invocation in[39m
[31mC:/Users/vimal/OneDrive/Jubilee hospital demo/mediflow-core/server/src/request/request.service.ts:34:45[39m

[31m  31 if (cleanData.type === 'PURCHASE' && details) {[39m
[31m  32     requestData.purchaseDetail = { create: details };[39m
[31m  33 }[39m
[31m→ 34 const newRequest = await prisma.request.create({[39m
[31m       data: {[39m
[31m         title: "Stationery Order",[39m
[31m         type: "PURCHASE",[39m
[31m         requestedBy: {[39m
[31m           connect: {[39m
[31m             id: "5a12eef9-2bdd-485f-b56f-64929807c544"[39m
[31m           }[39m
[31m         },[39m
[31m         department: {[39m
[31m           connect: {[39m
[31m             id: "417fc17f-1e85-48e1-9884-3dc2b8c9bd38"[39m
[31m           }[39m
[31m         },[39m
[31m         workflowTemplate: {[39m
[31m           connect: {[39m
[31m             id: undefined,[39m
[31m     ?       AND?: WorkflowTemplateWhereInput | WorkflowTemplateWhereInput[],[39m
[31m     ?       OR?: WorkflowTemplateWhereInput[],[39m
[31m     ?       NOT?: WorkflowTemplateWhereInput | WorkflowTemplateWhereInput[],[39m
[31m     ?       name?: StringFilter | String,[39m
[31m     ?       requestType?: EnumRequestTypeFilter | RequestType,[39m
[31m     ?       isActive?: BoolFilter | Boolean,[39m
[31m     ?       description?: StringNullableFilter | String | Null,[39m
[31m     ?       createdAt?: DateTimeFilter | DateTime,[39m
[31m     ?       updatedAt?: DateTimeFilter | DateTime,[39m
[31m     ?       steps?: WorkflowStepListRelationFilter,[39m
[31m     ?       requests?: RequestListRelationFilter[39m
[31m           }[39m
[31m         },[39m
[31m         referenceNumber: "REQ-1783933410627",[39m
[31m         status: "DRAFT",[39m
[31m         purchaseDetail: {[39m
[31m           create: {[39m
[31m             estimatedCost: 2000[39m
[31m           }[39m
[31m         }[39m
[31m       }[39m
[31m     })[39m

[31mArgument `connect` of type WorkflowTemplateWhereUniqueInput needs at least one of `id` arguments. Available options are marked with ?. - /api/v1/requests - POST - ::ffff:127.0.0.1[39m
[2026-07-13 14:33:30:3330] [[31merror[39m]: [31m500 - [39m
[31mInvalid `prisma.request.create()` invocation in[39m
[31mC:/Users/vimal/OneDrive/Jubilee hospital demo/mediflow-core/server/src/request/request.service.ts:34:45[39m

[31m  31 if (cleanData.type === 'PURCHASE' && details) {[39m
[31m  32     requestData.purchaseDetail = { create: details };[39m
[31m  33 }[39m
[31m→ 34 const newRequest = await prisma.request.create({[39m
[31m       data: {[39m
[31m         title: "Reject Test",[39m
[31m         type: "PURCHASE",[39m
[31m         requestedBy: {[39m
[31m           connect: {[39m
[31m             id: "5a12eef9-2bdd-485f-b56f-64929807c544"[39m
[31m           }[39m
[31m         },[39m
[31m         department: {[39m
[31m           connect: {[39m
[31m             id: "417fc17f-1e85-48e1-9884-3dc2b8c9bd38"[39m
[31m           }[39m
[31m         },[39m
[31m         workflowTemplate: {[39m
[31m           connect: {[39m
[31m             id: undefined,[39m
[31m     ?       AND?: WorkflowTemplateWhereInput | WorkflowTemplateWhereInput[],[39m
[31m     ?       OR?: WorkflowTemplateWhereInput[],[39m
[31m     ?       NOT?: WorkflowTemplateWhereInput | WorkflowTemplateWhereInput[],[39m
[31m     ?       name?: StringFilter | String,[39m
[31m     ?       requestType?: EnumRequestTypeFilter | RequestType,[39m
[31m     ?       isActive?: BoolFilter | Boolean,[39m
[31m     ?       description?: StringNullableFilter | String | Null,[39m
[31m     ?       createdAt?: DateTimeFilter | DateTime,[39m
[31m     ?       updatedAt?: DateTimeFilter | DateTime,[39m
[31m     ?       steps?: WorkflowStepListRelationFilter,[39m
[31m     ?       requests?: RequestListRelationFilter[39m
[31m           }[39m
[31m         },[39m
[31m         referenceNumber: "REQ-1783933410929",[39m
[31m         status: "DRAFT",[39m
[31m         purchaseDetail: {[39m
[31m           create: {[39m
[31m             estimatedCost: 1500[39m
[31m           }[39m
[31m         }[39m
[31m       }[39m
[31m     })[39m

[31mArgument `connect` of type WorkflowTemplateWhereUniqueInput needs at least one of `id` arguments. Available options are marked with ?. - /api/v1/requests - POST - ::ffff:127.0.0.1[39m
[2026-07-13 14:33:31:3331] [[31merror[39m]: [31m500 - [39m
[31mInvalid `prisma.request.create()` invocation in[39m
[31mC:/Users/vimal/OneDrive/Jubilee hospital demo/mediflow-core/server/src/request/request.service.ts:34:45[39m

[31m  31 if (cleanData.type === 'PURCHASE' && details) {[39m
[31m  32     requestData.purchaseDetail = { create: details };[39m
[31m  33 }[39m
[31m→ 34 const newRequest = await prisma.request.create({[39m
[31m       data: {[39m
[31m         title: "Needs Correction",[39m
[31m         type: "PURCHASE",[39m
[31m         requestedBy: {[39m
[31m           connect: {[39m
[31m             id: "5a12eef9-2bdd-485f-b56f-64929807c544"[39m
[31m           }[39m
[31m         },[39m
[31m         department: {[39m
[31m           connect: {[39m
[31m             id: "417fc17f-1e85-48e1-9884-3dc2b8c9bd38"[39m
[31m           }[39m
[31m         },[39m
[31m         workflowTemplate: {[39m
[31m           connect: {[39m
[31m             id: undefined,[39m
[31m     ?       AND?: WorkflowTemplateWhereInput | WorkflowTemplateWhereInput[],[39m
[31m     ?       OR?: WorkflowTemplateWhereInput[],[39m
[31m     ?       NOT?: WorkflowTemplateWhereInput | WorkflowTemplateWhereInput[],[39m
[31m     ?       name?: StringFilter | String,[39m
[31m     ?       requestType?: EnumRequestTypeFilter | RequestType,[39m
[31m     ?       isActive?: BoolFilter | Boolean,[39m
[31m     ?       description?: StringNullableFilter | String | Null,[39m
[31m     ?       createdAt?: DateTimeFilter | DateTime,[39m
[31m     ?       updatedAt?: DateTimeFilter | DateTime,[39m
[31m     ?       steps?: WorkflowStepListRelationFilter,[39m
[31m     ?       requests?: RequestListRelationFilter[39m
[31m           }[39m
[31m         },[39m
[31m         referenceNumber: "REQ-1783933411236",[39m
[31m         status: "DRAFT",[39m
[31m         purchaseDetail: {[39m
[31m           create: {[39m
[31m             estimatedCost: 1200[39m
[31m           }[39m
[31m         }[39m
[31m       }[39m
[31m     })[39m

[31mArgument `connect` of type WorkflowTemplateWhereUniqueInput needs at least one of `id` arguments. Available options are marked with ?. - /api/v1/requests - POST - ::ffff:127.0.0.1[39m
[2026-07-13 14:33:31:3331] [[31merror[39m]: [31m500 - [39m
[31mInvalid `prisma.request.create()` invocation in[39m
[31mC:/Users/vimal/OneDrive/Jubilee hospital demo/mediflow-core/server/src/request/request.service.ts:34:45[39m

[31m  31 if (cleanData.type === 'PURCHASE' && details) {[39m
[31m  32     requestData.purchaseDetail = { create: details };[39m
[31m  33 }[39m
[31m→ 34 const newRequest = await prisma.request.create({[39m
[31m       data: {[39m
[31m         title: "Cancel Test",[39m
[31m         type: "PURCHASE",[39m
[31m         requestedBy: {[39m
[31m           connect: {[39m
[31m             id: "5a12eef9-2bdd-485f-b56f-64929807c544"[39m
[31m           }[39m
[31m         },[39m
[31m         department: {[39m
[31m           connect: {[39m
[31m             id: "417fc17f-1e85-48e1-9884-3dc2b8c9bd38"[39m
[31m           }[39m
[31m         },[39m
[31m         workflowTemplate: {[39m
[31m           connect: {[39m
[31m             id: undefined,[39m
[31m     ?       AND?: WorkflowTemplateWhereInput | WorkflowTemplateWhereInput[],[39m
[31m     ?       OR?: WorkflowTemplateWhereInput[],[39m
[31m     ?       NOT?: WorkflowTemplateWhereInput | WorkflowTemplateWhereInput[],[39m
[31m     ?       name?: StringFilter | String,[39m
[31m     ?       requestType?: EnumRequestTypeFilter | RequestType,[39m
[31m     ?       isActive?: BoolFilter | Boolean,[39m
[31m     ?       description?: StringNullableFilter | String | Null,[39m
[31m     ?       createdAt?: DateTimeFilter | DateTime,[39m
[31m     ?       updatedAt?: DateTimeFilter | DateTime,[39m
[31m     ?       steps?: WorkflowStepListRelationFilter,[39m
[31m     ?       requests?: RequestListRelationFilter[39m
[31m           }[39m
[31m         },[39m
[31m         referenceNumber: "REQ-1783933411497",[39m
[31m         status: "DRAFT",[39m
[31m         purchaseDetail: {[39m
[31m           create: {[39m
[31m             estimatedCost: 800[39m
[31m           }[39m
[31m         }[39m
[31m       }[39m
[31m     })[39m

[31mArgument `connect` of type WorkflowTemplateWhereUniqueInput needs at least one of `id` arguments. Available options are marked with ?. - /api/v1/requests - POST - ::ffff:127.0.0.1[39m
[2026-07-13 14:33:55:3355] [[31merror[39m]: [31m500 - [39m
[31mInvalid `prisma.request.create()` invocation in[39m
[31mC:/Users/vimal/OneDrive/Jubilee hospital demo/mediflow-core/server/src/request/request.service.ts:34:45[39m

[31m  31 if (cleanData.type === 'PURCHASE' && details) {[39m
[31m  32     requestData.purchaseDetail = { create: details };[39m
[31m  33 }[39m
[31m→ 34 const newRequest = await prisma.request.create({[39m
[31m       data: {[39m
[31m         title: "Stationery Order",[39m
[31m         type: "PURCHASE",[39m
[31m         requestedBy: {[39m
[31m           connect: {[39m
[31m             id: "5a12eef9-2bdd-485f-b56f-64929807c544"[39m
[31m           }[39m
[31m         },[39m
[31m         department: {[39m
[31m           connect: {[39m
[31m             id: "417fc17f-1e85-48e1-9884-3dc2b8c9bd38"[39m
[31m           }[39m
[31m         },[39m
[31m         workflowTemplateId: undefined,[39m
[31m         referenceNumber: "REQ-1783933435305",[39m
[31m         status: "DRAFT",[39m
[31m         purchaseDetail: {[39m
[31m           create: {[39m
[31m             estimatedCost: 2000[39m
[31m           }[39m
[31m         },[39m
[31m     +   workflowTemplate: {[39m
[31m     +     create: WorkflowTemplateCreateWithoutRequestsInput | WorkflowTemplateUncheckedCreateWithoutRequestsInput,[39m
[31m     +     connectOrCreate: WorkflowTemplateCreateOrConnectWithoutRequestsInput,[39m
[31m     +     connect: WorkflowTemplateWhereUniqueInput[39m
[31m     +   }[39m
[31m       }[39m
[31m     })[39m

[31mArgument `workflowTemplate` is missing. - /api/v1/requests - POST - ::ffff:127.0.0.1[39m
[2026-07-13 14:33:55:3355] [[31merror[39m]: [31m500 - [39m
[31mInvalid `prisma.request.create()` invocation in[39m
[31mC:/Users/vimal/OneDrive/Jubilee hospital demo/mediflow-core/server/src/request/request.service.ts:34:45[39m

[31m  31 if (cleanData.type === 'PURCHASE' && details) {[39m
[31m  32     requestData.purchaseDetail = { create: details };[39m
[31m  33 }[39m
[31m→ 34 const newRequest = await prisma.request.create({[39m
[31m       data: {[39m
[31m         title: "Reject Test",[39m
[31m         type: "PURCHASE",[39m
[31m         requestedBy: {[39m
[31m           connect: {[39m
[31m             id: "5a12eef9-2bdd-485f-b56f-64929807c544"[39m
[31m           }[39m
[31m         },[39m
[31m         department: {[39m
[31m           connect: {[39m
[31m             id: "417fc17f-1e85-48e1-9884-3dc2b8c9bd38"[39m
[31m           }[39m
[31m         },[39m
[31m         workflowTemplateId: undefined,[39m
[31m         referenceNumber: "REQ-1783933435710",[39m
[31m         status: "DRAFT",[39m
[31m         purchaseDetail: {[39m
[31m           create: {[39m
[31m             estimatedCost: 1500[39m
[31m           }[39m
[31m         },[39m
[31m     +   workflowTemplate: {[39m
[31m     +     create: WorkflowTemplateCreateWithoutRequestsInput | WorkflowTemplateUncheckedCreateWithoutRequestsInput,[39m
[31m     +     connectOrCreate: WorkflowTemplateCreateOrConnectWithoutRequestsInput,[39m
[31m     +     connect: WorkflowTemplateWhereUniqueInput[39m
[31m     +   }[39m
[31m       }[39m
[31m     })[39m

[31mArgument `workflowTemplate` is missing. - /api/v1/requests - POST - ::ffff:127.0.0.1[39m
[2026-07-13 14:33:56:3356] [[31merror[39m]: [31m500 - [39m
[31mInvalid `prisma.request.create()` invocation in[39m
[31mC:/Users/vimal/OneDrive/Jubilee hospital demo/mediflow-core/server/src/request/request.service.ts:34:45[39m

[31m  31 if (cleanData.type === 'PURCHASE' && details) {[39m
[31m  32     requestData.purchaseDetail = { create: details };[39m
[31m  33 }[39m
[31m→ 34 const newRequest = await prisma.request.create({[39m
[31m       data: {[39m
[31m         title: "Needs Correction",[39m
[31m         type: "PURCHASE",[39m
[31m         requestedBy: {[39m
[31m           connect: {[39m
[31m             id: "5a12eef9-2bdd-485f-b56f-64929807c544"[39m
[31m           }[39m
[31m         },[39m
[31m         department: {[39m
[31m           connect: {[39m
[31m             id: "417fc17f-1e85-48e1-9884-3dc2b8c9bd38"[39m
[31m           }[39m
[31m         },[39m
[31m         workflowTemplateId: undefined,[39m
[31m         referenceNumber: "REQ-1783933436017",[39m
[31m         status: "DRAFT",[39m
[31m         purchaseDetail: {[39m
[31m           create: {[39m
[31m             estimatedCost: 1200[39m
[31m           }[39m
[31m         },[39m
[31m     +   workflowTemplate: {[39m
[31m     +     create: WorkflowTemplateCreateWithoutRequestsInput | WorkflowTemplateUncheckedCreateWithoutRequestsInput,[39m
[31m     +     connectOrCreate: WorkflowTemplateCreateOrConnectWithoutRequestsInput,[39m
[31m     +     connect: WorkflowTemplateWhereUniqueInput[39m
[31m     +   }[39m
[31m       }[39m
[31m     })[39m

[31mArgument `workflowTemplate` is missing. - /api/v1/requests - POST - ::ffff:127.0.0.1[39m
[2026-07-13 14:33:56:3356] [[31merror[39m]: [31m500 - [39m
[31mInvalid `prisma.request.create()` invocation in[39m
[31mC:/Users/vimal/OneDrive/Jubilee hospital demo/mediflow-core/server/src/request/request.service.ts:34:45[39m

[31m  31 if (cleanData.type === 'PURCHASE' && details) {[39m
[31m  32     requestData.purchaseDetail = { create: details };[39m
[31m  33 }[39m
[31m→ 34 const newRequest = await prisma.request.create({[39m
[31m       data: {[39m
[31m         title: "Cancel Test",[39m
[31m         type: "PURCHASE",[39m
[31m         requestedBy: {[39m
[31m           connect: {[39m
[31m             id: "5a12eef9-2bdd-485f-b56f-64929807c544"[39m
[31m           }[39m
[31m         },[39m
[31m         department: {[39m
[31m           connect: {[39m
[31m             id: "417fc17f-1e85-48e1-9884-3dc2b8c9bd38"[39m
[31m           }[39m
[31m         },[39m
[31m         workflowTemplateId: undefined,[39m
[31m         referenceNumber: "REQ-1783933436278",[39m
[31m         status: "DRAFT",[39m
[31m         purchaseDetail: {[39m
[31m           create: {[39m
[31m             estimatedCost: 800[39m
[31m           }[39m
[31m         },[39m
[31m     +   workflowTemplate: {[39m
[31m     +     create: WorkflowTemplateCreateWithoutRequestsInput | WorkflowTemplateUncheckedCreateWithoutRequestsInput,[39m
[31m     +     connectOrCreate: WorkflowTemplateCreateOrConnectWithoutRequestsInput,[39m
[31m     +     connect: WorkflowTemplateWhereUniqueInput[39m
[31m     +   }[39m
[31m       }[39m
[31m     })[39m

[31mArgument `workflowTemplate` is missing. - /api/v1/requests - POST - ::ffff:127.0.0.1[39m
[2026-07-13 14:36:50:3650] [[31merror[39m]: [31m500 - [39m
[31mInvalid `prisma.request.create()` invocation in[39m
[31mC:/Users/vimal/OneDrive/Jubilee hospital demo/mediflow-core/server/src/request/request.service.ts:46:45[39m

[31m  43 if (cleanData.type === 'PURCHASE' && details) {[39m
[31m  44     requestData.purchaseDetail = { create: details };[39m
[31m  45 }[39m
[31m→ 46 const newRequest = await prisma.request.create({[39m
[31m       data: {[39m
[31m         title: "Stationery Order",[39m
[31m         type: "PURCHASE",[39m
[31m         requestedBy: {[39m
[31m           connect: {[39m
[31m             id: "5a12eef9-2bdd-485f-b56f-64929807c544"[39m
[31m           }[39m
[31m         },[39m
[31m         department: {[39m
[31m           connect: {[39m
[31m             id: "417fc17f-1e85-48e1-9884-3dc2b8c9bd38"[39m
[31m           }[39m
[31m         },[39m
[31m         workflowTemplateId: "ddecc977-e6e9-4ebe-a021-71483d0dc3a6",[39m
[31m         referenceNumber: "REQ-1783933610721",[39m
[31m         status: "DRAFT",[39m
[31m         purchaseDetail: {[39m
[31m           create: {[39m
[31m             estimatedCost: 2000[39m
[31m           }[39m
[31m         },[39m
[31m     +   workflowTemplate: {[39m
[31m     +     create: WorkflowTemplateCreateWithoutRequestsInput | WorkflowTemplateUncheckedCreateWithoutRequestsInput,[39m
[31m     +     connectOrCreate: WorkflowTemplateCreateOrConnectWithoutRequestsInput,[39m
[31m     +     connect: WorkflowTemplateWhereUniqueInput[39m
[31m     +   }[39m
[31m       }[39m
[31m     })[39m

[31mArgument `workflowTemplate` is missing. - /api/v1/requests - POST - ::ffff:127.0.0.1[39m
[2026-07-13 14:36:51:3651] [[31merror[39m]: [31m500 - [39m
[31mInvalid `prisma.request.create()` invocation in[39m
[31mC:/Users/vimal/OneDrive/Jubilee hospital demo/mediflow-core/server/src/request/request.service.ts:46:45[39m

[31m  43 if (cleanData.type === 'PURCHASE' && details) {[39m
[31m  44     requestData.purchaseDetail = { create: details };[39m
[31m  45 }[39m
[31m→ 46 const newRequest = await prisma.request.create({[39m
[31m       data: {[39m
[31m         title: "Reject Test",[39m
[31m         type: "PURCHASE",[39m
[31m         requestedBy: {[39m
[31m           connect: {[39m
[31m             id: "5a12eef9-2bdd-485f-b56f-64929807c544"[39m
[31m           }[39m
[31m         },[39m
[31m         department: {[39m
[31m           connect: {[39m
[31m             id: "417fc17f-1e85-48e1-9884-3dc2b8c9bd38"[39m
[31m           }[39m
[31m         },[39m
[31m         workflowTemplateId: "ddecc977-e6e9-4ebe-a021-71483d0dc3a6",[39m
[31m         referenceNumber: "REQ-1783933611227",[39m
[31m         status: "DRAFT",[39m
[31m         purchaseDetail: {[39m
[31m           create: {[39m
[31m             estimatedCost: 1500[39m
[31m           }[39m
[31m         },[39m
[31m     +   workflowTemplate: {[39m
[31m     +     create: WorkflowTemplateCreateWithoutRequestsInput | WorkflowTemplateUncheckedCreateWithoutRequestsInput,[39m
[31m     +     connectOrCreate: WorkflowTemplateCreateOrConnectWithoutRequestsInput,[39m
[31m     +     connect: WorkflowTemplateWhereUniqueInput[39m
[31m     +   }[39m
[31m       }[39m
[31m     })[39m

[31mArgument `workflowTemplate` is missing. - /api/v1/requests - POST - ::ffff:127.0.0.1[39m
[2026-07-13 14:36:51:3651] [[31merror[39m]: [31m500 - [39m
[31mInvalid `prisma.request.create()` invocation in[39m
[31mC:/Users/vimal/OneDrive/Jubilee hospital demo/mediflow-core/server/src/request/request.service.ts:46:45[39m

[31m  43 if (cleanData.type === 'PURCHASE' && details) {[39m
[31m  44     requestData.purchaseDetail = { create: details };[39m
[31m  45 }[39m
[31m→ 46 const newRequest = await prisma.request.create({[39m
[31m       data: {[39m
[31m         title: "Needs Correction",[39m
[31m         type: "PURCHASE",[39m
[31m         requestedBy: {[39m
[31m           connect: {[39m
[31m             id: "5a12eef9-2bdd-485f-b56f-64929807c544"[39m
[31m           }[39m
[31m         },[39m
[31m         department: {[39m
[31m           connect: {[39m
[31m             id: "417fc17f-1e85-48e1-9884-3dc2b8c9bd38"[39m
[31m           }[39m
[31m         },[39m
[31m         workflowTemplateId: "ddecc977-e6e9-4ebe-a021-71483d0dc3a6",[39m
[31m         referenceNumber: "REQ-1783933611637",[39m
[31m         status: "DRAFT",[39m
[31m         purchaseDetail: {[39m
[31m           create: {[39m
[31m             estimatedCost: 1200[39m
[31m           }[39m
[31m         },[39m
[31m     +   workflowTemplate: {[39m
[31m     +     create: WorkflowTemplateCreateWithoutRequestsInput | WorkflowTemplateUncheckedCreateWithoutRequestsInput,[39m
[31m     +     connectOrCreate: WorkflowTemplateCreateOrConnectWithoutRequestsInput,[39m
[31m     +     connect: WorkflowTemplateWhereUniqueInput[39m
[31m     +   }[39m
[31m       }[39m
[31m     })[39m

[31mArgument `workflowTemplate` is missing. - /api/v1/requests - POST - ::ffff:127.0.0.1[39m
[2026-07-13 14:36:52:3652] [[31merror[39m]: [31m500 - [39m
[31mInvalid `prisma.request.create()` invocation in[39m
[31mC:/Users/vimal/OneDrive/Jubilee hospital demo/mediflow-core/server/src/request/request.service.ts:46:45[39m

[31m  43 if (cleanData.type === 'PURCHASE' && details) {[39m
[31m  44     requestData.purchaseDetail = { create: details };[39m
[31m  45 }[39m
[31m→ 46 const newRequest = await prisma.request.create({[39m
[31m       data: {[39m
[31m         title: "Cancel Test",[39m
[31m         type: "PURCHASE",[39m
[31m         requestedBy: {[39m
[31m           connect: {[39m
[31m             id: "5a12eef9-2bdd-485f-b56f-64929807c544"[39m
[31m           }[39m
[31m         },[39m
[31m         department: {[39m
[31m           connect: {[39m
[31m             id: "417fc17f-1e85-48e1-9884-3dc2b8c9bd38"[39m
[31m           }[39m
[31m         },[39m
[31m         workflowTemplateId: "ddecc977-e6e9-4ebe-a021-71483d0dc3a6",[39m
[31m         referenceNumber: "REQ-1783933612048",[39m
[31m         status: "DRAFT",[39m
[31m         purchaseDetail: {[39m
[31m           create: {[39m
[31m             estimatedCost: 800[39m
[31m           }[39m
[31m         },[39m
[31m     +   workflowTemplate: {[39m
[31m     +     create: WorkflowTemplateCreateWithoutRequestsInput | WorkflowTemplateUncheckedCreateWithoutRequestsInput,[39m
[31m     +     connectOrCreate: WorkflowTemplateCreateOrConnectWithoutRequestsInput,[39m
[31m     +     connect: WorkflowTemplateWhereUniqueInput[39m
[31m     +   }[39m
[31m       }[39m
[31m     })[39m

[31mArgument `workflowTemplate` is missing. - /api/v1/requests - POST - ::ffff:127.0.0.1[39m
[2026-07-13 14:37:22:3722] [[31merror[39m]: [31m500 - [39m
[31mInvalid `prisma.request.create()` invocation in[39m
[31mC:/Users/vimal/OneDrive/Jubilee hospital demo/mediflow-core/server/src/request/request.service.ts:46:45[39m

[31m  43 if (cleanData.type === 'PURCHASE' && details) {[39m
[31m  44     requestData.purchaseDetail = { create: details };[39m
[31m  45 }[39m
[31m→ 46 const newRequest = await prisma.request.create({[39m
[31m       data: {[39m
[31m         title: "Stationery Order",[39m
[31m         type: "PURCHASE",[39m
[31m         requestedBy: {[39m
[31m           connect: {[39m
[31m             id: "5a12eef9-2bdd-485f-b56f-64929807c544"[39m
[31m           }[39m
[31m         },[39m
[31m         department: {[39m
[31m           connect: {[39m
[31m             id: "417fc17f-1e85-48e1-9884-3dc2b8c9bd38"[39m
[31m           }[39m
[31m         },[39m
[31m         workflowTemplate: {[39m
[31m           connect: {[39m
[31m             id: "ddecc977-e6e9-4ebe-a021-71483d0dc3a6"[39m
[31m           }[39m
[31m         },[39m
[31m         referenceNumber: "REQ-1783933641954",[39m
[31m         status: "DRAFT",[39m
[31m         purchaseDetail: {[39m
[31m           create: {[39m
[31m             estimatedCost: 2000,[39m
[31m     +       itemDescription: String[39m
[31m           }[39m
[31m         }[39m
[31m       }[39m
[31m     })[39m

[31mArgument `itemDescription` is missing. - /api/v1/requests - POST - ::ffff:127.0.0.1[39m
[2026-07-13 14:37:22:3722] [[31merror[39m]: [31m500 - [39m
[31mInvalid `prisma.request.create()` invocation in[39m
[31mC:/Users/vimal/OneDrive/Jubilee hospital demo/mediflow-core/server/src/request/request.service.ts:46:45[39m

[31m  43 if (cleanData.type === 'PURCHASE' && details) {[39m
[31m  44     requestData.purchaseDetail = { create: details };[39m
[31m  45 }[39m
[31m→ 46 const newRequest = await prisma.request.create({[39m
[31m       data: {[39m
[31m         title: "Reject Test",[39m
[31m         type: "PURCHASE",[39m
[31m         requestedBy: {[39m
[31m           connect: {[39m
[31m             id: "5a12eef9-2bdd-485f-b56f-64929807c544"[39m
[31m           }[39m
[31m         },[39m
[31m         department: {[39m
[31m           connect: {[39m
[31m             id: "417fc17f-1e85-48e1-9884-3dc2b8c9bd38"[39m
[31m           }[39m
[31m         },[39m
[31m         workflowTemplate: {[39m
[31m           connect: {[39m
[31m             id: "ddecc977-e6e9-4ebe-a021-71483d0dc3a6"[39m
[31m           }[39m
[31m         },[39m
[31m         referenceNumber: "REQ-1783933642359",[39m
[31m         status: "DRAFT",[39m
[31m         purchaseDetail: {[39m
[31m           create: {[39m
[31m             estimatedCost: 1500,[39m
[31m     +       itemDescription: String[39m
[31m           }[39m
[31m         }[39m
[31m       }[39m
[31m     })[39m

[31mArgument `itemDescription` is missing. - /api/v1/requests - POST - ::ffff:127.0.0.1[39m
[2026-07-13 14:37:22:3722] [[31merror[39m]: [31m500 - [39m
[31mInvalid `prisma.request.create()` invocation in[39m
[31mC:/Users/vimal/OneDrive/Jubilee hospital demo/mediflow-core/server/src/request/request.service.ts:46:45[39m

[31m  43 if (cleanData.type === 'PURCHASE' && details) {[39m
[31m  44     requestData.purchaseDetail = { create: details };[39m
[31m  45 }[39m
[31m→ 46 const newRequest = await prisma.request.create({[39m
[31m       data: {[39m
[31m         title: "Needs Correction",[39m
[31m         type: "PURCHASE",[39m
[31m         requestedBy: {[39m
[31m           connect: {[39m
[31m             id: "5a12eef9-2bdd-485f-b56f-64929807c544"[39m
[31m           }[39m
[31m         },[39m
[31m         department: {[39m
[31m           connect: {[39m
[31m             id: "417fc17f-1e85-48e1-9884-3dc2b8c9bd38"[39m
[31m           }[39m
[31m         },[39m
[31m         workflowTemplate: {[39m
[31m           connect: {[39m
[31m             id: "ddecc977-e6e9-4ebe-a021-71483d0dc3a6"[39m
[31m           }[39m
[31m         },[39m
[31m         referenceNumber: "REQ-1783933642682",[39m
[31m         status: "DRAFT",[39m
[31m         purchaseDetail: {[39m
[31m           create: {[39m
[31m             estimatedCost: 1200,[39m
[31m     +       itemDescription: String[39m
[31m           }[39m
[31m         }[39m
[31m       }[39m
[31m     })[39m

[31mArgument `itemDescription` is missing. - /api/v1/requests - POST - ::ffff:127.0.0.1[39m
[2026-07-13 14:37:23:3723] [[31merror[39m]: [31m500 - [39m
[31mInvalid `prisma.request.create()` invocation in[39m
[31mC:/Users/vimal/OneDrive/Jubilee hospital demo/mediflow-core/server/src/request/request.service.ts:46:45[39m

[31m  43 if (cleanData.type === 'PURCHASE' && details) {[39m
[31m  44     requestData.purchaseDetail = { create: details };[39m
[31m  45 }[39m
[31m→ 46 const newRequest = await prisma.request.create({[39m
[31m       data: {[39m
[31m         title: "Cancel Test",[39m
[31m         type: "PURCHASE",[39m
[31m         requestedBy: {[39m
[31m           connect: {[39m
[31m             id: "5a12eef9-2bdd-485f-b56f-64929807c544"[39m
[31m           }[39m
[31m         },[39m
[31m         department: {[39m
[31m           connect: {[39m
[31m             id: "417fc17f-1e85-48e1-9884-3dc2b8c9bd38"[39m
[31m           }[39m
[31m         },[39m
[31m         workflowTemplate: {[39m
[31m           connect: {[39m
[31m             id: "ddecc977-e6e9-4ebe-a021-71483d0dc3a6"[39m
[31m           }[39m
[31m         },[39m
[31m         referenceNumber: "REQ-1783933643076",[39m
[31m         status: "DRAFT",[39m
[31m         purchaseDetail: {[39m
[31m           create: {[39m
[31m             estimatedCost: 800,[39m
[31m     +       itemDescription: String[39m
[31m           }[39m
[31m         }[39m
[31m       }[39m
[31m     })[39m

[31mArgument `itemDescription` is missing. - /api/v1/requests - POST - ::ffff:127.0.0.1[39m
[2026-07-13 14:38:00:380] [[31merror[39m]: [31m404 - Can't find /api/v1/requests/889b1ec3-6a15-4377-ab33-e840c43cae93/approve on this server! - /api/v1/requests/889b1ec3-6a15-4377-ab33-e840c43cae93/approve - POST - ::ffff:127.0.0.1[39m
[2026-07-13 14:38:02:382] [[31merror[39m]: [31m404 - Can't find /api/v1/requests/eaf53b79-aa92-47ae-beb4-2b9e98b89adc/reject on this server! - /api/v1/requests/eaf53b79-aa92-47ae-beb4-2b9e98b89adc/reject - POST - ::ffff:127.0.0.1[39m
[2026-07-13 14:38:04:384] [[31merror[39m]: [31m404 - Can't find /api/v1/requests/8b38f4c5-ea12-4f33-8204-883b14d1d36b/return on this server! - /api/v1/requests/8b38f4c5-ea12-4f33-8204-883b14d1d36b/return - POST - ::ffff:127.0.0.1[39m
[2026-07-13 22:44:33:4433] [[31merror[39m]: [31m500 - WorkflowEngine is not defined - /api/v1/requests/3a3c8d61-2734-441d-8e9e-099aa344b2fb/submit - POST - ::ffff:127.0.0.1[39m
[2026-07-13 22:44:34:4434] [[31merror[39m]: [31m500 - WorkflowEngine is not defined - /api/v1/requests/a1a70700-ca18-4535-9db5-3592278515e1/submit - POST - ::ffff:127.0.0.1[39m
[2026-07-13 22:44:35:4435] [[31merror[39m]: [31m500 - WorkflowEngine is not defined - /api/v1/requests/ca3c0ddd-116e-4fd6-aba9-306249f43836/submit - POST - ::ffff:127.0.0.1[39m
[2026-07-13 22:44:36:4436] [[31merror[39m]: [31m500 - WorkflowEngine is not defined - /api/v1/requests/2b460347-230e-4c45-964d-6d953eee955f/cancel - POST - ::ffff:127.0.0.1[39m
[2026-07-13 23:26:06:266] [[32minfo[39m]: [32mServer is running in development mode on port 5000[39m
[2026-07-14 09:54:19:5419] [[32minfo[39m]: [32mServer is running in development mode on port 5000[39m
[2026-07-14 10:06:49:649] [[31merror[39m]: [31m401 - Invalid email or password. - /api/v1/auth/login - POST - ::1[39m
[2026-07-14 10:06:49:649] [[31merror[39m]: [31mError: Invalid email or password.[39m
[31m    at <anonymous> (C:\Users\vimal\OneDrive\Jubilee hospital demo\mediflow-core\server\src\routes\auth.ts:25:19)[39m
[31m    at process.processTicksAndRejections (node:internal/process/task_queues:103:5)[39m
[2026-07-14 10:07:21:721] [[31merror[39m]: [31m401 - Invalid email or password. - /api/v1/auth/login - POST - ::1[39m
[2026-07-14 10:07:21:721] [[31merror[39m]: [31mError: Invalid email or password.[39m
[31m    at <anonymous> (C:\Users\vimal\OneDrive\Jubilee hospital demo\mediflow-core\server\src\routes\auth.ts:25:19)[39m
[31m    at process.processTicksAndRejections (node:internal/process/task_queues:103:5)[39m
[2026-07-14 10:07:46:746] [[31merror[39m]: [31m401 - Invalid email or password. - /api/v1/auth/login - POST - ::1[39m
[2026-07-14 10:07:46:746] [[31merror[39m]: [31mError: Invalid email or password.[39m
[31m    at <anonymous> (C:\Users\vimal\OneDrive\Jubilee hospital demo\mediflow-core\server\src\routes\auth.ts:25:19)[39m
[31m    at process.processTicksAndRejections (node:internal/process/task_queues:103:5)[39m
[2026-07-14 10:21:29:2129] [[32minfo[39m]: [32mServer is running in development mode on port 5000[39m
[2026-07-14 10:50:15:5015] [[32minfo[39m]: [32mServer is running in development mode on port 5000[39m
[2026-07-14 11:36:14:3614] [[32minfo[39m]: [32mServer is running in development mode on port 5000[39m
[2026-07-14 22:30:44:3044] [[32minfo[39m]: [32mServer is running in development mode on port 5000[39m
[2026-07-14 22:36:28:3628] [[32minfo[39m]: [32mServer is running in development mode on port 5000[39m
[2026-07-14 22:38:50:3850] [[31merror[39m]: [31m500 - [39m
[31mInvalid `prisma.approvalAction.findMany()` invocation in[39m
[31mC:\Users\vimal\OneDrive\Jubilee hospital demo\mediflow-core\server\src\request\request.service.ts:296:34[39m

[31m  293 static async getComments(requestId: string, actor: AuthUser) {[39m
[31m  294   // Ensure the user can view the request[39m
[31m  295   await this.getRequestById(requestId, actor);[39m
[31m→ 296   return prisma.approvalAction.findMany({[39m
[31m          where: {[39m
[31m            requestId: "1b377edc-7782-4ed5-9415-d49e75c91365",[39m
[31m            action: undefined[39m
[31m          },[39m
[31m          select: {[39m
[31m            id: true,[39m
[31m            comment: true,[39m
[31m            actorId: true,[39m
[31m            createdAt: true,[39m
[31m            ~~~~~~~~~[39m
[31m        ?   requestId?: true,[39m
[31m        ?   stepId?: true,[39m
[31m        ?   action?: true,[39m
[31m        ?   takenAt?: true,[39m
[31m        ?   request?: true[39m
[31m          }[39m
[31m        })[39m

[31mUnknown field `createdAt` for select statement on model `ApprovalAction`. Available options are marked with ?. - /api/v1/requests/1b377edc-7782-4ed5-9415-d49e75c91365/comments - GET - ::1[39m
[2026-07-14 22:38:50:3850] [[31merror[39m]: [31mPrismaClientValidationError: [39m
[31mInvalid `prisma.approvalAction.findMany()` invocation in[39m
[31mC:\Users\vimal\OneDrive\Jubilee hospital demo\mediflow-core\server\src\request\request.service.ts:296:34[39m

[31m  293 static async getComments(requestId: string, actor: AuthUser) {[39m
[31m  294   // Ensure the user can view the request[39m
[31m  295   await this.getRequestById(requestId, actor);[39m
[31m→ 296   return prisma.approvalAction.findMany({[39m
[31m          where: {[39m
[31m            requestId: "1b377edc-7782-4ed5-9415-d49e75c91365",[39m
[31m            action: undefined[39m
[31m          },[39m
[31m          select: {[39m
[31m            id: true,[39m
[31m            comment: true,[39m
[31m            actorId: true,[39m
[31m            createdAt: true,[39m
[31m            ~~~~~~~~~[39m
[31m        ?   requestId?: true,[39m
[31m        ?   stepId?: true,[39m
[31m        ?   action?: true,[39m
[31m        ?   takenAt?: true,[39m
[31m        ?   request?: true[39m
[31m          }[39m
[31m        })[39m

[31mUnknown field `createdAt` for select statement on model `ApprovalAction`. Available options are marked with ?.[39m
[31m    at throwValidationException (C:\Users\vimal\OneDrive\Jubilee hospital demo\mediflow-core\server\node_modules\@prisma\client\src\runtime\core\errorRendering\throwValidationException.ts:46:9)[39m
[31m    at zr.handleRequestError (C:\Users\vimal\OneDrive\Jubilee hospital demo\mediflow-core\server\node_modules\@prisma\client\src\runtime\RequestHandler.ts:211:7)[39m
[31m    at zr.handleAndLogRequestError (C:\Users\vimal\OneDrive\Jubilee hospital demo\mediflow-core\server\node_modules\@prisma\client\src\runtime\RequestHandler.ts:183:12)[39m
[31m    at zr.request (C:\Users\vimal\OneDrive\Jubilee hospital demo\mediflow-core\server\node_modules\@prisma\client\src\runtime\RequestHandler.ts:152:12)[39m
[31m    at process.processTicksAndRejections (node:internal/process/task_queues:103:5)[39m
[31m    at async a (C:\Users\vimal\OneDrive\Jubilee hospital demo\mediflow-core\server\node_modules\@prisma\client\src\runtime\getPrismaClient.ts:963:24)[39m
[31m    at async getComments (C:\Users\vimal\OneDrive\Jubilee hospital demo\mediflow-core\server\src\controllers\request.controller.ts:104:20)[39m
[2026-07-14 22:38:50:3850] [[31merror[39m]: [31m500 - Cannot read properties of undefined (reading 'findMany') - /api/v1/requests/1b377edc-7782-4ed5-9415-d49e75c91365/documents - GET - ::1[39m
[2026-07-14 22:38:50:3850] [[31merror[39m]: [31mTypeError: Cannot read properties of undefined (reading 'findMany')[39m
[31m    at RequestService.getDocuments (C:\Users\vimal\OneDrive\Jubilee hospital demo\mediflow-core\server\src\request\request.service.ts:312:28)[39m
[31m    at process.processTicksAndRejections (node:internal/process/task_queues:103:5)[39m
[31m    at async getDocuments (C:\Users\vimal\OneDrive\Jubilee hospital demo\mediflow-core\server\src\controllers\request.controller.ts:110:21)[39m
[2026-07-14 22:38:50:3850] [[31merror[39m]: [31m500 - [39m
[31mInvalid `prisma.approvalAction.findMany()` invocation in[39m
[31mC:\Users\vimal\OneDrive\Jubilee hospital demo\mediflow-core\server\src\request\request.service.ts:296:34[39m

[31m  293 static async getComments(requestId: string, actor: AuthUser) {[39m
[31m  294   // Ensure the user can view the request[39m
[31m  295   await this.getRequestById(requestId, actor);[39m
[31m→ 296   return prisma.approvalAction.findMany({[39m
[31m          where: {[39m
[31m            requestId: "1b377edc-7782-4ed5-9415-d49e75c91365",[39m
[31m            action: undefined[39m
[31m          },[39m
[31m          select: {[39m
[31m            id: true,[39m
[31m            comment: true,[39m
[31m            actorId: true,[39m
[31m            createdAt: true,[39m
[31m            ~~~~~~~~~[39m
[31m        ?   requestId?: true,[39m
[31m        ?   stepId?: true,[39m
[31m        ?   action?: true,[39m
[31m        ?   takenAt?: true,[39m
[31m        ?   request?: true[39m
[31m          }[39m
[31m        })[39m

[31mUnknown field `createdAt` for select statement on model `ApprovalAction`. Available options are marked with ?. - /api/v1/requests/1b377edc-7782-4ed5-9415-d49e75c91365/comments - GET - ::1[39m
[2026-07-14 22:38:50:3850] [[31merror[39m]: [31mPrismaClientValidationError: [39m
[31mInvalid `prisma.approvalAction.findMany()` invocation in[39m
[31mC:\Users\vimal\OneDrive\Jubilee hospital demo\mediflow-core\server\src\request\request.service.ts:296:34[39m

[31m  293 static async getComments(requestId: string, actor: AuthUser) {[39m
[31m  294   // Ensure the user can view the request[39m
[31m  295   await this.getRequestById(requestId, actor);[39m
[31m→ 296   return prisma.approvalAction.findMany({[39m
[31m          where: {[39m
[31m            requestId: "1b377edc-7782-4ed5-9415-d49e75c91365",[39m
[31m            action: undefined[39m
[31m          },[39m
[31m          select: {[39m
[31m            id: true,[39m
[31m            comment: true,[39m
[31m            actorId: true,[39m
[31m            createdAt: true,[39m
[31m            ~~~~~~~~~[39m
[31m        ?   requestId?: true,[39m
[31m        ?   stepId?: true,[39m
[31m        ?   action?: true,[39m
[31m        ?   takenAt?: true,[39m
[31m        ?   request?: true[39m
[31m          }[39m
[31m        })[39m

[31mUnknown field `createdAt` for select statement on model `ApprovalAction`. Available options are marked with ?.[39m
[31m    at throwValidationException (C:\Users\vimal\OneDrive\Jubilee hospital demo\mediflow-core\server\node_modules\@prisma\client\src\runtime\core\errorRendering\throwValidationException.ts:46:9)[39m
[31m    at zr.handleRequestError (C:\Users\vimal\OneDrive\Jubilee hospital demo\mediflow-core\server\node_modules\@prisma\client\src\runtime\RequestHandler.ts:211:7)[39m
[31m    at zr.handleAndLogRequestError (C:\Users\vimal\OneDrive\Jubilee hospital demo\mediflow-core\server\node_modules\@prisma\client\src\runtime\RequestHandler.ts:183:12)[39m
[31m    at zr.request (C:\Users\vimal\OneDrive\Jubilee hospital demo\mediflow-core\server\node_modules\@prisma\client\src\runtime\RequestHandler.ts:152:12)[39m
[31m    at process.processTicksAndRejections (node:internal/process/task_queues:103:5)[39m
[31m    at async a (C:\Users\vimal\OneDrive\Jubilee hospital demo\mediflow-core\server\node_modules\@prisma\client\src\runtime\getPrismaClient.ts:963:24)[39m
[31m    at async getComments (C:\Users\vimal\OneDrive\Jubilee hospital demo\mediflow-core\server\src\controllers\request.controller.ts:104:20)[39m
[2026-07-14 22:38:51:3851] [[31merror[39m]: [31m500 - Cannot read properties of undefined (reading 'findMany') - /api/v1/requests/1b377edc-7782-4ed5-9415-d49e75c91365/documents - GET - ::1[39m
[2026-07-14 22:38:51:3851] [[31merror[39m]: [31mTypeError: Cannot read properties of undefined (reading 'findMany')[39m
[31m    at RequestService.getDocuments (C:\Users\vimal\OneDrive\Jubilee hospital demo\mediflow-core\server\src\request\request.service.ts:312:28)[39m
[31m    at process.processTicksAndRejections (node:internal/process/task_queues:103:5)[39m
[31m    at async getDocuments (C:\Users\vimal\OneDrive\Jubilee hospital demo\mediflow-core\server\src\controllers\request.controller.ts:110:21)[39m
[2026-07-14 22:44:02:442] [[31merror[39m]: [31m500 - Cannot read properties of undefined (reading 'findMany') - /api/v1/requests/1b377edc-7782-4ed5-9415-d49e75c91365/documents - GET - ::1[39m
[2026-07-14 22:44:02:442] [[31merror[39m]: [31mTypeError: Cannot read properties of undefined (reading 'findMany')[39m
[31m    at RequestService.getDocuments (C:\Users\vimal\OneDrive\Jubilee hospital demo\mediflow-core\server\src\request\request.service.ts:312:28)[39m
[31m    at process.processTicksAndRejections (node:internal/process/task_queues:103:5)[39m
[31m    at async getDocuments (C:\Users\vimal\OneDrive\Jubilee hospital demo\mediflow-core\server\src\controllers\request.controller.ts:110:21)[39m
[2026-07-14 22:44:03:443] [[31merror[39m]: [31m500 - [39m
[31mInvalid `prisma.approvalAction.findMany()` invocation in[39m
[31mC:\Users\vimal\OneDrive\Jubilee hospital demo\mediflow-core\server\src\request\request.service.ts:296:34[39m

[31m  293 static async getComments(requestId: string, actor: AuthUser) {[39m
[31m  294   // Ensure the user can view the request[39m
[31m  295   await this.getRequestById(requestId, actor);[39m
[31m→ 296   return prisma.approvalAction.findMany({[39m
[31m          where: {[39m
[31m            requestId: "1b377edc-7782-4ed5-9415-d49e75c91365",[39m
[31m            action: undefined[39m
[31m          },[39m
[31m          select: {[39m
[31m            id: true,[39m
[31m            comment: true,[39m
[31m            actorId: true,[39m
[31m            createdAt: true,[39m
[31m            ~~~~~~~~~[39m
[31m        ?   requestId?: true,[39m
[31m        ?   stepId?: true,[39m
[31m        ?   action?: true,[39m
[31m        ?   takenAt?: true,[39m
[31m        ?   request?: true[39m
[31m          }[39m
[31m        })[39m

[31mUnknown field `createdAt` for select statement on model `ApprovalAction`. Available options are marked with ?. - /api/v1/requests/1b377edc-7782-4ed5-9415-d49e75c91365/comments - GET - ::1[39m
[2026-07-14 22:44:03:443] [[31merror[39m]: [31mPrismaClientValidationError: [39m
[31mInvalid `prisma.approvalAction.findMany()` invocation in[39m
[31mC:\Users\vimal\OneDrive\Jubilee hospital demo\mediflow-core\server\src\request\request.service.ts:296:34[39m

[31m  293 static async getComments(requestId: string, actor: AuthUser) {[39m
[31m  294   // Ensure the user can view the request[39m
[31m  295   await this.getRequestById(requestId, actor);[39m
[31m→ 296   return prisma.approvalAction.findMany({[39m
[31m          where: {[39m
[31m            requestId: "1b377edc-7782-4ed5-9415-d49e75c91365",[39m
[31m            action: undefined[39m
[31m          },[39m
[31m          select: {[39m
[31m            id: true,[39m
[31m            comment: true,[39m
[31m            actorId: true,[39m
[31m            createdAt: true,[39m
[31m            ~~~~~~~~~[39m
[31m        ?   requestId?: true,[39m
[31m        ?   stepId?: true,[39m
[31m        ?   action?: true,[39m
[31m        ?   takenAt?: true,[39m
[31m        ?   request?: true[39m
[31m          }[39m
[31m        })[39m

[31mUnknown field `createdAt` for select statement on model `ApprovalAction`. Available options are marked with ?.[39m
[31m    at throwValidationException (C:\Users\vimal\OneDrive\Jubilee hospital demo\mediflow-core\server\node_modules\@prisma\client\src\runtime\core\errorRendering\throwValidationException.ts:46:9)[39m
[31m    at zr.handleRequestError (C:\Users\vimal\OneDrive\Jubilee hospital demo\mediflow-core\server\node_modules\@prisma\client\src\runtime\RequestHandler.ts:211:7)[39m
[31m    at zr.handleAndLogRequestError (C:\Users\vimal\OneDrive\Jubilee hospital demo\mediflow-core\server\node_modules\@prisma\client\src\runtime\RequestHandler.ts:183:12)[39m
[31m    at zr.request (C:\Users\vimal\OneDrive\Jubilee hospital demo\mediflow-core\server\node_modules\@prisma\client\src\runtime\RequestHandler.ts:152:12)[39m
[31m    at process.processTicksAndRejections (node:internal/process/task_queues:103:5)[39m
[31m    at async a (C:\Users\vimal\OneDrive\Jubilee hospital demo\mediflow-core\server\node_modules\@prisma\client\src\runtime\getPrismaClient.ts:963:24)[39m
[31m    at async getComments (C:\Users\vimal\OneDrive\Jubilee hospital demo\mediflow-core\server\src\controllers\request.controller.ts:104:20)[39m
[2026-07-14 22:44:03:443] [[31merror[39m]: [31m500 - Cannot read properties of undefined (reading 'findMany') - /api/v1/requests/1b377edc-7782-4ed5-9415-d49e75c91365/documents - GET - ::1[39m
[2026-07-14 22:44:03:443] [[31merror[39m]: [31mTypeError: Cannot read properties of undefined (reading 'findMany')[39m
[31m    at RequestService.getDocuments (C:\Users\vimal\OneDrive\Jubilee hospital demo\mediflow-core\server\src\request\request.service.ts:312:28)[39m
[31m    at process.processTicksAndRejections (node:internal/process/task_queues:103:5)[39m
[31m    at async getDocuments (C:\Users\vimal\OneDrive\Jubilee hospital demo\mediflow-core\server\src\controllers\request.controller.ts:110:21)[39m
[2026-07-14 22:44:04:444] [[31merror[39m]: [31m500 - [39m
[31mInvalid `prisma.approvalAction.findMany()` invocation in[39m
[31mC:\Users\vimal\OneDrive\Jubilee hospital demo\mediflow-core\server\src\request\request.service.ts:296:34[39m

[31m  293 static async getComments(requestId: string, actor: AuthUser) {[39m
[31m  294   // Ensure the user can view the request[39m
[31m  295   await this.getRequestById(requestId, actor);[39m
[31m→ 296   return prisma.approvalAction.findMany({[39m
[31m          where: {[39m
[31m            requestId: "1b377edc-7782-4ed5-9415-d49e75c91365",[39m
[31m            action: undefined[39m
[31m          },[39m
[31m          select: {[39m
[31m            id: true,[39m
[31m            comment: true,[39m
[31m            actorId: true,[39m
[31m            createdAt: true,[39m
[31m            ~~~~~~~~~[39m
[31m        ?   requestId?: true,[39m
[31m        ?   stepId?: true,[39m
[31m        ?   action?: true,[39m
[31m        ?   takenAt?: true,[39m
[31m        ?   request?: true[39m
[31m          }[39m
[31m        })[39m

[31mUnknown field `createdAt` for select statement on model `ApprovalAction`. Available options are marked with ?. - /api/v1/requests/1b377edc-7782-4ed5-9415-d49e75c91365/comments - GET - ::1[39m
[2026-07-14 22:44:04:444] [[31merror[39m]: [31mPrismaClientValidationError: [39m
[31mInvalid `prisma.approvalAction.findMany()` invocation in[39m
[31mC:\Users\vimal\OneDrive\Jubilee hospital demo\mediflow-core\server\src\request\request.service.ts:296:34[39m

[31m  293 static async getComments(requestId: string, actor: AuthUser) {[39m
[31m  294   // Ensure the user can view the request[39m
[31m  295   await this.getRequestById(requestId, actor);[39m
[31m→ 296   return prisma.approvalAction.findMany({[39m
[31m          where: {[39m
[31m            requestId: "1b377edc-7782-4ed5-9415-d49e75c91365",[39m
[31m            action: undefined[39m
[31m          },[39m
[31m          select: {[39m
[31m            id: true,[39m
[31m            comment: true,[39m
[31m            actorId: true,[39m
[31m            createdAt: true,[39m
[31m            ~~~~~~~~~[39m
[31m        ?   requestId?: true,[39m
[31m        ?   stepId?: true,[39m
[31m        ?   action?: true,[39m
[31m        ?   takenAt?: true,[39m
[31m        ?   request?: true[39m
[31m          }[39m
[31m        })[39m

[31mUnknown field `createdAt` for select statement on model `ApprovalAction`. Available options are marked with ?.[39m
[31m    at throwValidationException (C:\Users\vimal\OneDrive\Jubilee hospital demo\mediflow-core\server\node_modules\@prisma\client\src\runtime\core\errorRendering\throwValidationException.ts:46:9)[39m
[31m    at zr.handleRequestError (C:\Users\vimal\OneDrive\Jubilee hospital demo\mediflow-core\server\node_modules\@prisma\client\src\runtime\RequestHandler.ts:211:7)[39m
[31m    at zr.handleAndLogRequestError (C:\Users\vimal\OneDrive\Jubilee hospital demo\mediflow-core\server\node_modules\@prisma\client\src\runtime\RequestHandler.ts:183:12)[39m
[31m    at zr.request (C:\Users\vimal\OneDrive\Jubilee hospital demo\mediflow-core\server\node_modules\@prisma\client\src\runtime\RequestHandler.ts:152:12)[39m
[31m    at process.processTicksAndRejections (node:internal/process/task_queues:103:5)[39m
[31m    at async a (C:\Users\vimal\OneDrive\Jubilee hospital demo\mediflow-core\server\node_modules\@prisma\client\src\runtime\getPrismaClient.ts:963:24)[39m
[31m    at async getComments (C:\Users\vimal\OneDrive\Jubilee hospital demo\mediflow-core\server\src\controllers\request.controller.ts:104:20)[39m
[2026-07-14 22:46:39:4639] [[31merror[39m]: [31m500 - [39m
[31mInvalid `prisma.approvalAction.findMany()` invocation in[39m
[31mC:\Users\vimal\OneDrive\Jubilee hospital demo\mediflow-core\server\src\request\request.service.ts:296:34[39m

[31m  293 static async getComments(requestId: string, actor: AuthUser) {[39m
[31m  294   // Ensure the user can view the request[39m
[31m  295   await this.getRequestById(requestId, actor);[39m
[31m→ 296   return prisma.approvalAction.findMany({[39m
[31m          where: {[39m
[31m            requestId: "c0aae55d-6917-42ca-859f-928e588cda90",[39m
[31m            action: undefined[39m
[31m          },[39m
[31m          select: {[39m
[31m            id: true,[39m
[31m            comment: true,[39m
[31m            actorId: true,[39m
[31m            createdAt: true,[39m
[31m            ~~~~~~~~~[39m
[31m        ?   requestId?: true,[39m
[31m        ?   stepId?: true,[39m
[31m        ?   action?: true,[39m
[31m        ?   takenAt?: true,[39m
[31m        ?   request?: true[39m
[31m          }[39m
[31m        })[39m

[31mUnknown field `createdAt` for select statement on model `ApprovalAction`. Available options are marked with ?. - /api/v1/requests/c0aae55d-6917-42ca-859f-928e588cda90/comments - GET - ::1[39m
[2026-07-14 22:46:39:4639] [[31merror[39m]: [31mPrismaClientValidationError: [39m
[31mInvalid `prisma.approvalAction.findMany()` invocation in[39m
[31mC:\Users\vimal\OneDrive\Jubilee hospital demo\mediflow-core\server\src\request\request.service.ts:296:34[39m

[31m  293 static async getComments(requestId: string, actor: AuthUser) {[39m
[31m  294   // Ensure the user can view the request[39m
[31m  295   await this.getRequestById(requestId, actor);[39m
[31m→ 296   return prisma.approvalAction.findMany({[39m
[31m          where: {[39m
[31m            requestId: "c0aae55d-6917-42ca-859f-928e588cda90",[39m
[31m            action: undefined[39m
[31m          },[39m
[31m          select: {[39m
[31m            id: true,[39m
[31m            comment: true,[39m
[31m            actorId: true,[39m
[31m            createdAt: true,[39m
[31m            ~~~~~~~~~[39m
[31m        ?   requestId?: true,[39m
[31m        ?   stepId?: true,[39m
[31m        ?   action?: true,[39m
[31m        ?   takenAt?: true,[39m
[31m        ?   request?: true[39m
[31m          }[39m
[31m        })[39m

[31mUnknown field `createdAt` for select statement on model `ApprovalAction`. Available options are marked with ?.[39m
[31m    at throwValidationException (C:\Users\vimal\OneDrive\Jubilee hospital demo\mediflow-core\server\node_modules\@prisma\client\src\runtime\core\errorRendering\throwValidationException.ts:46:9)[39m
[31m    at zr.handleRequestError (C:\Users\vimal\OneDrive\Jubilee hospital demo\mediflow-core\server\node_modules\@prisma\client\src\runtime\RequestHandler.ts:211:7)[39m
[31m    at zr.handleAndLogRequestError (C:\Users\vimal\OneDrive\Jubilee hospital demo\mediflow-core\server\node_modules\@prisma\client\src\runtime\RequestHandler.ts:183:12)[39m
[31m    at zr.request (C:\Users\vimal\OneDrive\Jubilee hospital demo\mediflow-core\server\node_modules\@prisma\client\src\runtime\RequestHandler.ts:152:12)[39m
[31m    at process.processTicksAndRejections (node:internal/process/task_queues:103:5)[39m
[31m    at async a (C:\Users\vimal\OneDrive\Jubilee hospital demo\mediflow-core\server\node_modules\@prisma\client\src\runtime\getPrismaClient.ts:963:24)[39m
[31m    at async getComments (C:\Users\vimal\OneDrive\Jubilee hospital demo\mediflow-core\server\src\controllers\request.controller.ts:104:20)[39m
[2026-07-14 22:46:39:4639] [[31merror[39m]: [31m500 - Cannot read properties of undefined (reading 'findMany') - /api/v1/requests/c0aae55d-6917-42ca-859f-928e588cda90/documents - GET - ::1[39m
[2026-07-14 22:46:39:4639] [[31merror[39m]: [31mTypeError: Cannot read properties of undefined (reading 'findMany')[39m
[31m    at RequestService.getDocuments (C:\Users\vimal\OneDrive\Jubilee hospital demo\mediflow-core\server\src\request\request.service.ts:312:28)[39m
[31m    at process.processTicksAndRejections (node:internal/process/task_queues:103:5)[39m
[31m    at async getDocuments (C:\Users\vimal\OneDrive\Jubilee hospital demo\mediflow-core\server\src\controllers\request.controller.ts:110:21)[39m
[2026-07-14 22:46:40:4640] [[31merror[39m]: [31m500 - [39m
[31mInvalid `prisma.approvalAction.findMany()` invocation in[39m
[31mC:\Users\vimal\OneDrive\Jubilee hospital demo\mediflow-core\server\src\request\request.service.ts:296:34[39m

[31m  293 static async getComments(requestId: string, actor: AuthUser) {[39m
[31m  294   // Ensure the user can view the request[39m
[31m  295   await this.getRequestById(requestId, actor);[39m
[31m→ 296   return prisma.approvalAction.findMany({[39m
[31m          where: {[39m
[31m            requestId: "c0aae55d-6917-42ca-859f-928e588cda90",[39m
[31m            action: undefined[39m
[31m          },[39m
[31m          select: {[39m
[31m            id: true,[39m
[31m            comment: true,[39m
[31m            actorId: true,[39m
[31m            createdAt: true,[39m
[31m            ~~~~~~~~~[39m
[31m        ?   requestId?: true,[39m
[31m        ?   stepId?: true,[39m
[31m        ?   action?: true,[39m
[31m        ?   takenAt?: true,[39m
[31m        ?   request?: true[39m
[31m          }[39m
[31m        })[39m

[31mUnknown field `createdAt` for select statement on model `ApprovalAction`. Available options are marked with ?. - /api/v1/requests/c0aae55d-6917-42ca-859f-928e588cda90/comments - GET - ::1[39m
[2026-07-14 22:46:40:4640] [[31merror[39m]: [31mPrismaClientValidationError: [39m
[31mInvalid `prisma.approvalAction.findMany()` invocation in[39m
[31mC:\Users\vimal\OneDrive\Jubilee hospital demo\mediflow-core\server\src\request\request.service.ts:296:34[39m

[31m  293 static async getComments(requestId: string, actor: AuthUser) {[39m
[31m  294   // Ensure the user can view the request[39m
[31m  295   await this.getRequestById(requestId, actor);[39m
[31m→ 296   return prisma.approvalAction.findMany({[39m
[31m          where: {[39m
[31m            requestId: "c0aae55d-6917-42ca-859f-928e588cda90",[39m
[31m            action: undefined[39m
[31m          },[39m
[31m          select: {[39m
[31m            id: true,[39m
[31m            comment: true,[39m
[31m            actorId: true,[39m
[31m            createdAt: true,[39m
[31m            ~~~~~~~~~[39m
[31m        ?   requestId?: true,[39m
[31m        ?   stepId?: true,[39m
[31m        ?   action?: true,[39m
[31m        ?   takenAt?: true,[39m
[31m        ?   request?: true[39m
[31m          }[39m
[31m        })[39m

[31mUnknown field `createdAt` for select statement on model `ApprovalAction`. Available options are marked with ?.[39m
[31m    at throwValidationException (C:\Users\vimal\OneDrive\Jubilee hospital demo\mediflow-core\server\node_modules\@prisma\client\src\runtime\core\errorRendering\throwValidationException.ts:46:9)[39m
[31m    at zr.handleRequestError (C:\Users\vimal\OneDrive\Jubilee hospital demo\mediflow-core\server\node_modules\@prisma\client\src\runtime\RequestHandler.ts:211:7)[39m
[31m    at zr.handleAndLogRequestError (C:\Users\vimal\OneDrive\Jubilee hospital demo\mediflow-core\server\node_modules\@prisma\client\src\runtime\RequestHandler.ts:183:12)[39m
[31m    at zr.request (C:\Users\vimal\OneDrive\Jubilee hospital demo\mediflow-core\server\node_modules\@prisma\client\src\runtime\RequestHandler.ts:152:12)[39m
[31m    at process.processTicksAndRejections (node:internal/process/task_queues:103:5)[39m
[31m    at async a (C:\Users\vimal\OneDrive\Jubilee hospital demo\mediflow-core\server\node_modules\@prisma\client\src\runtime\getPrismaClient.ts:963:24)[39m
[31m    at async getComments (C:\Users\vimal\OneDrive\Jubilee hospital demo\mediflow-core\server\src\controllers\request.controller.ts:104:20)[39m
[2026-07-14 22:46:42:4642] [[31merror[39m]: [31m500 - Cannot read properties of undefined (reading 'findMany') - /api/v1/requests/c0aae55d-6917-42ca-859f-928e588cda90/documents - GET - ::1[39m
[2026-07-14 22:46:42:4642] [[31merror[39m]: [31mTypeError: Cannot read properties of undefined (reading 'findMany')[39m
[31m    at RequestService.getDocuments (C:\Users\vimal\OneDrive\Jubilee hospital demo\mediflow-core\server\src\request\request.service.ts:312:28)[39m
[31m    at process.processTicksAndRejections (node:internal/process/task_queues:103:5)[39m
[31m    at async getDocuments (C:\Users\vimal\OneDrive\Jubilee hospital demo\mediflow-core\server\src\controllers\request.controller.ts:110:21)[39m
[2026-07-14 22:49:47:4947] [[31merror[39m]: [31m500 - [39m
[31mInvalid `prisma.approvalAction.findMany()` invocation in[39m
[31mC:\Users\vimal\OneDrive\Jubilee hospital demo\mediflow-core\server\src\request\request.service.ts:296:34[39m

[31m  293 static async getComments(requestId: string, actor: AuthUser) {[39m
[31m  294   // Ensure the user can view the request[39m
[31m  295   await this.getRequestById(requestId, actor);[39m
[31m→ 296   return prisma.approvalAction.findMany({[39m
[31m          where: {[39m
[31m            requestId: "c0aae55d-6917-42ca-859f-928e588cda90",[39m
[31m            action: undefined[39m
[31m          },[39m
[31m          select: {[39m
[31m            id: true,[39m
[31m            comment: true,[39m
[31m            actorId: true,[39m
[31m            createdAt: true,[39m
[31m            ~~~~~~~~~[39m
[31m        ?   requestId?: true,[39m
[31m        ?   stepId?: true,[39m
[31m        ?   action?: true,[39m
[31m        ?   takenAt?: true,[39m
[31m        ?   request?: true[39m
[31m          }[39m
[31m        })[39m

[31mUnknown field `createdAt` for select statement on model `ApprovalAction`. Available options are marked with ?. - /api/v1/requests/c0aae55d-6917-42ca-859f-928e588cda90/comments - GET - ::1[39m
[2026-07-14 22:49:47:4947] [[31merror[39m]: [31mPrismaClientValidationError: [39m
[31mInvalid `prisma.approvalAction.findMany()` invocation in[39m
[31mC:\Users\vimal\OneDrive\Jubilee hospital demo\mediflow-core\server\src\request\request.service.ts:296:34[39m

[31m  293 static async getComments(requestId: string, actor: AuthUser) {[39m
[31m  294   // Ensure the user can view the request[39m
[31m  295   await this.getRequestById(requestId, actor);[39m
[31m→ 296   return prisma.approvalAction.findMany({[39m
[31m          where: {[39m
[31m            requestId: "c0aae55d-6917-42ca-859f-928e588cda90",[39m
[31m            action: undefined[39m
[31m          },[39m
[31m          select: {[39m
[31m            id: true,[39m
[31m            comment: true,[39m
[31m            actorId: true,[39m
[31m            createdAt: true,[39m
[31m            ~~~~~~~~~[39m
[31m        ?   requestId?: true,[39m
[31m        ?   stepId?: true,[39m
[31m        ?   action?: true,[39m
[31m        ?   takenAt?: true,[39m
[31m        ?   request?: true[39m
[31m          }[39m
[31m        })[39m

[31mUnknown field `createdAt` for select statement on model `ApprovalAction`. Available options are marked with ?.[39m
[31m    at throwValidationException (C:\Users\vimal\OneDrive\Jubilee hospital demo\mediflow-core\server\node_modules\@prisma\client\src\runtime\core\errorRendering\throwValidationException.ts:46:9)[39m
[31m    at zr.handleRequestError (C:\Users\vimal\OneDrive\Jubilee hospital demo\mediflow-core\server\node_modules\@prisma\client\src\runtime\RequestHandler.ts:211:7)[39m
[31m    at zr.handleAndLogRequestError (C:\Users\vimal\OneDrive\Jubilee hospital demo\mediflow-core\server\node_modules\@prisma\client\src\runtime\RequestHandler.ts:183:12)[39m
[31m    at zr.request (C:\Users\vimal\OneDrive\Jubilee hospital demo\mediflow-core\server\node_modules\@prisma\client\src\runtime\RequestHandler.ts:152:12)[39m
[31m    at process.processTicksAndRejections (node:internal/process/task_queues:103:5)[39m
[31m    at async a (C:\Users\vimal\OneDrive\Jubilee hospital demo\mediflow-core\server\node_modules\@prisma\client\src\runtime\getPrismaClient.ts:963:24)[39m
[31m    at async getComments (C:\Users\vimal\OneDrive\Jubilee hospital demo\mediflow-core\server\src\controllers\request.controller.ts:104:20)[39m
[2026-07-14 22:49:47:4947] [[31merror[39m]: [31m500 - Cannot read properties of undefined (reading 'findMany') - /api/v1/requests/c0aae55d-6917-42ca-859f-928e588cda90/documents - GET - ::1[39m
[2026-07-14 22:49:47:4947] [[31merror[39m]: [31mTypeError: Cannot read properties of undefined (reading 'findMany')[39m
[31m    at RequestService.getDocuments (C:\Users\vimal\OneDrive\Jubilee hospital demo\mediflow-core\server\src\request\request.service.ts:312:28)[39m
[31m    at process.processTicksAndRejections (node:internal/process/task_queues:103:5)[39m
[31m    at async getDocuments (C:\Users\vimal\OneDrive\Jubilee hospital demo\mediflow-core\server\src\controllers\request.controller.ts:110:21)[39m
[2026-07-14 22:49:48:4948] [[31merror[39m]: [31m500 - [39m
[31mInvalid `prisma.approvalAction.findMany()` invocation in[39m
[31mC:\Users\vimal\OneDrive\Jubilee hospital demo\mediflow-core\server\src\request\request.service.ts:296:34[39m

[31m  293 static async getComments(requestId: string, actor: AuthUser) {[39m
[31m  294   // Ensure the user can view the request[39m
[31m  295   await this.getRequestById(requestId, actor);[39m
[31m→ 296   return prisma.approvalAction.findMany({[39m
[31m          where: {[39m
[31m            requestId: "c0aae55d-6917-42ca-859f-928e588cda90",[39m
[31m            action: undefined[39m
[31m          },[39m
[31m          select: {[39m
[31m            id: true,[39m
[31m            comment: true,[39m
[31m            actorId: true,[39m
[31m            createdAt: true,[39m
[31m            ~~~~~~~~~[39m
[31m        ?   requestId?: true,[39m
[31m        ?   stepId?: true,[39m
[31m        ?   action?: true,[39m
[31m        ?   takenAt?: true,[39m
[31m        ?   request?: true[39m
[31m          }[39m
[31m        })[39m

[31mUnknown field `createdAt` for select statement on model `ApprovalAction`. Available options are marked with ?. - /api/v1/requests/c0aae55d-6917-42ca-859f-928e588cda90/comments - GET - ::1[39m
[2026-07-14 22:49:48:4948] [[31merror[39m]: [31mPrismaClientValidationError: [39m
[31mInvalid `prisma.approvalAction.findMany()` invocation in[39m
[31mC:\Users\vimal\OneDrive\Jubilee hospital demo\mediflow-core\server\src\request\request.service.ts:296:34[39m

[31m  293 static async getComments(requestId: string, actor: AuthUser) {[39m
[31m  294   // Ensure the user can view the request[39m
[31m  295   await this.getRequestById(requestId, actor);[39m
[31m→ 296   return prisma.approvalAction.findMany({[39m
[31m          where: {[39m
[31m            requestId: "c0aae55d-6917-42ca-859f-928e588cda90",[39m
[31m            action: undefined[39m
[31m          },[39m
[31m          select: {[39m
[31m            id: true,[39m
[31m            comment: true,[39m
[31m            actorId: true,[39m
[31m            createdAt: true,[39m
[31m            ~~~~~~~~~[39m
[31m        ?   requestId?: true,[39m
[31m        ?   stepId?: true,[39m
[31m        ?   action?: true,[39m
[31m        ?   takenAt?: true,[39m
[31m        ?   request?: true[39m
[31m          }[39m
[31m        })[39m

[31mUnknown field `createdAt` for select statement on model `ApprovalAction`. Available options are marked with ?.[39m
[31m    at throwValidationException (C:\Users\vimal\OneDrive\Jubilee hospital demo\mediflow-core\server\node_modules\@prisma\client\src\runtime\core\errorRendering\throwValidationException.ts:46:9)[39m
[31m    at zr.handleRequestError (C:\Users\vimal\OneDrive\Jubilee hospital demo\mediflow-core\server\node_modules\@prisma\client\src\runtime\RequestHandler.ts:211:7)[39m
[31m    at zr.handleAndLogRequestError (C:\Users\vimal\OneDrive\Jubilee hospital demo\mediflow-core\server\node_modules\@prisma\client\src\runtime\RequestHandler.ts:183:12)[39m
[31m    at zr.request (C:\Users\vimal\OneDrive\Jubilee hospital demo\mediflow-core\server\node_modules\@prisma\client\src\runtime\RequestHandler.ts:152:12)[39m
[31m    at process.processTicksAndRejections (node:internal/process/task_queues:103:5)[39m
[31m    at async a (C:\Users\vimal\OneDrive\Jubilee hospital demo\mediflow-core\server\node_modules\@prisma\client\src\runtime\getPrismaClient.ts:963:24)[39m
[31m    at async getComments (C:\Users\vimal\OneDrive\Jubilee hospital demo\mediflow-core\server\src\controllers\request.controller.ts:104:20)[39m
[2026-07-14 22:49:48:4948] [[31merror[39m]: [31m500 - Cannot read properties of undefined (reading 'findMany') - /api/v1/requests/c0aae55d-6917-42ca-859f-928e588cda90/documents - GET - ::1[39m
[2026-07-14 22:49:48:4948] [[31merror[39m]: [31mTypeError: Cannot read properties of undefined (reading 'findMany')[39m
[31m    at RequestService.getDocuments (C:\Users\vimal\OneDrive\Jubilee hospital demo\mediflow-core\server\src\request\request.service.ts:312:28)[39m
[31m    at process.processTicksAndRejections (node:internal/process/task_queues:103:5)[39m
[31m    at async getDocuments (C:\Users\vimal\OneDrive\Jubilee hospital demo\mediflow-core\server\src\controllers\request.controller.ts:110:21)[39m
[2026-07-14 23:21:09:219] [[32minfo[39m]: [32mServer is running in development mode on port 5000[39m
[2026-07-14 23:21:17:2117] [[32minfo[39m]: [32mServer is running in development mode on port 5000[39m
[2026-07-14 23:21:25:2125] [[32minfo[39m]: [32mServer is running in development mode on port 5000[39m
[2026-07-14 23:21:32:2132] [[32minfo[39m]: [32mServer is running in development mode on port 5000[39m
[2026-07-14 23:21:39:2139] [[32minfo[39m]: [32mServer is running in development mode on port 5000[39m
[2026-07-14 23:21:47:2147] [[32minfo[39m]: [32mServer is running in development mode on port 5000[39m
[2026-07-14 23:22:05:225] [[32minfo[39m]: [32mServer is running in development mode on port 5000[39m
[2026-07-14 23:30:41:3041] [[32minfo[39m]: [32mServer is running in development mode on port 5000[39m
[2026-07-14 23:31:04:314] [[32minfo[39m]: [32mServer is running in development mode on port 5000[39m
[2026-07-14 23:33:04:334] [[31merror[39m]: [31m401 - Invalid email or password. - /api/v1/auth/login - POST - ::1[39m
[2026-07-14 23:33:04:334] [[31merror[39m]: [31mError: Invalid email or password.[39m
[31m    at <anonymous> (C:\Users\vimal\OneDrive\Jubilee hospital demo\mediflow-core\server\src\routes\auth.ts:25:19)[39m
[31m    at process.processTicksAndRejections (node:internal/process/task_queues:103:5)[39m
[2026-07-14 23:33:04:334] [[31merror[39m]: [31m401 - Please sign in to access this page. - /api/v1/users - GET - ::1[39m
[2026-07-14 23:33:04:334] [[31merror[39m]: [31mError: Please sign in to access this page.[39m
[31m    at requireAuth (C:\Users\vimal\OneDrive\Jubilee hospital demo\mediflow-core\server\src\middleware\auth.ts:28:19)[39m
[31m    at Layer.handleRequest (C:\Users\vimal\OneDrive\Jubilee hospital demo\mediflow-core\server\node_modules\router\lib\layer.js:152:17)[39m
[31m    at trimPrefix (C:\Users\vimal\OneDrive\Jubilee hospital demo\mediflow-core\server\node_modules\router\index.js:342:13)[39m
[31m    at C:\Users\vimal\OneDrive\Jubilee hospital demo\mediflow-core\server\node_modules\router\index.js:297:9[39m
[31m    at processParams (C:\Users\vimal\OneDrive\Jubilee hospital demo\mediflow-core\server\node_modules\router\index.js:582:12)[39m
[31m    at next (C:\Users\vimal\OneDrive\Jubilee hospital demo\mediflow-core\server\node_modules\router\index.js:291:5)[39m
[31m    at router.handle (C:\Users\vimal\OneDrive\Jubilee hospital demo\mediflow-core\server\node_modules\router\index.js:186:3)[39m
[31m    at router (C:\Users\vimal\OneDrive\Jubilee hospital demo\mediflow-core\server\node_modules\router\index.js:60:12)[39m
[31m    at Layer.handleRequest (C:\Users\vimal\OneDrive\Jubilee hospital demo\mediflow-core\server\node_modules\router\lib\layer.js:152:17)[39m
[31m    at trimPrefix (C:\Users\vimal\OneDrive\Jubilee hospital demo\mediflow-core\server\node_modules\router\index.js:342:13)[39m
[2026-07-14 23:33:04:334] [[31merror[39m]: [31m401 - Please sign in to access this page. - /api/v1/departments - GET - ::1[39m
[2026-07-14 23:33:04:334] [[31merror[39m]: [31mError: Please sign in to access this page.[39m
[31m    at requireAuth (C:\Users\vimal\OneDrive\Jubilee hospital demo\mediflow-core\server\src\middleware\auth.ts:28:19)[39m
[31m    at Layer.handleRequest (C:\Users\vimal\OneDrive\Jubilee hospital demo\mediflow-core\server\node_modules\router\lib\layer.js:152:17)[39m
[31m    at trimPrefix (C:\Users\vimal\OneDrive\Jubilee hospital demo\mediflow-core\server\node_modules\router\index.js:342:13)[39m
[31m    at C:\Users\vimal\OneDrive\Jubilee hospital demo\mediflow-core\server\node_modules\router\index.js:297:9[39m
[31m    at processParams (C:\Users\vimal\OneDrive\Jubilee hospital demo\mediflow-core\server\node_modules\router\index.js:582:12)[39m
[31m    at next (C:\Users\vimal\OneDrive\Jubilee hospital demo\mediflow-core\server\node_modules\router\index.js:291:5)[39m
[31m    at router.handle (C:\Users\vimal\OneDrive\Jubilee hospital demo\mediflow-core\server\node_modules\router\index.js:186:3)[39m
[31m    at router (C:\Users\vimal\OneDrive\Jubilee hospital demo\mediflow-core\server\node_modules\router\index.js:60:12)[39m
[31m    at Layer.handleRequest (C:\Users\vimal\OneDrive\Jubilee hospital demo\mediflow-core\server\node_modules\router\lib\layer.js:152:17)[39m
[31m    at trimPrefix (C:\Users\vimal\OneDrive\Jubilee hospital demo\mediflow-core\server\node_modules\router\index.js:342:13)[39m
[2026-07-14 23:33:04:334] [[31merror[39m]: [31m401 - Invalid email or password. - /api/v1/auth/login - POST - ::1[39m
[2026-07-14 23:33:04:334] [[31merror[39m]: [31mError: Invalid email or password.[39m
[31m    at <anonymous> (C:\Users\vimal\OneDrive\Jubilee hospital demo\mediflow-core\server\src\routes\auth.ts:25:19)[39m
[31m    at process.processTicksAndRejections (node:internal/process/task_queues:103:5)[39m
[2026-07-14 23:33:04:334] [[31merror[39m]: [31m401 - Please sign in to access this page. - /api/v1/users - GET - ::1[39m
[2026-07-14 23:33:04:334] [[31merror[39m]: [31mError: Please sign in to access this page.[39m
[31m    at requireAuth (C:\Users\vimal\OneDrive\Jubilee hospital demo\mediflow-core\server\src\middleware\auth.ts:28:19)[39m
[31m    at Layer.handleRequest (C:\Users\vimal\OneDrive\Jubilee hospital demo\mediflow-core\server\node_modules\router\lib\layer.js:152:17)[39m
[31m    at trimPrefix (C:\Users\vimal\OneDrive\Jubilee hospital demo\mediflow-core\server\node_modules\router\index.js:342:13)[39m
[31m    at C:\Users\vimal\OneDrive\Jubilee hospital demo\mediflow-core\server\node_modules\router\index.js:297:9[39m
[31m    at processParams (C:\Users\vimal\OneDrive\Jubilee hospital demo\mediflow-core\server\node_modules\router\index.js:582:12)[39m
[31m    at next (C:\Users\vimal\OneDrive\Jubilee hospital demo\mediflow-core\server\node_modules\router\index.js:291:5)[39m
[31m    at router.handle (C:\Users\vimal\OneDrive\Jubilee hospital demo\mediflow-core\server\node_modules\router\index.js:186:3)[39m
[31m    at router (C:\Users\vimal\OneDrive\Jubilee hospital demo\mediflow-core\server\node_modules\router\index.js:60:12)[39m
[31m    at Layer.handleRequest (C:\Users\vimal\OneDrive\Jubilee hospital demo\mediflow-core\server\node_modules\router\lib\layer.js:152:17)[39m
[31m    at trimPrefix (C:\Users\vimal\OneDrive\Jubilee hospital demo\mediflow-core\server\node_modules\router\index.js:342:13)[39m
[2026-07-14 23:33:04:334] [[31merror[39m]: [31m401 - Please sign in to access this page. - /api/v1/departments - GET - ::1[39m
[2026-07-14 23:33:04:334] [[31merror[39m]: [31mError: Please sign in to access this page.[39m
[31m    at requireAuth (C:\Users\vimal\OneDrive\Jubilee hospital demo\mediflow-core\server\src\middleware\auth.ts:28:19)[39m
[31m    at Layer.handleRequest (C:\Users\vimal\OneDrive\Jubilee hospital demo\mediflow-core\server\node_modules\router\lib\layer.js:152:17)[39m
[31m    at trimPrefix (C:\Users\vimal\OneDrive\Jubilee hospital demo\mediflow-core\server\node_modules\router\index.js:342:13)[39m
[31m    at C:\Users\vimal\OneDrive\Jubilee hospital demo\mediflow-core\server\node_modules\router\index.js:297:9[39m
[31m    at processParams (C:\Users\vimal\OneDrive\Jubilee hospital demo\mediflow-core\server\node_modules\router\index.js:582:12)[39m
[31m    at next (C:\Users\vimal\OneDrive\Jubilee hospital demo\mediflow-core\server\node_modules\router\index.js:291:5)[39m
[31m    at router.handle (C:\Users\vimal\OneDrive\Jubilee hospital demo\mediflow-core\server\node_modules\router\index.js:186:3)[39m
[31m    at router (C:\Users\vimal\OneDrive\Jubilee hospital demo\mediflow-core\server\node_modules\router\index.js:60:12)[39m
[31m    at Layer.handleRequest (C:\Users\vimal\OneDrive\Jubilee hospital demo\mediflow-core\server\node_modules\router\lib\layer.js:152:17)[39m
[31m    at trimPrefix (C:\Users\vimal\OneDrive\Jubilee hospital demo\mediflow-core\server\node_modules\router\index.js:342:13)[39m
[2026-07-14 23:34:11:3411] [[31merror[39m]: [31m403 - Access denied. You do not have permission to view this section. - /api/v1/users - GET - ::1[39m
[2026-07-14 23:34:11:3411] [[31merror[39m]: [31mError: Access denied. You do not have permission to view this section.[39m
[31m    at <anonymous> (C:\Users\vimal\OneDrive\Jubilee hospital demo\mediflow-core\server\src\middleware\auth.ts:69:9)[39m
[31m    at Layer.handleRequest (C:\Users\vimal\OneDrive\Jubilee hospital demo\mediflow-core\server\node_modules\router\lib\layer.js:152:17)[39m
[31m    at trimPrefix (C:\Users\vimal\OneDrive\Jubilee hospital demo\mediflow-core\server\node_modules\router\index.js:342:13)[39m
[31m    at C:\Users\vimal\OneDrive\Jubilee hospital demo\mediflow-core\server\node_modules\router\index.js:297:9[39m
[31m    at processParams (C:\Users\vimal\OneDrive\Jubilee hospital demo\mediflow-core\server\node_modules\router\index.js:582:12)[39m
[31m    at next (C:\Users\vimal\OneDrive\Jubilee hospital demo\mediflow-core\server\node_modules\router\index.js:291:5)[39m
[31m    at requireAuth (C:\Users\vimal\OneDrive\Jubilee hospital demo\mediflow-core\server\src\middleware\auth.ts:55:5)[39m
[31m    at process.processTicksAndRejections (node:internal/process/task_queues:103:5)[39m
[2026-07-14 23:34:11:3411] [[31merror[39m]: [31m403 - Access denied. You do not have permission to view this section. - /api/v1/departments - GET - ::1[39m
[2026-07-14 23:34:11:3411] [[31merror[39m]: [31mError: Access denied. You do not have permission to view this section.[39m
[31m    at <anonymous> (C:\Users\vimal\OneDrive\Jubilee hospital demo\mediflow-core\server\src\middleware\auth.ts:69:9)[39m
[31m    at Layer.handleRequest (C:\Users\vimal\OneDrive\Jubilee hospital demo\mediflow-core\server\node_modules\router\lib\layer.js:152:17)[39m
[31m    at trimPrefix (C:\Users\vimal\OneDrive\Jubilee hospital demo\mediflow-core\server\node_modules\router\index.js:342:13)[39m
[31m    at C:\Users\vimal\OneDrive\Jubilee hospital demo\mediflow-core\server\node_modules\router\index.js:297:9[39m
[31m    at processParams (C:\Users\vimal\OneDrive\Jubilee hospital demo\mediflow-core\server\node_modules\router\index.js:582:12)[39m
[31m    at next (C:\Users\vimal\OneDrive\Jubilee hospital demo\mediflow-core\server\node_modules\router\index.js:291:5)[39m
[31m    at requireAuth (C:\Users\vimal\OneDrive\Jubilee hospital demo\mediflow-core\server\src\middleware\auth.ts:55:5)[39m
[31m    at process.processTicksAndRejections (node:internal/process/task_queues:103:5)[39m
[2026-07-14 23:46:54:4654] [[32minfo[39m]: [32mServer is running in development mode on port 5000[39m
[2026-07-14 23:47:02:472] [[32minfo[39m]: [32mServer is running in development mode on port 5000[39m
[2026-07-14 23:47:12:4712] [[32minfo[39m]: [32mServer is running in development mode on port 5000[39m
[2026-07-14 23:47:26:4726] [[32minfo[39m]: [32mServer is running in development mode on port 5000[39m
[2026-07-14 23:47:52:4752] [[32minfo[39m]: [32mServer is running in development mode on port 5000[39m
[2026-07-14 23:48:12:4812] [[32minfo[39m]: [32mServer is running in development mode on port 5000[39m
[2026-07-14 23:49:13:4913] [[31merror[39m]: [31m401 - Please sign in to access this page. - /api/v1/notifications - GET - ::1[39m
[2026-07-14 23:49:13:4913] [[31merror[39m]: [31mError: Please sign in to access this page.[39m
[31m    at requireAuth (C:\Users\vimal\OneDrive\Jubilee hospital demo\mediflow-core\server\src\middleware\auth.ts:28:19)[39m
[31m    at Layer.handleRequest (C:\Users\vimal\OneDrive\Jubilee hospital demo\mediflow-core\server\node_modules\router\lib\layer.js:152:17)[39m
[31m    at trimPrefix (C:\Users\vimal\OneDrive\Jubilee hospital demo\mediflow-core\server\node_modules\router\index.js:342:13)[39m
[31m    at C:\Users\vimal\OneDrive\Jubilee hospital demo\mediflow-core\server\node_modules\router\index.js:297:9[39m
[31m    at processParams (C:\Users\vimal\OneDrive\Jubilee hospital demo\mediflow-core\server\node_modules\router\index.js:582:12)[39m
[31m    at next (C:\Users\vimal\OneDrive\Jubilee hospital demo\mediflow-core\server\node_modules\router\index.js:291:5)[39m
[31m    at router.handle (C:\Users\vimal\OneDrive\Jubilee hospital demo\mediflow-core\server\node_modules\router\index.js:186:3)[39m
[31m    at router (C:\Users\vimal\OneDrive\Jubilee hospital demo\mediflow-core\server\node_modules\router\index.js:60:12)[39m
[31m    at Layer.handleRequest (C:\Users\vimal\OneDrive\Jubilee hospital demo\mediflow-core\server\node_modules\router\lib\layer.js:152:17)[39m
[31m    at trimPrefix (C:\Users\vimal\OneDrive\Jubilee hospital demo\mediflow-core\server\node_modules\router\index.js:342:13)[39m
[2026-07-14 23:49:13:4913] [[31merror[39m]: [31m401 - Please sign in to access this page. - /api/v1/notifications - GET - ::1[39m
[2026-07-14 23:49:13:4913] [[31merror[39m]: [31mError: Please sign in to access this page.[39m
[31m    at requireAuth (C:\Users\vimal\OneDrive\Jubilee hospital demo\mediflow-core\server\src\middleware\auth.ts:28:19)[39m
[31m    at Layer.handleRequest (C:\Users\vimal\OneDrive\Jubilee hospital demo\mediflow-core\server\node_modules\router\lib\layer.js:152:17)[39m
[31m    at trimPrefix (C:\Users\vimal\OneDrive\Jubilee hospital demo\mediflow-core\server\node_modules\router\index.js:342:13)[39m
[31m    at C:\Users\vimal\OneDrive\Jubilee hospital demo\mediflow-core\server\node_modules\router\index.js:297:9[39m
[31m    at processParams (C:\Users\vimal\OneDrive\Jubilee hospital demo\mediflow-core\server\node_modules\router\index.js:582:12)[39m
[31m    at next (C:\Users\vimal\OneDrive\Jubilee hospital demo\mediflow-core\server\node_modules\router\index.js:291:5)[39m
[31m    at router.handle (C:\Users\vimal\OneDrive\Jubilee hospital demo\mediflow-core\server\node_modules\router\index.js:186:3)[39m
[31m    at router (C:\Users\vimal\OneDrive\Jubilee hospital demo\mediflow-core\server\node_modules\router\index.js:60:12)[39m
[31m    at Layer.handleRequest (C:\Users\vimal\OneDrive\Jubilee hospital demo\mediflow-core\server\node_modules\router\lib\layer.js:152:17)[39m
[31m    at trimPrefix (C:\Users\vimal\OneDrive\Jubilee hospital demo\mediflow-core\server\node_modules\router\index.js:342:13)[39m
[2026-07-14 23:49:20:4920] [[31merror[39m]: [31m401 - Invalid email or password. - /api/v1/auth/login - POST - ::1[39m
[2026-07-14 23:49:20:4920] [[31merror[39m]: [31mError: Invalid email or password.[39m
[31m    at <anonymous> (C:\Users\vimal\OneDrive\Jubilee hospital demo\mediflow-core\server\src\routes\auth.ts:25:19)[39m
[2026-07-14 23:49:36:4936] [[31merror[39m]: [31m500 - Cannot read properties of undefined (reading 'findMany') - /api/v1/requests/4503a7a7-9bd1-4ee8-a0cd-0746cb2477b3/documents - GET - ::1[39m
[2026-07-14 23:49:36:4936] [[31merror[39m]: [31mTypeError: Cannot read properties of undefined (reading 'findMany')[39m
[31m    at RequestService.getDocuments (C:\Users\vimal\OneDrive\Jubilee hospital demo\mediflow-core\server\src\request\request.service.ts:332:28)[39m
[31m    at process.processTicksAndRejections (node:internal/process/task_queues:103:5)[39m
[31m    at async getDocuments (C:\Users\vimal\OneDrive\Jubilee hospital demo\mediflow-core\server\src\controllers\request.controller.ts:110:21)[39m
[2026-07-14 23:49:36:4936] [[31merror[39m]: [31m500 - [39m
[31mInvalid `prisma.approvalAction.findMany()` invocation in[39m
[31mC:\Users\vimal\OneDrive\Jubilee hospital demo\mediflow-core\server\src\request\request.service.ts:316:34[39m

[31m  313 static async getComments(requestId: string, actor: AuthUser) {[39m
[31m  314   // Ensure the user can view the request[39m
[31m  315   await this.getRequestById(requestId, actor);[39m
[31m→ 316   return prisma.approvalAction.findMany({[39m
[31m          where: {[39m
[31m            requestId: "4503a7a7-9bd1-4ee8-a0cd-0746cb2477b3",[39m
[31m            action: undefined[39m
[31m          },[39m
[31m          select: {[39m
[31m            id: true,[39m
[31m            comment: true,[39m
[31m            actorId: true,[39m
[31m            createdAt: true,[39m
[31m            ~~~~~~~~~[39m
[31m        ?   requestId?: true,[39m
[31m        ?   stepId?: true,[39m
[31m        ?   action?: true,[39m
[31m        ?   takenAt?: true,[39m
[31m        ?   request?: true[39m
[31m          }[39m
[31m        })[39m

[31mUnknown field `createdAt` for select statement on model `ApprovalAction`. Available options are marked with ?. - /api/v1/requests/4503a7a7-9bd1-4ee8-a0cd-0746cb2477b3/comments - GET - ::1[39m
[2026-07-14 23:49:36:4936] [[31merror[39m]: [31mPrismaClientValidationError: [39m
[31mInvalid `prisma.approvalAction.findMany()` invocation in[39m
[31mC:\Users\vimal\OneDrive\Jubilee hospital demo\mediflow-core\server\src\request\request.service.ts:316:34[39m

[31m  313 static async getComments(requestId: string, actor: AuthUser) {[39m
[31m  314   // Ensure the user can view the request[39m
[31m  315   await this.getRequestById(requestId, actor);[39m
[31m→ 316   return prisma.approvalAction.findMany({[39m
[31m          where: {[39m
[31m            requestId: "4503a7a7-9bd1-4ee8-a0cd-0746cb2477b3",[39m
[31m            action: undefined[39m
[31m          },[39m
[31m          select: {[39m
[31m            id: true,[39m
[31m            comment: true,[39m
[31m            actorId: true,[39m
[31m            createdAt: true,[39m
[31m            ~~~~~~~~~[39m
[31m        ?   requestId?: true,[39m
[31m        ?   stepId?: true,[39m
[31m        ?   action?: true,[39m
[31m        ?   takenAt?: true,[39m
[31m        ?   request?: true[39m
[31m          }[39m
[31m        })[39m

[31mUnknown field `createdAt` for select statement on model `ApprovalAction`. Available options are marked with ?.[39m
[31m    at throwValidationException (C:\Users\vimal\OneDrive\Jubilee hospital demo\mediflow-core\server\node_modules\@prisma\client\src\runtime\core\errorRendering\throwValidationException.ts:46:9)[39m
[31m    at zr.handleRequestError (C:\Users\vimal\OneDrive\Jubilee hospital demo\mediflow-core\server\node_modules\@prisma\client\src\runtime\RequestHandler.ts:211:7)[39m
[31m    at zr.handleAndLogRequestError (C:\Users\vimal\OneDrive\Jubilee hospital demo\mediflow-core\server\node_modules\@prisma\client\src\runtime\RequestHandler.ts:183:12)[39m
[31m    at zr.request (C:\Users\vimal\OneDrive\Jubilee hospital demo\mediflow-core\server\node_modules\@prisma\client\src\runtime\RequestHandler.ts:152:12)[39m
[31m    at process.processTicksAndRejections (node:internal/process/task_queues:103:5)[39m
[31m    at async a (C:\Users\vimal\OneDrive\Jubilee hospital demo\mediflow-core\server\node_modules\@prisma\client\src\runtime\getPrismaClient.ts:963:24)[39m
[31m    at async getComments (C:\Users\vimal\OneDrive\Jubilee hospital demo\mediflow-core\server\src\controllers\request.controller.ts:104:20)[39m
[2026-07-14 23:49:38:4938] [[31merror[39m]: [31m500 - Cannot read properties of undefined (reading 'findMany') - /api/v1/requests/4503a7a7-9bd1-4ee8-a0cd-0746cb2477b3/documents - GET - ::1[39m
[2026-07-14 23:49:38:4938] [[31merror[39m]: [31mTypeError: Cannot read properties of undefined (reading 'findMany')[39m
[31m    at RequestService.getDocuments (C:\Users\vimal\OneDrive\Jubilee hospital demo\mediflow-core\server\src\request\request.service.ts:332:28)[39m
[31m    at process.processTicksAndRejections (node:internal/process/task_queues:103:5)[39m
[31m    at async getDocuments (C:\Users\vimal\OneDrive\Jubilee hospital demo\mediflow-core\server\src\controllers\request.controller.ts:110:21)[39m
[2026-07-14 23:49:38:4938] [[31merror[39m]: [31m500 - [39m
[31mInvalid `prisma.approvalAction.findMany()` invocation in[39m
[31mC:\Users\vimal\OneDrive\Jubilee hospital demo\mediflow-core\server\src\request\request.service.ts:316:34[39m

[31m  313 static async getComments(requestId: string, actor: AuthUser) {[39m
[31m  314   // Ensure the user can view the request[39m
[31m  315   await this.getRequestById(requestId, actor);[39m
[31m→ 316   return prisma.approvalAction.findMany({[39m
[31m          where: {[39m
[31m            requestId: "4503a7a7-9bd1-4ee8-a0cd-0746cb2477b3",[39m
[31m            action: undefined[39m
[31m          },[39m
[31m          select: {[39m
[31m            id: true,[39m
[31m            comment: true,[39m
[31m            actorId: true,[39m
[31m            createdAt: true,[39m
[31m            ~~~~~~~~~[39m
[31m        ?   requestId?: true,[39m
[31m        ?   stepId?: true,[39m
[31m        ?   action?: true,[39m
[31m        ?   takenAt?: true,[39m
[31m        ?   request?: true[39m
[31m          }[39m
[31m        })[39m

[31mUnknown field `createdAt` for select statement on model `ApprovalAction`. Available options are marked with ?. - /api/v1/requests/4503a7a7-9bd1-4ee8-a0cd-0746cb2477b3/comments - GET - ::1[39m
[2026-07-14 23:49:38:4938] [[31merror[39m]: [31mPrismaClientValidationError: [39m
[31mInvalid `prisma.approvalAction.findMany()` invocation in[39m
[31mC:\Users\vimal\OneDrive\Jubilee hospital demo\mediflow-core\server\src\request\request.service.ts:316:34[39m

[31m  313 static async getComments(requestId: string, actor: AuthUser) {[39m
[31m  314   // Ensure the user can view the request[39m
[31m  315   await this.getRequestById(requestId, actor);[39m
[31m→ 316   return prisma.approvalAction.findMany({[39m
[31m          where: {[39m
[31m            requestId: "4503a7a7-9bd1-4ee8-a0cd-0746cb2477b3",[39m
[31m            action: undefined[39m
[31m          },[39m
[31m          select: {[39m
[31m            id: true,[39m
[31m            comment: true,[39m
[31m            actorId: true,[39m
[31m            createdAt: true,[39m
[31m            ~~~~~~~~~[39m
[31m        ?   requestId?: true,[39m
[31m        ?   stepId?: true,[39m
[31m        ?   action?: true,[39m
[31m        ?   takenAt?: true,[39m
[31m        ?   request?: true[39m
[31m          }[39m
[31m        })[39m

[31mUnknown field `createdAt` for select statement on model `ApprovalAction`. Available options are marked with ?.[39m
[31m    at throwValidationException (C:\Users\vimal\OneDrive\Jubilee hospital demo\mediflow-core\server\node_modules\@prisma\client\src\runtime\core\errorRendering\throwValidationException.ts:46:9)[39m
[31m    at zr.handleRequestError (C:\Users\vimal\OneDrive\Jubilee hospital demo\mediflow-core\server\node_modules\@prisma\client\src\runtime\RequestHandler.ts:211:7)[39m
[31m    at zr.handleAndLogRequestError (C:\Users\vimal\OneDrive\Jubilee hospital demo\mediflow-core\server\node_modules\@prisma\client\src\runtime\RequestHandler.ts:183:12)[39m
[31m    at zr.request (C:\Users\vimal\OneDrive\Jubilee hospital demo\mediflow-core\server\node_modules\@prisma\client\src\runtime\RequestHandler.ts:152:12)[39m
[31m    at process.processTicksAndRejections (node:internal/process/task_queues:103:5)[39m
[31m    at async a (C:\Users\vimal\OneDrive\Jubilee hospital demo\mediflow-core\server\node_modules\@prisma\client\src\runtime\getPrismaClient.ts:963:24)[39m
[31m    at async getComments (C:\Users\vimal\OneDrive\Jubilee hospital demo\mediflow-core\server\src\controllers\request.controller.ts:104:20)[39m
[2026-07-14 23:49:43:4943] [[31merror[39m]: [31m401 - Please sign in to access this page. - /api/v1/notifications - GET - ::1[39m
[2026-07-14 23:49:43:4943] [[31merror[39m]: [31mError: Please sign in to access this page.[39m
[31m    at requireAuth (C:\Users\vimal\OneDrive\Jubilee hospital demo\mediflow-core\server\src\middleware\auth.ts:28:19)[39m
[31m    at Layer.handleRequest (C:\Users\vimal\OneDrive\Jubilee hospital demo\mediflow-core\server\node_modules\router\lib\layer.js:152:17)[39m
[31m    at trimPrefix (C:\Users\vimal\OneDrive\Jubilee hospital demo\mediflow-core\server\node_modules\router\index.js:342:13)[39m
[31m    at C:\Users\vimal\OneDrive\Jubilee hospital demo\mediflow-core\server\node_modules\router\index.js:297:9[39m
[31m    at processParams (C:\Users\vimal\OneDrive\Jubilee hospital demo\mediflow-core\server\node_modules\router\index.js:582:12)[39m
[31m    at next (C:\Users\vimal\OneDrive\Jubilee hospital demo\mediflow-core\server\node_modules\router\index.js:291:5)[39m
[31m    at router.handle (C:\Users\vimal\OneDrive\Jubilee hospital demo\mediflow-core\server\node_modules\router\index.js:186:3)[39m
[31m    at router (C:\Users\vimal\OneDrive\Jubilee hospital demo\mediflow-core\server\node_modules\router\index.js:60:12)[39m
[31m    at Layer.handleRequest (C:\Users\vimal\OneDrive\Jubilee hospital demo\mediflow-core\server\node_modules\router\lib\layer.js:152:17)[39m
[31m    at trimPrefix (C:\Users\vimal\OneDrive\Jubilee hospital demo\mediflow-core\server\node_modules\router\index.js:342:13)[39m
[2026-07-14 23:49:59:4959] [[31merror[39m]: [31m401 - Invalid email or password. - /api/v1/auth/login - POST - ::1[39m
[2026-07-14 23:49:59:4959] [[31merror[39m]: [31mError: Invalid email or password.[39m
[31m    at <anonymous> (C:\Users\vimal\OneDrive\Jubilee hospital demo\mediflow-core\server\src\routes\auth.ts:25:19)[39m
[2026-07-15 00:13:35:1335] [[31merror[39m]: [31m500 - Cannot read properties of undefined (reading 'findMany') - /api/v1/requests/fca9b7da-a577-4953-b0f1-de61b9a1b979/documents - GET - ::1[39m
[2026-07-15 00:13:35:1335] [[31merror[39m]: [31mTypeError: Cannot read properties of undefined (reading 'findMany')[39m
[31m    at RequestService.getDocuments (C:\Users\vimal\OneDrive\Jubilee hospital demo\mediflow-core\server\src\request\request.service.ts:332:28)[39m
[31m    at process.processTicksAndRejections (node:internal/process/task_queues:103:5)[39m
[31m    at async getDocuments (C:\Users\vimal\OneDrive\Jubilee hospital demo\mediflow-core\server\src\controllers\request.controller.ts:110:21)[39m
[2026-07-15 00:13:35:1335] [[31merror[39m]: [31m500 - [39m
[31mInvalid `prisma.approvalAction.findMany()` invocation in[39m
[31mC:\Users\vimal\OneDrive\Jubilee hospital demo\mediflow-core\server\src\request\request.service.ts:316:34[39m

[31m  313 static async getComments(requestId: string, actor: AuthUser) {[39m
[31m  314   // Ensure the user can view the request[39m
[31m  315   await this.getRequestById(requestId, actor);[39m
[31m→ 316   return prisma.approvalAction.findMany({[39m
[31m          where: {[39m
[31m            requestId: "fca9b7da-a577-4953-b0f1-de61b9a1b979",[39m
[31m            action: undefined[39m
[31m          },[39m
[31m          select: {[39m
[31m            id: true,[39m
[31m            comment: true,[39m
[31m            actorId: true,[39m
[31m            createdAt: true,[39m
[31m            ~~~~~~~~~[39m
[31m        ?   requestId?: true,[39m
[31m        ?   stepId?: true,[39m
[31m        ?   action?: true,[39m
[31m        ?   takenAt?: true,[39m
[31m        ?   request?: true[39m
[31m          }[39m
[31m        })[39m

[31mUnknown field `createdAt` for select statement on model `ApprovalAction`. Available options are marked with ?. - /api/v1/requests/fca9b7da-a577-4953-b0f1-de61b9a1b979/comments - GET - ::1[39m
[2026-07-15 00:13:35:1335] [[31merror[39m]: [31mPrismaClientValidationError: [39m
[31mInvalid `prisma.approvalAction.findMany()` invocation in[39m
[31mC:\Users\vimal\OneDrive\Jubilee hospital demo\mediflow-core\server\src\request\request.service.ts:316:34[39m

[31m  313 static async getComments(requestId: string, actor: AuthUser) {[39m
[31m  314   // Ensure the user can view the request[39m
[31m  315   await this.getRequestById(requestId, actor);[39m
[31m→ 316   return prisma.approvalAction.findMany({[39m
[31m          where: {[39m
[31m            requestId: "fca9b7da-a577-4953-b0f1-de61b9a1b979",[39m
[31m            action: undefined[39m
[31m          },[39m
[31m          select: {[39m
[31m            id: true,[39m
[31m            comment: true,[39m
[31m            actorId: true,[39m
[31m            createdAt: true,[39m
[31m            ~~~~~~~~~[39m
[31m        ?   requestId?: true,[39m
[31m        ?   stepId?: true,[39m
[31m        ?   action?: true,[39m
[31m        ?   takenAt?: true,[39m
[31m        ?   request?: true[39m
[31m          }[39m
[31m        })[39m

[31mUnknown field `createdAt` for select statement on model `ApprovalAction`. Available options are marked with ?.[39m
[31m    at throwValidationException (C:\Users\vimal\OneDrive\Jubilee hospital demo\mediflow-core\server\node_modules\@prisma\client\src\runtime\core\errorRendering\throwValidationException.ts:46:9)[39m
[31m    at zr.handleRequestError (C:\Users\vimal\OneDrive\Jubilee hospital demo\mediflow-core\server\node_modules\@prisma\client\src\runtime\RequestHandler.ts:211:7)[39m
[31m    at zr.handleAndLogRequestError (C:\Users\vimal\OneDrive\Jubilee hospital demo\mediflow-core\server\node_modules\@prisma\client\src\runtime\RequestHandler.ts:183:12)[39m
[31m    at zr.request (C:\Users\vimal\OneDrive\Jubilee hospital demo\mediflow-core\server\node_modules\@prisma\client\src\runtime\RequestHandler.ts:152:12)[39m
[31m    at process.processTicksAndRejections (node:internal/process/task_queues:103:5)[39m
[31m    at async a (C:\Users\vimal\OneDrive\Jubilee hospital demo\mediflow-core\server\node_modules\@prisma\client\src\runtime\getPrismaClient.ts:963:24)[39m
[31m    at async getComments (C:\Users\vimal\OneDrive\Jubilee hospital demo\mediflow-core\server\src\controllers\request.controller.ts:104:20)[39m
[2026-07-15 00:13:35:1335] [[31merror[39m]: [31m500 - [39m
[31mInvalid `prisma.approvalAction.findMany()` invocation in[39m
[31mC:\Users\vimal\OneDrive\Jubilee hospital demo\mediflow-core\server\src\request\request.service.ts:316:34[39m

[31m  313 static async getComments(requestId: string, actor: AuthUser) {[39m
[31m  314   // Ensure the user can view the request[39m
[31m  315   await this.getRequestById(requestId, actor);[39m
[31m→ 316   return prisma.approvalAction.findMany({[39m
[31m          where: {[39m
[31m            requestId: "fca9b7da-a577-4953-b0f1-de61b9a1b979",[39m
[31m            action: undefined[39m
[31m          },[39m
[31m          select: {[39m
[31m            id: true,[39m
[31m            comment: true,[39m
[31m            actorId: true,[39m
[31m            createdAt: true,[39m
[31m            ~~~~~~~~~[39m
[31m        ?   requestId?: true,[39m
[31m        ?   stepId?: true,[39m
[31m        ?   action?: true,[39m
[31m        ?   takenAt?: true,[39m
[31m        ?   request?: true[39m
[31m          }[39m
[31m        })[39m

[31mUnknown field `createdAt` for select statement on model `ApprovalAction`. Available options are marked with ?. - /api/v1/requests/fca9b7da-a577-4953-b0f1-de61b9a1b979/comments - GET - ::1[39m
[2026-07-15 00:13:35:1335] [[31merror[39m]: [31mPrismaClientValidationError: [39m
[31mInvalid `prisma.approvalAction.findMany()` invocation in[39m
[31mC:\Users\vimal\OneDrive\Jubilee hospital demo\mediflow-core\server\src\request\request.service.ts:316:34[39m

[31m  313 static async getComments(requestId: string, actor: AuthUser) {[39m
[31m  314   // Ensure the user can view the request[39m
[31m  315   await this.getRequestById(requestId, actor);[39m
[31m→ 316   return prisma.approvalAction.findMany({[39m
[31m          where: {[39m
[31m            requestId: "fca9b7da-a577-4953-b0f1-de61b9a1b979",[39m
[31m            action: undefined[39m
[31m          },[39m
[31m          select: {[39m
[31m            id: true,[39m
[31m            comment: true,[39m
[31m            actorId: true,[39m
[31m            createdAt: true,[39m
[31m            ~~~~~~~~~[39m
[31m        ?   requestId?: true,[39m
[31m        ?   stepId?: true,[39m
[31m        ?   action?: true,[39m
[31m        ?   takenAt?: true,[39m
[31m        ?   request?: true[39m
[31m          }[39m
[31m        })[39m

[31mUnknown field `createdAt` for select statement on model `ApprovalAction`. Available options are marked with ?.[39m
[31m    at throwValidationException (C:\Users\vimal\OneDrive\Jubilee hospital demo\mediflow-core\server\node_modules\@prisma\client\src\runtime\core\errorRendering\throwValidationException.ts:46:9)[39m
[31m    at zr.handleRequestError (C:\Users\vimal\OneDrive\Jubilee hospital demo\mediflow-core\server\node_modules\@prisma\client\src\runtime\RequestHandler.ts:211:7)[39m
[31m    at zr.handleAndLogRequestError (C:\Users\vimal\OneDrive\Jubilee hospital demo\mediflow-core\server\node_modules\@prisma\client\src\runtime\RequestHandler.ts:183:12)[39m
[31m    at zr.request (C:\Users\vimal\OneDrive\Jubilee hospital demo\mediflow-core\server\node_modules\@prisma\client\src\runtime\RequestHandler.ts:152:12)[39m
[31m    at process.processTicksAndRejections (node:internal/process/task_queues:103:5)[39m
[31m    at async a (C:\Users\vimal\OneDrive\Jubilee hospital demo\mediflow-core\server\node_modules\@prisma\client\src\runtime\getPrismaClient.ts:963:24)[39m
[31m    at async getComments (C:\Users\vimal\OneDrive\Jubilee hospital demo\mediflow-core\server\src\controllers\request.controller.ts:104:20)[39m
[2026-07-15 00:13:35:1335] [[31merror[39m]: [31m500 - Cannot read properties of undefined (reading 'findMany') - /api/v1/requests/fca9b7da-a577-4953-b0f1-de61b9a1b979/documents - GET - ::1[39m
[2026-07-15 00:13:35:1335] [[31merror[39m]: [31mTypeError: Cannot read properties of undefined (reading 'findMany')[39m
[31m    at RequestService.getDocuments (C:\Users\vimal\OneDrive\Jubilee hospital demo\mediflow-core\server\src\request\request.service.ts:332:28)[39m
[31m    at process.processTicksAndRejections (node:internal/process/task_queues:103:5)[39m
[31m    at async getDocuments (C:\Users\vimal\OneDrive\Jubilee hospital demo\mediflow-core\server\src\controllers\request.controller.ts:110:21)[39m
[2026-07-15 00:13:43:1343] [[31merror[39m]: [31m500 - Cannot read properties of undefined (reading 'findMany') - /api/v1/requests/1b377edc-7782-4ed5-9415-d49e75c91365/documents - GET - ::1[39m
[2026-07-15 00:13:43:1343] [[31merror[39m]: [31mTypeError: Cannot read properties of undefined (reading 'findMany')[39m
[31m    at RequestService.getDocuments (C:\Users\vimal\OneDrive\Jubilee hospital demo\mediflow-core\server\src\request\request.service.ts:332:28)[39m
[31m    at process.processTicksAndRejections (node:internal/process/task_queues:103:5)[39m
[31m    at async getDocuments (C:\Users\vimal\OneDrive\Jubilee hospital demo\mediflow-core\server\src\controllers\request.controller.ts:110:21)[39m
[2026-07-15 00:13:43:1343] [[31merror[39m]: [31m500 - [39m
[31mInvalid `prisma.approvalAction.findMany()` invocation in[39m
[31mC:\Users\vimal\OneDrive\Jubilee hospital demo\mediflow-core\server\src\request\request.service.ts:316:34[39m

[31m  313 static async getComments(requestId: string, actor: AuthUser) {[39m
[31m  314   // Ensure the user can view the request[39m
[31m  315   await this.getRequestById(requestId, actor);[39m
[31m→ 316   return prisma.approvalAction.findMany({[39m
[31m          where: {[39m
[31m            requestId: "1b377edc-7782-4ed5-9415-d49e75c91365",[39m
[31m            action: undefined[39m
[31m          },[39m
[31m          select: {[39m
[31m            id: true,[39m
[31m            comment: true,[39m
[31m            actorId: true,[39m
[31m            createdAt: true,[39m
[31m            ~~~~~~~~~[39m
[31m        ?   requestId?: true,[39m
[31m        ?   stepId?: true,[39m
[31m        ?   action?: true,[39m
[31m        ?   takenAt?: true,[39m
[31m        ?   request?: true[39m
[31m          }[39m
[31m        })[39m

[31mUnknown field `createdAt` for select statement on model `ApprovalAction`. Available options are marked with ?. - /api/v1/requests/1b377edc-7782-4ed5-9415-d49e75c91365/comments - GET - ::1[39m
[2026-07-15 00:13:43:1343] [[31merror[39m]: [31mPrismaClientValidationError: [39m
[31mInvalid `prisma.approvalAction.findMany()` invocation in[39m
[31mC:\Users\vimal\OneDrive\Jubilee hospital demo\mediflow-core\server\src\request\request.service.ts:316:34[39m

[31m  313 static async getComments(requestId: string, actor: AuthUser) {[39m
[31m  314   // Ensure the user can view the request[39m
[31m  315   await this.getRequestById(requestId, actor);[39m
[31m→ 316   return prisma.approvalAction.findMany({[39m
[31m          where: {[39m
[31m            requestId: "1b377edc-7782-4ed5-9415-d49e75c91365",[39m
[31m            action: undefined[39m
[31m          },[39m
[31m          select: {[39m
[31m            id: true,[39m
[31m            comment: true,[39m
[31m            actorId: true,[39m
[31m            createdAt: true,[39m
[31m            ~~~~~~~~~[39m
[31m        ?   requestId?: true,[39m
[31m        ?   stepId?: true,[39m
[31m        ?   action?: true,[39m
[31m        ?   takenAt?: true,[39m
[31m        ?   request?: true[39m
[31m          }[39m
[31m        })[39m

[31mUnknown field `createdAt` for select statement on model `ApprovalAction`. Available options are marked with ?.[39m
[31m    at throwValidationException (C:\Users\vimal\OneDrive\Jubilee hospital demo\mediflow-core\server\node_modules\@prisma\client\src\runtime\core\errorRendering\throwValidationException.ts:46:9)[39m
[31m    at zr.handleRequestError (C:\Users\vimal\OneDrive\Jubilee hospital demo\mediflow-core\server\node_modules\@prisma\client\src\runtime\RequestHandler.ts:211:7)[39m
[31m    at zr.handleAndLogRequestError (C:\Users\vimal\OneDrive\Jubilee hospital demo\mediflow-core\server\node_modules\@prisma\client\src\runtime\RequestHandler.ts:183:12)[39m
[31m    at zr.request (C:\Users\vimal\OneDrive\Jubilee hospital demo\mediflow-core\server\node_modules\@prisma\client\src\runtime\RequestHandler.ts:152:12)[39m
[31m    at process.processTicksAndRejections (node:internal/process/task_queues:103:5)[39m
[31m    at async a (C:\Users\vimal\OneDrive\Jubilee hospital demo\mediflow-core\server\node_modules\@prisma\client\src\runtime\getPrismaClient.ts:963:24)[39m
[31m    at async getComments (C:\Users\vimal\OneDrive\Jubilee hospital demo\mediflow-core\server\src\controllers\request.controller.ts:104:20)[39m
[2026-07-15 00:13:43:1343] [[31merror[39m]: [31m500 - Cannot read properties of undefined (reading 'findMany') - /api/v1/requests/1b377edc-7782-4ed5-9415-d49e75c91365/documents - GET - ::1[39m
[2026-07-15 00:13:43:1343] [[31merror[39m]: [31mTypeError: Cannot read properties of undefined (reading 'findMany')[39m
[31m    at RequestService.getDocuments (C:\Users\vimal\OneDrive\Jubilee hospital demo\mediflow-core\server\src\request\request.service.ts:332:28)[39m
[31m    at process.processTicksAndRejections (node:internal/process/task_queues:103:5)[39m
[31m    at async getDocuments (C:\Users\vimal\OneDrive\Jubilee hospital demo\mediflow-core\server\src\controllers\request.controller.ts:110:21)[39m
[2026-07-15 00:13:43:1343] [[31merror[39m]: [31m500 - [39m
[31mInvalid `prisma.approvalAction.findMany()` invocation in[39m
[31mC:\Users\vimal\OneDrive\Jubilee hospital demo\mediflow-core\server\src\request\request.service.ts:316:34[39m

[31m  313 static async getComments(requestId: string, actor: AuthUser) {[39m
[31m  314   // Ensure the user can view the request[39m
[31m  315   await this.getRequestById(requestId, actor);[39m
[31m→ 316   return prisma.approvalAction.findMany({[39m
[31m          where: {[39m
[31m            requestId: "1b377edc-7782-4ed5-9415-d49e75c91365",[39m
[31m            action: undefined[39m
[31m          },[39m
[31m          select: {[39m
[31m            id: true,[39m
[31m            comment: true,[39m
[31m            actorId: true,[39m
[31m            createdAt: true,[39m
[31m            ~~~~~~~~~[39m
[31m        ?   requestId?: true,[39m
[31m        ?   stepId?: true,[39m
[31m        ?   action?: true,[39m
[31m        ?   takenAt?: true,[39m
[31m        ?   request?: true[39m
[31m          }[39m
[31m        })[39m

[31mUnknown field `createdAt` for select statement on model `ApprovalAction`. Available options are marked with ?. - /api/v1/requests/1b377edc-7782-4ed5-9415-d49e75c91365/comments - GET - ::1[39m
[2026-07-15 00:13:43:1343] [[31merror[39m]: [31mPrismaClientValidationError: [39m
[31mInvalid `prisma.approvalAction.findMany()` invocation in[39m
[31mC:\Users\vimal\OneDrive\Jubilee hospital demo\mediflow-core\server\src\request\request.service.ts:316:34[39m

[31m  313 static async getComments(requestId: string, actor: AuthUser) {[39m
[31m  314   // Ensure the user can view the request[39m
[31m  315   await this.getRequestById(requestId, actor);[39m
[31m→ 316   return prisma.approvalAction.findMany({[39m
[31m          where: {[39m
[31m            requestId: "1b377edc-7782-4ed5-9415-d49e75c91365",[39m
[31m            action: undefined[39m
[31m          },[39m
[31m          select: {[39m
[31m            id: true,[39m
[31m            comment: true,[39m
[31m            actorId: true,[39m
[31m            createdAt: true,[39m
[31m            ~~~~~~~~~[39m
[31m        ?   requestId?: true,[39m
[31m        ?   stepId?: true,[39m
[31m        ?   action?: true,[39m
[31m        ?   takenAt?: true,[39m
[31m        ?   request?: true[39m
[31m          }[39m
[31m        })[39m

[31mUnknown field `createdAt` for select statement on model `ApprovalAction`. Available options are marked with ?.[39m
[31m    at throwValidationException (C:\Users\vimal\OneDrive\Jubilee hospital demo\mediflow-core\server\node_modules\@prisma\client\src\runtime\core\errorRendering\throwValidationException.ts:46:9)[39m
[31m    at zr.handleRequestError (C:\Users\vimal\OneDrive\Jubilee hospital demo\mediflow-core\server\node_modules\@prisma\client\src\runtime\RequestHandler.ts:211:7)[39m
[31m    at zr.handleAndLogRequestError (C:\Users\vimal\OneDrive\Jubilee hospital demo\mediflow-core\server\node_modules\@prisma\client\src\runtime\RequestHandler.ts:183:12)[39m
[31m    at zr.request (C:\Users\vimal\OneDrive\Jubilee hospital demo\mediflow-core\server\node_modules\@prisma\client\src\runtime\RequestHandler.ts:152:12)[39m
[31m    at process.processTicksAndRejections (node:internal/process/task_queues:103:5)[39m
[31m    at async a (C:\Users\vimal\OneDrive\Jubilee hospital demo\mediflow-core\server\node_modules\@prisma\client\src\runtime\getPrismaClient.ts:963:24)[39m
[31m    at async getComments (C:\Users\vimal\OneDrive\Jubilee hospital demo\mediflow-core\server\src\controllers\request.controller.ts:104:20)[39m
[2026-07-15 00:13:51:1351] [[31merror[39m]: [31m500 - [39m
[31mInvalid `prisma.approvalAction.findMany()` invocation in[39m
[31mC:\Users\vimal\OneDrive\Jubilee hospital demo\mediflow-core\server\src\request\request.service.ts:316:34[39m

[31m  313 static async getComments(requestId: string, actor: AuthUser) {[39m
[31m  314   // Ensure the user can view the request[39m
[31m  315   await this.getRequestById(requestId, actor);[39m
[31m→ 316   return prisma.approvalAction.findMany({[39m
[31m          where: {[39m
[31m            requestId: "1b377edc-7782-4ed5-9415-d49e75c91365",[39m
[31m            action: undefined[39m
[31m          },[39m
[31m          select: {[39m
[31m            id: true,[39m
[31m            comment: true,[39m
[31m            actorId: true,[39m
[31m            createdAt: true,[39m
[31m            ~~~~~~~~~[39m
[31m        ?   requestId?: true,[39m
[31m        ?   stepId?: true,[39m
[31m        ?   action?: true,[39m
[31m        ?   takenAt?: true,[39m
[31m        ?   request?: true[39m
[31m          }[39m
[31m        })[39m

[31mUnknown field `createdAt` for select statement on model `ApprovalAction`. Available options are marked with ?. - /api/v1/requests/1b377edc-7782-4ed5-9415-d49e75c91365/comments - GET - ::1[39m
[2026-07-15 00:13:51:1351] [[31merror[39m]: [31mPrismaClientValidationError: [39m
[31mInvalid `prisma.approvalAction.findMany()` invocation in[39m
[31mC:\Users\vimal\OneDrive\Jubilee hospital demo\mediflow-core\server\src\request\request.service.ts:316:34[39m

[31m  313 static async getComments(requestId: string, actor: AuthUser) {[39m
[31m  314   // Ensure the user can view the request[39m
[31m  315   await this.getRequestById(requestId, actor);[39m
[31m→ 316   return prisma.approvalAction.findMany({[39m
[31m          where: {[39m
[31m            requestId: "1b377edc-7782-4ed5-9415-d49e75c91365",[39m
[31m            action: undefined[39m
[31m          },[39m
[31m          select: {[39m
[31m            id: true,[39m
[31m            comment: true,[39m
[31m            actorId: true,[39m
[31m            createdAt: true,[39m
[31m            ~~~~~~~~~[39m
[31m        ?   requestId?: true,[39m
[31m        ?   stepId?: true,[39m
[31m        ?   action?: true,[39m
[31m        ?   takenAt?: true,[39m
[31m        ?   request?: true[39m
[31m          }[39m
[31m        })[39m

[31mUnknown field `createdAt` for select statement on model `ApprovalAction`. Available options are marked with ?.[39m
[31m    at throwValidationException (C:\Users\vimal\OneDrive\Jubilee hospital demo\mediflow-core\server\node_modules\@prisma\client\src\runtime\core\errorRendering\throwValidationException.ts:46:9)[39m
[31m    at zr.handleRequestError (C:\Users\vimal\OneDrive\Jubilee hospital demo\mediflow-core\server\node_modules\@prisma\client\src\runtime\RequestHandler.ts:211:7)[39m
[31m    at zr.handleAndLogRequestError (C:\Users\vimal\OneDrive\Jubilee hospital demo\mediflow-core\server\node_modules\@prisma\client\src\runtime\RequestHandler.ts:183:12)[39m
[31m    at zr.request (C:\Users\vimal\OneDrive\Jubilee hospital demo\mediflow-core\server\node_modules\@prisma\client\src\runtime\RequestHandler.ts:152:12)[39m
[31m    at process.processTicksAndRejections (node:internal/process/task_queues:103:5)[39m
[31m    at async a (C:\Users\vimal\OneDrive\Jubilee hospital demo\mediflow-core\server\node_modules\@prisma\client\src\runtime\getPrismaClient.ts:963:24)[39m
[31m    at async getComments (C:\Users\vimal\OneDrive\Jubilee hospital demo\mediflow-core\server\src\controllers\request.controller.ts:104:20)[39m
[2026-07-15 00:13:51:1351] [[31merror[39m]: [31m500 - Cannot read properties of undefined (reading 'findMany') - /api/v1/requests/1b377edc-7782-4ed5-9415-d49e75c91365/documents - GET - ::1[39m
[2026-07-15 00:13:51:1351] [[31merror[39m]: [31mTypeError: Cannot read properties of undefined (reading 'findMany')[39m
[31m    at RequestService.getDocuments (C:\Users\vimal\OneDrive\Jubilee hospital demo\mediflow-core\server\src\request\request.service.ts:332:28)[39m
[31m    at process.processTicksAndRejections (node:internal/process/task_queues:103:5)[39m
[31m    at async getDocuments (C:\Users\vimal\OneDrive\Jubilee hospital demo\mediflow-core\server\src\controllers\request.controller.ts:110:21)[39m
[2026-07-15 00:13:51:1351] [[31merror[39m]: [31m500 - [39m
[31mInvalid `prisma.approvalAction.findMany()` invocation in[39m
[31mC:\Users\vimal\OneDrive\Jubilee hospital demo\mediflow-core\server\src\request\request.service.ts:316:34[39m

[31m  313 static async getComments(requestId: string, actor: AuthUser) {[39m
[31m  314   // Ensure the user can view the request[39m
[31m  315   await this.getRequestById(requestId, actor);[39m
[31m→ 316   return prisma.approvalAction.findMany({[39m
[31m          where: {[39m
[31m            requestId: "1b377edc-7782-4ed5-9415-d49e75c91365",[39m
[31m            action: undefined[39m
[31m          },[39m
[31m          select: {[39m
[31m            id: true,[39m
[31m            comment: true,[39m
[31m            actorId: true,[39m
[31m            createdAt: true,[39m
[31m            ~~~~~~~~~[39m
[31m        ?   requestId?: true,[39m
[31m        ?   stepId?: true,[39m
[31m        ?   action?: true,[39m
[31m        ?   takenAt?: true,[39m
[31m        ?   request?: true[39m
[31m          }[39m
[31m        })[39m

[31mUnknown field `createdAt` for select statement on model `ApprovalAction`. Available options are marked with ?. - /api/v1/requests/1b377edc-7782-4ed5-9415-d49e75c91365/comments - GET - ::1[39m
[2026-07-15 00:13:51:1351] [[31merror[39m]: [31mPrismaClientValidationError: [39m
[31mInvalid `prisma.approvalAction.findMany()` invocation in[39m
[31mC:\Users\vimal\OneDrive\Jubilee hospital demo\mediflow-core\server\src\request\request.service.ts:316:34[39m

[31m  313 static async getComments(requestId: string, actor: AuthUser) {[39m
[31m  314   // Ensure the user can view the request[39m
[31m  315   await this.getRequestById(requestId, actor);[39m
[31m→ 316   return prisma.approvalAction.findMany({[39m
[31m          where: {[39m
[31m            requestId: "1b377edc-7782-4ed5-9415-d49e75c91365",[39m
[31m            action: undefined[39m
[31m          },[39m
[31m          select: {[39m
[31m            id: true,[39m
[31m            comment: true,[39m
[31m            actorId: true,[39m
[31m            createdAt: true,[39m
[31m            ~~~~~~~~~[39m
[31m        ?   requestId?: true,[39m
[31m        ?   stepId?: true,[39m
[31m        ?   action?: true,[39m
[31m        ?   takenAt?: true,[39m
[31m        ?   request?: true[39m
[31m          }[39m
[31m        })[39m

[31mUnknown field `createdAt` for select statement on model `ApprovalAction`. Available options are marked with ?.[39m
[31m    at throwValidationException (C:\Users\vimal\OneDrive\Jubilee hospital demo\mediflow-core\server\node_modules\@prisma\client\src\runtime\core\errorRendering\throwValidationException.ts:46:9)[39m
[31m    at zr.handleRequestError (C:\Users\vimal\OneDrive\Jubilee hospital demo\mediflow-core\server\node_modules\@prisma\client\src\runtime\RequestHandler.ts:211:7)[39m
[31m    at zr.handleAndLogRequestError (C:\Users\vimal\OneDrive\Jubilee hospital demo\mediflow-core\server\node_modules\@prisma\client\src\runtime\RequestHandler.ts:183:12)[39m
[31m    at zr.request (C:\Users\vimal\OneDrive\Jubilee hospital demo\mediflow-core\server\node_modules\@prisma\client\src\runtime\RequestHandler.ts:152:12)[39m
[31m    at process.processTicksAndRejections (node:internal/process/task_queues:103:5)[39m
[31m    at async a (C:\Users\vimal\OneDrive\Jubilee hospital demo\mediflow-core\server\node_modules\@prisma\client\src\runtime\getPrismaClient.ts:963:24)[39m
[31m    at async getComments (C:\Users\vimal\OneDrive\Jubilee hospital demo\mediflow-core\server\src\controllers\request.controller.ts:104:20)[39m
[2026-07-15 00:13:51:1351] [[31merror[39m]: [31m500 - Cannot read properties of undefined (reading 'findMany') - /api/v1/requests/1b377edc-7782-4ed5-9415-d49e75c91365/documents - GET - ::1[39m
[2026-07-15 00:13:51:1351] [[31merror[39m]: [31mTypeError: Cannot read properties of undefined (reading 'findMany')[39m
[31m    at RequestService.getDocuments (C:\Users\vimal\OneDrive\Jubilee hospital demo\mediflow-core\server\src\request\request.service.ts:332:28)[39m
[31m    at process.processTicksAndRejections (node:internal/process/task_queues:103:5)[39m
[31m    at async getDocuments (C:\Users\vimal\OneDrive\Jubilee hospital demo\mediflow-core\server\src\controllers\request.controller.ts:110:21)[39m
[2026-07-15 00:13:53:1353] [[31merror[39m]: [31m500 - [39m
[31mInvalid `prisma.approvalAction.findMany()` invocation in[39m
[31mC:\Users\vimal\OneDrive\Jubilee hospital demo\mediflow-core\server\src\request\request.service.ts:316:34[39m

[31m  313 static async getComments(requestId: string, actor: AuthUser) {[39m
[31m  314   // Ensure the user can view the request[39m
[31m  315   await this.getRequestById(requestId, actor);[39m
[31m→ 316   return prisma.approvalAction.findMany({[39m
[31m          where: {[39m
[31m            requestId: "fca9b7da-a577-4953-b0f1-de61b9a1b979",[39m
[31m            action: undefined[39m
[31m          },[39m
[31m          select: {[39m
[31m            id: true,[39m
[31m            comment: true,[39m
[31m            actorId: true,[39m
[31m            createdAt: true,[39m
[31m            ~~~~~~~~~[39m
[31m        ?   requestId?: true,[39m
[31m        ?   stepId?: true,[39m
[31m        ?   action?: true,[39m
[31m        ?   takenAt?: true,[39m
[31m        ?   request?: true[39m
[31m          }[39m
[31m        })[39m

[31mUnknown field `createdAt` for select statement on model `ApprovalAction`. Available options are marked with ?. - /api/v1/requests/fca9b7da-a577-4953-b0f1-de61b9a1b979/comments - GET - ::1[39m
[2026-07-15 00:13:53:1353] [[31merror[39m]: [31mPrismaClientValidationError: [39m
[31mInvalid `prisma.approvalAction.findMany()` invocation in[39m
[31mC:\Users\vimal\OneDrive\Jubilee hospital demo\mediflow-core\server\src\request\request.service.ts:316:34[39m

[31m  313 static async getComments(requestId: string, actor: AuthUser) {[39m
[31m  314   // Ensure the user can view the request[39m
[31m  315   await this.getRequestById(requestId, actor);[39m
[31m→ 316   return prisma.approvalAction.findMany({[39m
[31m          where: {[39m
[31m            requestId: "fca9b7da-a577-4953-b0f1-de61b9a1b979",[39m
[31m            action: undefined[39m
[31m          },[39m
[31m          select: {[39m
[31m            id: true,[39m
[31m            comment: true,[39m
[31m            actorId: true,[39m
[31m            createdAt: true,[39m
[31m            ~~~~~~~~~[39m
[31m        ?   requestId?: true,[39m
[31m        ?   stepId?: true,[39m
[31m        ?   action?: true,[39m
[31m        ?   takenAt?: true,[39m
[31m        ?   request?: true[39m
[31m          }[39m
[31m        })[39m

[31mUnknown field `createdAt` for select statement on model `ApprovalAction`. Available options are marked with ?.[39m
[31m    at throwValidationException (C:\Users\vimal\OneDrive\Jubilee hospital demo\mediflow-core\server\node_modules\@prisma\client\src\runtime\core\errorRendering\throwValidationException.ts:46:9)[39m
[31m    at zr.handleRequestError (C:\Users\vimal\OneDrive\Jubilee hospital demo\mediflow-core\server\node_modules\@prisma\client\src\runtime\RequestHandler.ts:211:7)[39m
[31m    at zr.handleAndLogRequestError (C:\Users\vimal\OneDrive\Jubilee hospital demo\mediflow-core\server\node_modules\@prisma\client\src\runtime\RequestHandler.ts:183:12)[39m
[31m    at zr.request (C:\Users\vimal\OneDrive\Jubilee hospital demo\mediflow-core\server\node_modules\@prisma\client\src\runtime\RequestHandler.ts:152:12)[39m
[31m    at process.processTicksAndRejections (node:internal/process/task_queues:103:5)[39m
[31m    at async a (C:\Users\vimal\OneDrive\Jubilee hospital demo\mediflow-core\server\node_modules\@prisma\client\src\runtime\getPrismaClient.ts:963:24)[39m
[31m    at async getComments (C:\Users\vimal\OneDrive\Jubilee hospital demo\mediflow-core\server\src\controllers\request.controller.ts:104:20)[39m
[2026-07-15 00:13:53:1353] [[31merror[39m]: [31m500 - Cannot read properties of undefined (reading 'findMany') - /api/v1/requests/fca9b7da-a577-4953-b0f1-de61b9a1b979/documents - GET - ::1[39m
[2026-07-15 00:13:53:1353] [[31merror[39m]: [31mTypeError: Cannot read properties of undefined (reading 'findMany')[39m
[31m    at RequestService.getDocuments (C:\Users\vimal\OneDrive\Jubilee hospital demo\mediflow-core\server\src\request\request.service.ts:332:28)[39m
[31m    at process.processTicksAndRejections (node:internal/process/task_queues:103:5)[39m
[31m    at async getDocuments (C:\Users\vimal\OneDrive\Jubilee hospital demo\mediflow-core\server\src\controllers\request.controller.ts:110:21)[39m
[2026-07-15 00:13:54:1354] [[31merror[39m]: [31m500 - [39m
[31mInvalid `prisma.approvalAction.findMany()` invocation in[39m
[31mC:\Users\vimal\OneDrive\Jubilee hospital demo\mediflow-core\server\src\request\request.service.ts:316:34[39m

[31m  313 static async getComments(requestId: string, actor: AuthUser) {[39m
[31m  314   // Ensure the user can view the request[39m
[31m  315   await this.getRequestById(requestId, actor);[39m
[31m→ 316   return prisma.approvalAction.findMany({[39m
[31m          where: {[39m
[31m            requestId: "fca9b7da-a577-4953-b0f1-de61b9a1b979",[39m
[31m            action: undefined[39m
[31m          },[39m
[31m          select: {[39m
[31m            id: true,[39m
[31m            comment: true,[39m
[31m            actorId: true,[39m
[31m            createdAt: true,[39m
[31m            ~~~~~~~~~[39m
[31m        ?   requestId?: true,[39m
[31m        ?   stepId?: true,[39m
[31m        ?   action?: true,[39m
[31m        ?   takenAt?: true,[39m
[31m        ?   request?: true[39m
[31m          }[39m
[31m        })[39m

[31mUnknown field `createdAt` for select statement on model `ApprovalAction`. Available options are marked with ?. - /api/v1/requests/fca9b7da-a577-4953-b0f1-de61b9a1b979/comments - GET - ::1[39m
[2026-07-15 00:13:54:1354] [[31merror[39m]: [31mPrismaClientValidationError: [39m
[31mInvalid `prisma.approvalAction.findMany()` invocation in[39m
[31mC:\Users\vimal\OneDrive\Jubilee hospital demo\mediflow-core\server\src\request\request.service.ts:316:34[39m

[31m  313 static async getComments(requestId: string, actor: AuthUser) {[39m
[31m  314   // Ensure the user can view the request[39m
[31m  315   await this.getRequestById(requestId, actor);[39m
[31m→ 316   return prisma.approvalAction.findMany({[39m
[31m          where: {[39m
[31m            requestId: "fca9b7da-a577-4953-b0f1-de61b9a1b979",[39m
[31m            action: undefined[39m
[31m          },[39m
[31m          select: {[39m
[31m            id: true,[39m
[31m            comment: true,[39m
[31m            actorId: true,[39m
[31m            createdAt: true,[39m
[31m            ~~~~~~~~~[39m
[31m        ?   requestId?: true,[39m
[31m        ?   stepId?: true,[39m
[31m        ?   action?: true,[39m
[31m        ?   takenAt?: true,[39m
[31m        ?   request?: true[39m
[31m          }[39m
[31m        })[39m

[31mUnknown field `createdAt` for select statement on model `ApprovalAction`. Available options are marked with ?.[39m
[31m    at throwValidationException (C:\Users\vimal\OneDrive\Jubilee hospital demo\mediflow-core\server\node_modules\@prisma\client\src\runtime\core\errorRendering\throwValidationException.ts:46:9)[39m
[31m    at zr.handleRequestError (C:\Users\vimal\OneDrive\Jubilee hospital demo\mediflow-core\server\node_modules\@prisma\client\src\runtime\RequestHandler.ts:211:7)[39m
[31m    at zr.handleAndLogRequestError (C:\Users\vimal\OneDrive\Jubilee hospital demo\mediflow-core\server\node_modules\@prisma\client\src\runtime\RequestHandler.ts:183:12)[39m
[31m    at zr.request (C:\Users\vimal\OneDrive\Jubilee hospital demo\mediflow-core\server\node_modules\@prisma\client\src\runtime\RequestHandler.ts:152:12)[39m
[31m    at process.processTicksAndRejections (node:internal/process/task_queues:103:5)[39m
[31m    at async a (C:\Users\vimal\OneDrive\Jubilee hospital demo\mediflow-core\server\node_modules\@prisma\client\src\runtime\getPrismaClient.ts:963:24)[39m
[31m    at async getComments (C:\Users\vimal\OneDrive\Jubilee hospital demo\mediflow-core\server\src\controllers\request.controller.ts:104:20)[39m
[2026-07-15 00:13:54:1354] [[31merror[39m]: [31m500 - Cannot read properties of undefined (reading 'findMany') - /api/v1/requests/fca9b7da-a577-4953-b0f1-de61b9a1b979/documents - GET - ::1[39m
[2026-07-15 00:13:54:1354] [[31merror[39m]: [31mTypeError: Cannot read properties of undefined (reading 'findMany')[39m
[31m    at RequestService.getDocuments (C:\Users\vimal\OneDrive\Jubilee hospital demo\mediflow-core\server\src\request\request.service.ts:332:28)[39m
[31m    at process.processTicksAndRejections (node:internal/process/task_queues:103:5)[39m
[31m    at async getDocuments (C:\Users\vimal\OneDrive\Jubilee hospital demo\mediflow-core\server\src\controllers\request.controller.ts:110:21)[39m
[2026-07-15 00:14:02:142] [[31merror[39m]: [31m500 - [39m
[31mInvalid `prisma.approvalAction.findMany()` invocation in[39m
[31mC:\Users\vimal\OneDrive\Jubilee hospital demo\mediflow-core\server\src\request\request.service.ts:316:34[39m

[31m  313 static async getComments(requestId: string, actor: AuthUser) {[39m
[31m  314   // Ensure the user can view the request[39m
[31m  315   await this.getRequestById(requestId, actor);[39m
[31m→ 316   return prisma.approvalAction.findMany({[39m
[31m          where: {[39m
[31m            requestId: "fca9b7da-a577-4953-b0f1-de61b9a1b979",[39m
[31m            action: undefined[39m
[31m          },[39m
[31m          select: {[39m
[31m            id: true,[39m
[31m            comment: true,[39m
[31m            actorId: true,[39m
[31m            createdAt: true,[39m
[31m            ~~~~~~~~~[39m
[31m        ?   requestId?: true,[39m
[31m        ?   stepId?: true,[39m
[31m        ?   action?: true,[39m
[31m        ?   takenAt?: true,[39m
[31m        ?   request?: true[39m
[31m          }[39m
[31m        })[39m

[31mUnknown field `createdAt` for select statement on model `ApprovalAction`. Available options are marked with ?. - /api/v1/requests/fca9b7da-a577-4953-b0f1-de61b9a1b979/comments - GET - ::1[39m
[2026-07-15 00:14:02:142] [[31merror[39m]: [31mPrismaClientValidationError: [39m
[31mInvalid `prisma.approvalAction.findMany()` invocation in[39m
[31mC:\Users\vimal\OneDrive\Jubilee hospital demo\mediflow-core\server\src\request\request.service.ts:316:34[39m

[31m  313 static async getComments(requestId: string, actor: AuthUser) {[39m
[31m  314   // Ensure the user can view the request[39m
[31m  315   await this.getRequestById(requestId, actor);[39m
[31m→ 316   return prisma.approvalAction.findMany({[39m
[31m          where: {[39m
[31m            requestId: "fca9b7da-a577-4953-b0f1-de61b9a1b979",[39m
[31m            action: undefined[39m
[31m          },[39m
[31m          select: {[39m
[31m            id: true,[39m
[31m            comment: true,[39m
[31m            actorId: true,[39m
[31m            createdAt: true,[39m
[31m            ~~~~~~~~~[39m
[31m        ?   requestId?: true,[39m
[31m        ?   stepId?: true,[39m
[31m        ?   action?: true,[39m
[31m        ?   takenAt?: true,[39m
[31m        ?   request?: true[39m
[31m          }[39m
[31m        })[39m

[31mUnknown field `createdAt` for select statement on model `ApprovalAction`. Available options are marked with ?.[39m
[31m    at throwValidationException (C:\Users\vimal\OneDrive\Jubilee hospital demo\mediflow-core\server\node_modules\@prisma\client\src\runtime\core\errorRendering\throwValidationException.ts:46:9)[39m
[31m    at zr.handleRequestError (C:\Users\vimal\OneDrive\Jubilee hospital demo\mediflow-core\server\node_modules\@prisma\client\src\runtime\RequestHandler.ts:211:7)[39m
[31m    at zr.handleAndLogRequestError (C:\Users\vimal\OneDrive\Jubilee hospital demo\mediflow-core\server\node_modules\@prisma\client\src\runtime\RequestHandler.ts:183:12)[39m
[31m    at zr.request (C:\Users\vimal\OneDrive\Jubilee hospital demo\mediflow-core\server\node_modules\@prisma\client\src\runtime\RequestHandler.ts:152:12)[39m
[31m    at process.processTicksAndRejections (node:internal/process/task_queues:103:5)[39m
[31m    at async a (C:\Users\vimal\OneDrive\Jubilee hospital demo\mediflow-core\server\node_modules\@prisma\client\src\runtime\getPrismaClient.ts:963:24)[39m
[31m    at async getComments (C:\Users\vimal\OneDrive\Jubilee hospital demo\mediflow-core\server\src\controllers\request.controller.ts:104:20)[39m
[2026-07-15 00:14:02:142] [[31merror[39m]: [31m500 - Cannot read properties of undefined (reading 'findMany') - /api/v1/requests/fca9b7da-a577-4953-b0f1-de61b9a1b979/documents - GET - ::1[39m
[2026-07-15 00:14:02:142] [[31merror[39m]: [31mTypeError: Cannot read properties of undefined (reading 'findMany')[39m
[31m    at RequestService.getDocuments (C:\Users\vimal\OneDrive\Jubilee hospital demo\mediflow-core\server\src\request\request.service.ts:332:28)[39m
[31m    at process.processTicksAndRejections (node:internal/process/task_queues:103:5)[39m
[31m    at async getDocuments (C:\Users\vimal\OneDrive\Jubilee hospital demo\mediflow-core\server\src\controllers\request.controller.ts:110:21)[39m
[2026-07-15 00:14:02:142] [[31merror[39m]: [31m500 - [39m
[31mInvalid `prisma.approvalAction.findMany()` invocation in[39m
[31mC:\Users\vimal\OneDrive\Jubilee hospital demo\mediflow-core\server\src\request\request.service.ts:316:34[39m

[31m  313 static async getComments(requestId: string, actor: AuthUser) {[39m
[31m  314   // Ensure the user can view the request[39m
[31m  315   await this.getRequestById(requestId, actor);[39m
[31m→ 316   return prisma.approvalAction.findMany({[39m
[31m          where: {[39m
[31m            requestId: "fca9b7da-a577-4953-b0f1-de61b9a1b979",[39m
[31m            action: undefined[39m
[31m          },[39m
[31m          select: {[39m
[31m            id: true,[39m
[31m            comment: true,[39m
[31m            actorId: true,[39m
[31m            createdAt: true,[39m
[31m            ~~~~~~~~~[39m
[31m        ?   requestId?: true,[39m
[31m        ?   stepId?: true,[39m
[31m        ?   action?: true,[39m
[31m        ?   takenAt?: true,[39m
[31m        ?   request?: true[39m
[31m          }[39m
[31m        })[39m

[31mUnknown field `createdAt` for select statement on model `ApprovalAction`. Available options are marked with ?. - /api/v1/requests/fca9b7da-a577-4953-b0f1-de61b9a1b979/comments - GET - ::1[39m
[2026-07-15 00:14:02:142] [[31merror[39m]: [31mPrismaClientValidationError: [39m
[31mInvalid `prisma.approvalAction.findMany()` invocation in[39m
[31mC:\Users\vimal\OneDrive\Jubilee hospital demo\mediflow-core\server\src\request\request.service.ts:316:34[39m

[31m  313 static async getComments(requestId: string, actor: AuthUser) {[39m
[31m  314   // Ensure the user can view the request[39m
[31m  315   await this.getRequestById(requestId, actor);[39m
[31m→ 316   return prisma.approvalAction.findMany({[39m
[31m          where: {[39m
[31m            requestId: "fca9b7da-a577-4953-b0f1-de61b9a1b979",[39m
[31m            action: undefined[39m
[31m          },[39m
[31m          select: {[39m
[31m            id: true,[39m
[31m            comment: true,[39m
[31m            actorId: true,[39m
[31m            createdAt: true,[39m
[31m            ~~~~~~~~~[39m
[31m        ?   requestId?: true,[39m
[31m        ?   stepId?: true,[39m
[31m        ?   action?: true,[39m
[31m        ?   takenAt?: true,[39m
[31m        ?   request?: true[39m
[31m          }[39m
[31m        })[39m

[31mUnknown field `createdAt` for select statement on model `ApprovalAction`. Available options are marked with ?.[39m
[31m    at throwValidationException (C:\Users\vimal\OneDrive\Jubilee hospital demo\mediflow-core\server\node_modules\@prisma\client\src\runtime\core\errorRendering\throwValidationException.ts:46:9)[39m
[31m    at zr.handleRequestError (C:\Users\vimal\OneDrive\Jubilee hospital demo\mediflow-core\server\node_modules\@prisma\client\src\runtime\RequestHandler.ts:211:7)[39m
[31m    at zr.handleAndLogRequestError (C:\Users\vimal\OneDrive\Jubilee hospital demo\mediflow-core\server\node_modules\@prisma\client\src\runtime\RequestHandler.ts:183:12)[39m
[31m    at zr.request (C:\Users\vimal\OneDrive\Jubilee hospital demo\mediflow-core\server\node_modules\@prisma\client\src\runtime\RequestHandler.ts:152:12)[39m
[31m    at process.processTicksAndRejections (node:internal/process/task_queues:103:5)[39m
[31m    at async a (C:\Users\vimal\OneDrive\Jubilee hospital demo\mediflow-core\server\node_modules\@prisma\client\src\runtime\getPrismaClient.ts:963:24)[39m
[31m    at async getComments (C:\Users\vimal\OneDrive\Jubilee hospital demo\mediflow-core\server\src\controllers\request.controller.ts:104:20)[39m
[2026-07-15 00:14:02:142] [[31merror[39m]: [31m500 - Cannot read properties of undefined (reading 'findMany') - /api/v1/requests/fca9b7da-a577-4953-b0f1-de61b9a1b979/documents - GET - ::1[39m
[2026-07-15 00:14:02:142] [[31merror[39m]: [31mTypeError: Cannot read properties of undefined (reading 'findMany')[39m
[31m    at RequestService.getDocuments (C:\Users\vimal\OneDrive\Jubilee hospital demo\mediflow-core\server\src\request\request.service.ts:332:28)[39m
[31m    at process.processTicksAndRejections (node:internal/process/task_queues:103:5)[39m
[31m    at async getDocuments (C:\Users\vimal\OneDrive\Jubilee hospital demo\mediflow-core\server\src\controllers\request.controller.ts:110:21)[39m
[2026-07-15 00:14:14:1414] [[31merror[39m]: [31m500 - [39m
[31mInvalid `prisma.approvalAction.findMany()` invocation in[39m
[31mC:\Users\vimal\OneDrive\Jubilee hospital demo\mediflow-core\server\src\request\request.service.ts:316:34[39m

[31m  313 static async getComments(requestId: string, actor: AuthUser) {[39m
[31m  314   // Ensure the user can view the request[39m
[31m  315   await this.getRequestById(requestId, actor);[39m
[31m→ 316   return prisma.approvalAction.findMany({[39m
[31m          where: {[39m
[31m            requestId: "dd8e6c59-98a6-4555-88ad-0b646b97d296",[39m
[31m            action: undefined[39m
[31m          },[39m
[31m          select: {[39m
[31m            id: true,[39m
[31m            comment: true,[39m
[31m            actorId: true,[39m
[31m            createdAt: true,[39m
[31m            ~~~~~~~~~[39m
[31m        ?   requestId?: true,[39m
[31m        ?   stepId?: true,[39m
[31m        ?   action?: true,[39m
[31m        ?   takenAt?: true,[39m
[31m        ?   request?: true[39m
[31m          }[39m
[31m        })[39m

[31mUnknown field `createdAt` for select statement on model `ApprovalAction`. Available options are marked with ?. - /api/v1/requests/dd8e6c59-98a6-4555-88ad-0b646b97d296/comments - GET - ::1[39m
[2026-07-15 00:14:14:1414] [[31merror[39m]: [31mPrismaClientValidationError: [39m
[31mInvalid `prisma.approvalAction.findMany()` invocation in[39m
[31mC:\Users\vimal\OneDrive\Jubilee hospital demo\mediflow-core\server\src\request\request.service.ts:316:34[39m

[31m  313 static async getComments(requestId: string, actor: AuthUser) {[39m
[31m  314   // Ensure the user can view the request[39m
[31m  315   await this.getRequestById(requestId, actor);[39m
[31m→ 316   return prisma.approvalAction.findMany({[39m
[31m          where: {[39m
[31m            requestId: "dd8e6c59-98a6-4555-88ad-0b646b97d296",[39m
[31m            action: undefined[39m
[31m          },[39m
[31m          select: {[39m
[31m            id: true,[39m
[31m            comment: true,[39m
[31m            actorId: true,[39m
[31m            createdAt: true,[39m
[31m            ~~~~~~~~~[39m
[31m        ?   requestId?: true,[39m
[31m        ?   stepId?: true,[39m
[31m        ?   action?: true,[39m
[31m        ?   takenAt?: true,[39m
[31m        ?   request?: true[39m
[31m          }[39m
[31m        })[39m

[31mUnknown field `createdAt` for select statement on model `ApprovalAction`. Available options are marked with ?.[39m
[31m    at throwValidationException (C:\Users\vimal\OneDrive\Jubilee hospital demo\mediflow-core\server\node_modules\@prisma\client\src\runtime\core\errorRendering\throwValidationException.ts:46:9)[39m
[31m    at zr.handleRequestError (C:\Users\vimal\OneDrive\Jubilee hospital demo\mediflow-core\server\node_modules\@prisma\client\src\runtime\RequestHandler.ts:211:7)[39m
[31m    at zr.handleAndLogRequestError (C:\Users\vimal\OneDrive\Jubilee hospital demo\mediflow-core\server\node_modules\@prisma\client\src\runtime\RequestHandler.ts:183:12)[39m
[31m    at zr.request (C:\Users\vimal\OneDrive\Jubilee hospital demo\mediflow-core\server\node_modules\@prisma\client\src\runtime\RequestHandler.ts:152:12)[39m
[31m    at process.processTicksAndRejections (node:internal/process/task_queues:103:5)[39m
[31m    at async a (C:\Users\vimal\OneDrive\Jubilee hospital demo\mediflow-core\server\node_modules\@prisma\client\src\runtime\getPrismaClient.ts:963:24)[39m
[31m    at async getComments (C:\Users\vimal\OneDrive\Jubilee hospital demo\mediflow-core\server\src\controllers\request.controller.ts:104:20)[39m
[2026-07-15 00:14:14:1414] [[31merror[39m]: [31m500 - Cannot read properties of undefined (reading 'findMany') - /api/v1/requests/dd8e6c59-98a6-4555-88ad-0b646b97d296/documents - GET - ::1[39m
[2026-07-15 00:14:14:1414] [[31merror[39m]: [31mTypeError: Cannot read properties of undefined (reading 'findMany')[39m
[31m    at RequestService.getDocuments (C:\Users\vimal\OneDrive\Jubilee hospital demo\mediflow-core\server\src\request\request.service.ts:332:28)[39m
[31m    at process.processTicksAndRejections (node:internal/process/task_queues:103:5)[39m
[31m    at async getDocuments (C:\Users\vimal\OneDrive\Jubilee hospital demo\mediflow-core\server\src\controllers\request.controller.ts:110:21)[39m
[2026-07-15 00:14:15:1415] [[31merror[39m]: [31m500 - [39m
[31mInvalid `prisma.approvalAction.findMany()` invocation in[39m
[31mC:\Users\vimal\OneDrive\Jubilee hospital demo\mediflow-core\server\src\request\request.service.ts:316:34[39m

[31m  313 static async getComments(requestId: string, actor: AuthUser) {[39m
[31m  314   // Ensure the user can view the request[39m
[31m  315   await this.getRequestById(requestId, actor);[39m
[31m→ 316   return prisma.approvalAction.findMany({[39m
[31m          where: {[39m
[31m            requestId: "dd8e6c59-98a6-4555-88ad-0b646b97d296",[39m
[31m            action: undefined[39m
[31m          },[39m
[31m          select: {[39m
[31m            id: true,[39m
[31m            comment: true,[39m
[31m            actorId: true,[39m
[31m            createdAt: true,[39m
[31m            ~~~~~~~~~[39m
[31m        ?   requestId?: true,[39m
[31m        ?   stepId?: true,[39m
[31m        ?   action?: true,[39m
[31m        ?   takenAt?: true,[39m
[31m        ?   request?: true[39m
[31m          }[39m
[31m        })[39m

[31mUnknown field `createdAt` for select statement on model `ApprovalAction`. Available options are marked with ?. - /api/v1/requests/dd8e6c59-98a6-4555-88ad-0b646b97d296/comments - GET - ::1[39m
[2026-07-15 00:14:15:1415] [[31merror[39m]: [31mPrismaClientValidationError: [39m
[31mInvalid `prisma.approvalAction.findMany()` invocation in[39m
[31mC:\Users\vimal\OneDrive\Jubilee hospital demo\mediflow-core\server\src\request\request.service.ts:316:34[39m

[31m  313 static async getComments(requestId: string, actor: AuthUser) {[39m
[31m  314   // Ensure the user can view the request[39m
[31m  315   await this.getRequestById(requestId, actor);[39m
[31m→ 316   return prisma.approvalAction.findMany({[39m
[31m          where: {[39m
[31m            requestId: "dd8e6c59-98a6-4555-88ad-0b646b97d296",[39m
[31m            action: undefined[39m
[31m          },[39m
[31m          select: {[39m
[31m            id: true,[39m
[31m            comment: true,[39m
[31m            actorId: true,[39m
[31m            createdAt: true,[39m
[31m            ~~~~~~~~~[39m
[31m        ?   requestId?: true,[39m
[31m        ?   stepId?: true,[39m
[31m        ?   action?: true,[39m
[31m        ?   takenAt?: true,[39m
[31m        ?   request?: true[39m
[31m          }[39m
[31m        })[39m

[31mUnknown field `createdAt` for select statement on model `ApprovalAction`. Available options are marked with ?.[39m
[31m    at throwValidationException (C:\Users\vimal\OneDrive\Jubilee hospital demo\mediflow-core\server\node_modules\@prisma\client\src\runtime\core\errorRendering\throwValidationException.ts:46:9)[39m
[31m    at zr.handleRequestError (C:\Users\vimal\OneDrive\Jubilee hospital demo\mediflow-core\server\node_modules\@prisma\client\src\runtime\RequestHandler.ts:211:7)[39m
[31m    at zr.handleAndLogRequestError (C:\Users\vimal\OneDrive\Jubilee hospital demo\mediflow-core\server\node_modules\@prisma\client\src\runtime\RequestHandler.ts:183:12)[39m
[31m    at zr.request (C:\Users\vimal\OneDrive\Jubilee hospital demo\mediflow-core\server\node_modules\@prisma\client\src\runtime\RequestHandler.ts:152:12)[39m
[31m    at process.processTicksAndRejections (node:internal/process/task_queues:103:5)[39m
[31m    at async a (C:\Users\vimal\OneDrive\Jubilee hospital demo\mediflow-core\server\node_modules\@prisma\client\src\runtime\getPrismaClient.ts:963:24)[39m
[31m    at async getComments (C:\Users\vimal\OneDrive\Jubilee hospital demo\mediflow-core\server\src\controllers\request.controller.ts:104:20)[39m
[2026-07-15 00:14:15:1415] [[31merror[39m]: [31m500 - Cannot read properties of undefined (reading 'findMany') - /api/v1/requests/dd8e6c59-98a6-4555-88ad-0b646b97d296/documents - GET - ::1[39m
[2026-07-15 00:14:15:1415] [[31merror[39m]: [31mTypeError: Cannot read properties of undefined (reading 'findMany')[39m
[31m    at RequestService.getDocuments (C:\Users\vimal\OneDrive\Jubilee hospital demo\mediflow-core\server\src\request\request.service.ts:332:28)[39m
[31m    at process.processTicksAndRejections (node:internal/process/task_queues:103:5)[39m
[31m    at async getDocuments (C:\Users\vimal\OneDrive\Jubilee hospital demo\mediflow-core\server\src\controllers\request.controller.ts:110:21)[39m
[2026-07-15 00:15:14:1514] [[31merror[39m]: [31m500 - [39m
[31mInvalid `prisma.approvalAction.findMany()` invocation in[39m
[31mC:\Users\vimal\OneDrive\Jubilee hospital demo\mediflow-core\server\src\request\request.service.ts:316:34[39m

[31m  313 static async getComments(requestId: string, actor: AuthUser) {[39m
[31m  314   // Ensure the user can view the request[39m
[31m  315   await this.getRequestById(requestId, actor);[39m
[31m→ 316   return prisma.approvalAction.findMany({[39m
[31m          where: {[39m
[31m            requestId: "dd8e6c59-98a6-4555-88ad-0b646b97d296",[39m
[31m            action: undefined[39m
[31m          },[39m
[31m          select: {[39m
[31m            id: true,[39m
[31m            comment: true,[39m
[31m            actorId: true,[39m
[31m            createdAt: true,[39m
[31m            ~~~~~~~~~[39m
[31m        ?   requestId?: true,[39m
[31m        ?   stepId?: true,[39m
[31m        ?   action?: true,[39m
[31m        ?   takenAt?: true,[39m
[31m        ?   request?: true[39m
[31m          }[39m
[31m        })[39m

[31mUnknown field `createdAt` for select statement on model `ApprovalAction`. Available options are marked with ?. - /api/v1/requests/dd8e6c59-98a6-4555-88ad-0b646b97d296/comments - GET - ::1[39m
[2026-07-15 00:15:14:1514] [[31merror[39m]: [31mPrismaClientValidationError: [39m
[31mInvalid `prisma.approvalAction.findMany()` invocation in[39m
[31mC:\Users\vimal\OneDrive\Jubilee hospital demo\mediflow-core\server\src\request\request.service.ts:316:34[39m

[31m  313 static async getComments(requestId: string, actor: AuthUser) {[39m
[31m  314   // Ensure the user can view the request[39m
[31m  315   await this.getRequestById(requestId, actor);[39m
[31m→ 316   return prisma.approvalAction.findMany({[39m
[31m          where: {[39m
[31m            requestId: "dd8e6c59-98a6-4555-88ad-0b646b97d296",[39m
[31m            action: undefined[39m
[31m          },[39m
[31m          select: {[39m
[31m            id: true,[39m
[31m            comment: true,[39m
[31m            actorId: true,[39m
[31m            createdAt: true,[39m
[31m            ~~~~~~~~~[39m
[31m        ?   requestId?: true,[39m
[31m        ?   stepId?: true,[39m
[31m        ?   action?: true,[39m
[31m        ?   takenAt?: true,[39m
[31m        ?   request?: true[39m
[31m          }[39m
[31m        })[39m

[31mUnknown field `createdAt` for select statement on model `ApprovalAction`. Available options are marked with ?.[39m
[31m    at throwValidationException (C:\Users\vimal\OneDrive\Jubilee hospital demo\mediflow-core\server\node_modules\@prisma\client\src\runtime\core\errorRendering\throwValidationException.ts:46:9)[39m
[31m    at zr.handleRequestError (C:\Users\vimal\OneDrive\Jubilee hospital demo\mediflow-core\server\node_modules\@prisma\client\src\runtime\RequestHandler.ts:211:7)[39m
[31m    at zr.handleAndLogRequestError (C:\Users\vimal\OneDrive\Jubilee hospital demo\mediflow-core\server\node_modules\@prisma\client\src\runtime\RequestHandler.ts:183:12)[39m
[31m    at zr.request (C:\Users\vimal\OneDrive\Jubilee hospital demo\mediflow-core\server\node_modules\@prisma\client\src\runtime\RequestHandler.ts:152:12)[39m
[31m    at process.processTicksAndRejections (node:internal/process/task_queues:103:5)[39m
[31m    at async a (C:\Users\vimal\OneDrive\Jubilee hospital demo\mediflow-core\server\node_modules\@prisma\client\src\runtime\getPrismaClient.ts:963:24)[39m
[31m    at async getComments (C:\Users\vimal\OneDrive\Jubilee hospital demo\mediflow-core\server\src\controllers\request.controller.ts:104:20)[39m
[2026-07-15 00:15:14:1514] [[31merror[39m]: [31m500 - Cannot read properties of undefined (reading 'findMany') - /api/v1/requests/dd8e6c59-98a6-4555-88ad-0b646b97d296/documents - GET - ::1[39m
[2026-07-15 00:15:14:1514] [[31merror[39m]: [31mTypeError: Cannot read properties of undefined (reading 'findMany')[39m
[31m    at RequestService.getDocuments (C:\Users\vimal\OneDrive\Jubilee hospital demo\mediflow-core\server\src\request\request.service.ts:332:28)[39m
[31m    at process.processTicksAndRejections (node:internal/process/task_queues:103:5)[39m
[31m    at async getDocuments (C:\Users\vimal\OneDrive\Jubilee hospital demo\mediflow-core\server\src\controllers\request.controller.ts:110:21)[39m
[2026-07-15 00:15:15:1515] [[31merror[39m]: [31m500 - [39m
[31mInvalid `prisma.approvalAction.findMany()` invocation in[39m
[31mC:\Users\vimal\OneDrive\Jubilee hospital demo\mediflow-core\server\src\request\request.service.ts:316:34[39m

[31m  313 static async getComments(requestId: string, actor: AuthUser) {[39m
[31m  314   // Ensure the user can view the request[39m
[31m  315   await this.getRequestById(requestId, actor);[39m
[31m→ 316   return prisma.approvalAction.findMany({[39m
[31m          where: {[39m
[31m            requestId: "dd8e6c59-98a6-4555-88ad-0b646b97d296",[39m
[31m            action: undefined[39m
[31m          },[39m
[31m          select: {[39m
[31m            id: true,[39m
[31m            comment: true,[39m
[31m            actorId: true,[39m
[31m            createdAt: true,[39m
[31m            ~~~~~~~~~[39m
[31m        ?   requestId?: true,[39m
[31m        ?   stepId?: true,[39m
[31m        ?   action?: true,[39m
[31m        ?   takenAt?: true,[39m
[31m        ?   request?: true[39m
[31m          }[39m
[31m        })[39m

[31mUnknown field `createdAt` for select statement on model `ApprovalAction`. Available options are marked with ?. - /api/v1/requests/dd8e6c59-98a6-4555-88ad-0b646b97d296/comments - GET - ::1[39m
[2026-07-15 00:15:15:1515] [[31merror[39m]: [31mPrismaClientValidationError: [39m
[31mInvalid `prisma.approvalAction.findMany()` invocation in[39m
[31mC:\Users\vimal\OneDrive\Jubilee hospital demo\mediflow-core\server\src\request\request.service.ts:316:34[39m

[31m  313 static async getComments(requestId: string, actor: AuthUser) {[39m
[31m  314   // Ensure the user can view the request[39m
[31m  315   await this.getRequestById(requestId, actor);[39m
[31m→ 316   return prisma.approvalAction.findMany({[39m
[31m          where: {[39m
[31m            requestId: "dd8e6c59-98a6-4555-88ad-0b646b97d296",[39m
[31m            action: undefined[39m
[31m          },[39m
[31m          select: {[39m
[31m            id: true,[39m
[31m            comment: true,[39m
[31m            actorId: true,[39m
[31m            createdAt: true,[39m
[31m            ~~~~~~~~~[39m
[31m        ?   requestId?: true,[39m
[31m        ?   stepId?: true,[39m
[31m        ?   action?: true,[39m
[31m        ?   takenAt?: true,[39m
[31m        ?   request?: true[39m
[31m          }[39m
[31m        })[39m

[31mUnknown field `createdAt` for select statement on model `ApprovalAction`. Available options are marked with ?.[39m
[31m    at throwValidationException (C:\Users\vimal\OneDrive\Jubilee hospital demo\mediflow-core\server\node_modules\@prisma\client\src\runtime\core\errorRendering\throwValidationException.ts:46:9)[39m
[31m    at zr.handleRequestError (C:\Users\vimal\OneDrive\Jubilee hospital demo\mediflow-core\server\node_modules\@prisma\client\src\runtime\RequestHandler.ts:211:7)[39m
[31m    at zr.handleAndLogRequestError (C:\Users\vimal\OneDrive\Jubilee hospital demo\mediflow-core\server\node_modules\@prisma\client\src\runtime\RequestHandler.ts:183:12)[39m
[31m    at zr.request (C:\Users\vimal\OneDrive\Jubilee hospital demo\mediflow-core\server\node_modules\@prisma\client\src\runtime\RequestHandler.ts:152:12)[39m
[31m    at process.processTicksAndRejections (node:internal/process/task_queues:103:5)[39m
[31m    at async a (C:\Users\vimal\OneDrive\Jubilee hospital demo\mediflow-core\server\node_modules\@prisma\client\src\runtime\getPrismaClient.ts:963:24)[39m
[31m    at async getComments (C:\Users\vimal\OneDrive\Jubilee hospital demo\mediflow-core\server\src\controllers\request.controller.ts:104:20)[39m
[2026-07-15 00:15:15:1515] [[31merror[39m]: [31m500 - [39m
[31mInvalid `prisma.approvalAction.findMany()` invocation in[39m
[31mC:\Users\vimal\OneDrive\Jubilee hospital demo\mediflow-core\server\src\request\request.service.ts:316:34[39m

[31m  313 static async getComments(requestId: string, actor: AuthUser) {[39m
[31m  314   // Ensure the user can view the request[39m
[31m  315   await this.getRequestById(requestId, actor);[39m
[31m→ 316   return prisma.approvalAction.findMany({[39m
[31m          where: {[39m
[31m            requestId: "fca9b7da-a577-4953-b0f1-de61b9a1b979",[39m
[31m            action: undefined[39m
[31m          },[39m
[31m          select: {[39m
[31m            id: true,[39m
[31m            comment: true,[39m
[31m            actorId: true,[39m
[31m            createdAt: true,[39m
[31m            ~~~~~~~~~[39m
[31m        ?   requestId?: true,[39m
[31m        ?   stepId?: true,[39m
[31m        ?   action?: true,[39m
[31m        ?   takenAt?: true,[39m
[31m        ?   request?: true[39m
[31m          }[39m
[31m        })[39m

[31mUnknown field `createdAt` for select statement on model `ApprovalAction`. Available options are marked with ?. - /api/v1/requests/fca9b7da-a577-4953-b0f1-de61b9a1b979/comments - GET - ::1[39m
[2026-07-15 00:15:15:1515] [[31merror[39m]: [31mPrismaClientValidationError: [39m
[31mInvalid `prisma.approvalAction.findMany()` invocation in[39m
[31mC:\Users\vimal\OneDrive\Jubilee hospital demo\mediflow-core\server\src\request\request.service.ts:316:34[39m

[31m  313 static async getComments(requestId: string, actor: AuthUser) {[39m
[31m  314   // Ensure the user can view the request[39m
[31m  315   await this.getRequestById(requestId, actor);[39m
[31m→ 316   return prisma.approvalAction.findMany({[39m
[31m          where: {[39m
[31m            requestId: "fca9b7da-a577-4953-b0f1-de61b9a1b979",[39m
[31m            action: undefined[39m
[31m          },[39m
[31m          select: {[39m
[31m            id: true,[39m
[31m            comment: true,[39m
[31m            actorId: true,[39m
[31m            createdAt: true,[39m
[31m            ~~~~~~~~~[39m
[31m        ?   requestId?: true,[39m
[31m        ?   stepId?: true,[39m
[31m        ?   action?: true,[39m
[31m        ?   takenAt?: true,[39m
[31m        ?   request?: true[39m
[31m          }[39m
[31m        })[39m

[31mUnknown field `createdAt` for select statement on model `ApprovalAction`. Available options are marked with ?.[39m
[31m    at throwValidationException (C:\Users\vimal\OneDrive\Jubilee hospital demo\mediflow-core\server\node_modules\@prisma\client\src\runtime\core\errorRendering\throwValidationException.ts:46:9)[39m
[31m    at zr.handleRequestError (C:\Users\vimal\OneDrive\Jubilee hospital demo\mediflow-core\server\node_modules\@prisma\client\src\runtime\RequestHandler.ts:211:7)[39m
[31m    at zr.handleAndLogRequestError (C:\Users\vimal\OneDrive\Jubilee hospital demo\mediflow-core\server\node_modules\@prisma\client\src\runtime\RequestHandler.ts:183:12)[39m
[31m    at zr.request (C:\Users\vimal\OneDrive\Jubilee hospital demo\mediflow-core\server\node_modules\@prisma\client\src\runtime\RequestHandler.ts:152:12)[39m
[31m    at process.processTicksAndRejections (node:internal/process/task_queues:103:5)[39m
[31m    at async a (C:\Users\vimal\OneDrive\Jubilee hospital demo\mediflow-core\server\node_modules\@prisma\client\src\runtime\getPrismaClient.ts:963:24)[39m
[31m    at async getComments (C:\Users\vimal\OneDrive\Jubilee hospital demo\mediflow-core\server\src\controllers\request.controller.ts:104:20)[39m
[2026-07-15 00:15:15:1515] [[31merror[39m]: [31m500 - Cannot read properties of undefined (reading 'findMany') - /api/v1/requests/fca9b7da-a577-4953-b0f1-de61b9a1b979/documents - GET - ::1[39m
[2026-07-15 00:15:15:1515] [[31merror[39m]: [31mTypeError: Cannot read properties of undefined (reading 'findMany')[39m
[31m    at RequestService.getDocuments (C:\Users\vimal\OneDrive\Jubilee hospital demo\mediflow-core\server\src\request\request.service.ts:332:28)[39m
[31m    at process.processTicksAndRejections (node:internal/process/task_queues:103:5)[39m
[31m    at async getDocuments (C:\Users\vimal\OneDrive\Jubilee hospital demo\mediflow-core\server\src\controllers\request.controller.ts:110:21)[39m
[2026-07-15 00:15:15:1515] [[31merror[39m]: [31m500 - Cannot read properties of undefined (reading 'findMany') - /api/v1/requests/dd8e6c59-98a6-4555-88ad-0b646b97d296/documents - GET - ::1[39m
[2026-07-15 00:15:15:1515] [[31merror[39m]: [31mTypeError: Cannot read properties of undefined (reading 'findMany')[39m
[31m    at RequestService.getDocuments (C:\Users\vimal\OneDrive\Jubilee hospital demo\mediflow-core\server\src\request\request.service.ts:332:28)[39m
[31m    at process.processTicksAndRejections (node:internal/process/task_queues:103:5)[39m
[31m    at async getDocuments (C:\Users\vimal\OneDrive\Jubilee hospital demo\mediflow-core\server\src\controllers\request.controller.ts:110:21)[39m
[2026-07-15 00:15:15:1515] [[31merror[39m]: [31m500 - [39m
[31mInvalid `prisma.approvalAction.findMany()` invocation in[39m
[31mC:\Users\vimal\OneDrive\Jubilee hospital demo\mediflow-core\server\src\request\request.service.ts:316:34[39m

[31m  313 static async getComments(requestId: string, actor: AuthUser) {[39m
[31m  314   // Ensure the user can view the request[39m
[31m  315   await this.getRequestById(requestId, actor);[39m
[31m→ 316   return prisma.approvalAction.findMany({[39m
[31m          where: {[39m
[31m            requestId: "fca9b7da-a577-4953-b0f1-de61b9a1b979",[39m
[31m            action: undefined[39m
[31m          },[39m
[31m          select: {[39m
[31m            id: true,[39m
[31m            comment: true,[39m
[31m            actorId: true,[39m
[31m            createdAt: true,[39m
[31m            ~~~~~~~~~[39m
[31m        ?   requestId?: true,[39m
[31m        ?   stepId?: true,[39m
[31m        ?   action?: true,[39m
[31m        ?   takenAt?: true,[39m
[31m        ?   request?: true[39m
[31m          }[39m
[31m        })[39m

[31mUnknown field `createdAt` for select statement on model `ApprovalAction`. Available options are marked with ?. - /api/v1/requests/fca9b7da-a577-4953-b0f1-de61b9a1b979/comments - GET - ::1[39m
[2026-07-15 00:15:15:1515] [[31merror[39m]: [31mPrismaClientValidationError: [39m
[31mInvalid `prisma.approvalAction.findMany()` invocation in[39m
[31mC:\Users\vimal\OneDrive\Jubilee hospital demo\mediflow-core\server\src\request\request.service.ts:316:34[39m

[31m  313 static async getComments(requestId: string, actor: AuthUser) {[39m
[31m  314   // Ensure the user can view the request[39m
[31m  315   await this.getRequestById(requestId, actor);[39m
[31m→ 316   return prisma.approvalAction.findMany({[39m
[31m          where: {[39m
[31m            requestId: "fca9b7da-a577-4953-b0f1-de61b9a1b979",[39m
[31m            action: undefined[39m
[31m          },[39m
[31m          select: {[39m
[31m            id: true,[39m
[31m            comment: true,[39m
[31m            actorId: true,[39m
[31m            createdAt: true,[39m
[31m            ~~~~~~~~~[39m
[31m        ?   requestId?: true,[39m
[31m        ?   stepId?: true,[39m
[31m        ?   action?: true,[39m
[31m        ?   takenAt?: true,[39m
[31m        ?   request?: true[39m
[31m          }[39m
[31m        })[39m

[31mUnknown field `createdAt` for select statement on model `ApprovalAction`. Available options are marked with ?.[39m
[31m    at throwValidationException (C:\Users\vimal\OneDrive\Jubilee hospital demo\mediflow-core\server\node_modules\@prisma\client\src\runtime\core\errorRendering\throwValidationException.ts:46:9)[39m
[31m    at zr.handleRequestError (C:\Users\vimal\OneDrive\Jubilee hospital demo\mediflow-core\server\node_modules\@prisma\client\src\runtime\RequestHandler.ts:211:7)[39m
[31m    at zr.handleAndLogRequestError (C:\Users\vimal\OneDrive\Jubilee hospital demo\mediflow-core\server\node_modules\@prisma\client\src\runtime\RequestHandler.ts:183:12)[39m
[31m    at zr.request (C:\Users\vimal\OneDrive\Jubilee hospital demo\mediflow-core\server\node_modules\@prisma\client\src\runtime\RequestHandler.ts:152:12)[39m
[31m    at process.processTicksAndRejections (node:internal/process/task_queues:103:5)[39m
[31m    at async a (C:\Users\vimal\OneDrive\Jubilee hospital demo\mediflow-core\server\node_modules\@prisma\client\src\runtime\getPrismaClient.ts:963:24)[39m
[31m    at async getComments (C:\Users\vimal\OneDrive\Jubilee hospital demo\mediflow-core\server\src\controllers\request.controller.ts:104:20)[39m
[2026-07-15 00:15:15:1515] [[31merror[39m]: [31m500 - Cannot read properties of undefined (reading 'findMany') - /api/v1/requests/fca9b7da-a577-4953-b0f1-de61b9a1b979/documents - GET - ::1[39m
[2026-07-15 00:15:15:1515] [[31merror[39m]: [31mTypeError: Cannot read properties of undefined (reading 'findMany')[39m
[31m    at RequestService.getDocuments (C:\Users\vimal\OneDrive\Jubilee hospital demo\mediflow-core\server\src\request\request.service.ts:332:28)[39m
[31m    at process.processTicksAndRejections (node:internal/process/task_queues:103:5)[39m
[31m    at async getDocuments (C:\Users\vimal\OneDrive\Jubilee hospital demo\mediflow-core\server\src\controllers\request.controller.ts:110:21)[39m
[2026-07-15 00:15:40:1540] [[32minfo[39m]: [32mServer is running in development mode on port 5000[39m
[2026-07-15 00:16:44:1644] [[32minfo[39m]: [32mServer is running in development mode on port 5000[39m
[2026-07-15 00:17:38:1738] [[31merror[39m]: [31m403 - You are not allowed to submit this request. - /api/v1/requests/fca9b7da-a577-4953-b0f1-de61b9a1b979/submit - POST - ::1[39m
[2026-07-15 00:17:38:1738] [[31merror[39m]: [31mError: You are not allowed to submit this request.[39m
[31m    at WorkflowEngine.submitRequest (C:\Users\vimal\OneDrive\Jubilee hospital demo\mediflow-core\server\src\core\WorkflowEngine.ts:46:13)[39m
[31m    at process.processTicksAndRejections (node:internal/process/task_queues:103:5)[39m
[31m    at async submitRequest (C:\Users\vimal\OneDrive\Jubilee hospital demo\mediflow-core\server\src\controllers\request.controller.ts:33:18)[39m
[2026-07-15 00:17:45:1745] [[31merror[39m]: [31m403 - You are not allowed to submit this request. - /api/v1/requests/fca9b7da-a577-4953-b0f1-de61b9a1b979/submit - POST - ::1[39m
[2026-07-15 00:17:45:1745] [[31merror[39m]: [31mError: You are not allowed to submit this request.[39m
[31m    at WorkflowEngine.submitRequest (C:\Users\vimal\OneDrive\Jubilee hospital demo\mediflow-core\server\src\core\WorkflowEngine.ts:46:13)[39m
[31m    at process.processTicksAndRejections (node:internal/process/task_queues:103:5)[39m
[31m    at async submitRequest (C:\Users\vimal\OneDrive\Jubilee hospital demo\mediflow-core\server\src\controllers\request.controller.ts:33:18)[39m
[2026-07-15 00:17:56:1756] [[31merror[39m]: [31m403 - You are not allowed to submit this request. - /api/v1/requests/4503a7a7-9bd1-4ee8-a0cd-0746cb2477b3/submit - POST - ::1[39m
[2026-07-15 00:17:56:1756] [[31merror[39m]: [31mError: You are not allowed to submit this request.[39m
[31m    at WorkflowEngine.submitRequest (C:\Users\vimal\OneDrive\Jubilee hospital demo\mediflow-core\server\src\core\WorkflowEngine.ts:46:13)[39m
[31m    at process.processTicksAndRejections (node:internal/process/task_queues:103:5)[39m
[31m    at async submitRequest (C:\Users\vimal\OneDrive\Jubilee hospital demo\mediflow-core\server\src\controllers\request.controller.ts:33:18)[39m
[2026-07-15 00:23:15:2315] [[32minfo[39m]: [32mServer is running in development mode on port 5000[39m
[2026-07-15 03:08:23:823] [[31merror[39m]: [31m401 - Invalid email or password. - /api/v1/auth/login - POST - ::1[39m
[2026-07-15 03:08:23:823] [[31merror[39m]: [31mError: Invalid email or password.[39m
[31m    at <anonymous> (C:\Users\vimal\OneDrive\Jubilee hospital demo\mediflow-core\server\src\routes\auth.ts:25:19)[39m
[31m    at process.processTicksAndRejections (node:internal/process/task_queues:103:5)[39m
[2026-07-15 03:08:28:828] [[31merror[39m]: [31m401 - Invalid email or password. - /api/v1/auth/login - POST - ::1[39m
[2026-07-15 03:08:28:828] [[31merror[39m]: [31mError: Invalid email or password.[39m
[31m    at <anonymous> (C:\Users\vimal\OneDrive\Jubilee hospital demo\mediflow-core\server\src\routes\auth.ts:25:19)[39m
[31m    at process.processTicksAndRejections (node:internal/process/task_queues:103:5)[39m
[2026-07-15 03:09:33:933] [[31merror[39m]: [31m401 - Invalid email or password. - /api/v1/auth/login - POST - ::1[39m
[2026-07-15 03:09:33:933] [[31merror[39m]: [31mError: Invalid email or password.[39m
[31m    at <anonymous> (C:\Users\vimal\OneDrive\Jubilee hospital demo\mediflow-core\server\src\routes\auth.ts:25:19)[39m
[2026-07-15 03:09:50:950] [[31merror[39m]: [31m401 - Invalid email or password. - /api/v1/auth/login - POST - ::1[39m
[2026-07-15 03:09:50:950] [[31merror[39m]: [31mError: Invalid email or password.[39m
[31m    at <anonymous> (C:\Users\vimal\OneDrive\Jubilee hospital demo\mediflow-core\server\src\routes\auth.ts:25:19)[39m
[31m    at process.processTicksAndRejections (node:internal/process/task_queues:103:5)[39m
[2026-07-15 03:12:00:120] [[31merror[39m]: [31m401 - Invalid email or password. - /api/v1/auth/login - POST - ::1[39m
[2026-07-15 03:12:00:120] [[31merror[39m]: [31mError: Invalid email or password.[39m
[31m    at <anonymous> (C:\Users\vimal\OneDrive\Jubilee hospital demo\mediflow-core\server\src\routes\auth.ts:25:19)[39m
[31m    at process.processTicksAndRejections (node:internal/process/task_queues:103:5)[39m
[2026-07-15 03:15:26:1526] [[31merror[39m]: [31m403 - You are not allowed to view this request. - /api/v1/requests/fca9b7da-a577-4953-b0f1-de61b9a1b979/comments - GET - ::1[39m
[2026-07-15 03:15:26:1526] [[31merror[39m]: [31mError: You are not allowed to view this request.[39m
[31m    at RequestService.getRequestById (C:\Users\vimal\OneDrive\Jubilee hospital demo\mediflow-core\server\src\request\request.service.ts:227:13)[39m
[31m    at process.processTicksAndRejections (node:internal/process/task_queues:103:5)[39m
[31m    at async RequestService.getComments (C:\Users\vimal\OneDrive\Jubilee hospital demo\mediflow-core\server\src\request\request.service.ts:322:5)[39m
[31m    at async getComments (C:\Users\vimal\OneDrive\Jubilee hospital demo\mediflow-core\server\src\controllers\request.controller.ts:104:20)[39m
[2026-07-15 03:15:27:1527] [[31merror[39m]: [31m403 - You are not allowed to view this request. - /api/v1/requests/fca9b7da-a577-4953-b0f1-de61b9a1b979 - GET - ::1[39m
[2026-07-15 03:15:27:1527] [[31merror[39m]: [31mError: You are not allowed to view this request.[39m
[31m    at RequestService.getRequestById (C:\Users\vimal\OneDrive\Jubilee hospital demo\mediflow-core\server\src\request\request.service.ts:227:13)[39m
[31m    at process.processTicksAndRejections (node:internal/process/task_queues:103:5)[39m
[31m    at async getRequestById (C:\Users\vimal\OneDrive\Jubilee hospital demo\mediflow-core\server\src\controllers\request.controller.ts:46:18)[39m
[2026-07-15 03:15:27:1527] [[31merror[39m]: [31m403 - You are not allowed to view this request. - /api/v1/requests/fca9b7da-a577-4953-b0f1-de61b9a1b979/documents - GET - ::1[39m
[2026-07-15 03:15:27:1527] [[31merror[39m]: [31mError: You are not allowed to view this request.[39m
[31m    at RequestService.getRequestById (C:\Users\vimal\OneDrive\Jubilee hospital demo\mediflow-core\server\src\request\request.service.ts:227:13)[39m
[31m    at process.processTicksAndRejections (node:internal/process/task_queues:103:5)[39m
[31m    at async RequestService.getDocuments (C:\Users\vimal\OneDrive\Jubilee hospital demo\mediflow-core\server\src\request\request.service.ts:344:5)[39m
[31m    at async getDocuments (C:\Users\vimal\OneDrive\Jubilee hospital demo\mediflow-core\server\src\controllers\request.controller.ts:110:21)[39m
[2026-07-15 03:19:01:191] [[31merror[39m]: [31m403 - You are not allowed to view this request. - /api/v1/requests/fca9b7da-a577-4953-b0f1-de61b9a1b979/documents - GET - ::1[39m
[2026-07-15 03:19:01:191] [[31merror[39m]: [31mError: You are not allowed to view this request.[39m
[31m    at RequestService.getRequestById (C:\Users\vimal\OneDrive\Jubilee hospital demo\mediflow-core\server\src\request\request.service.ts:227:13)[39m
[31m    at process.processTicksAndRejections (node:internal/process/task_queues:103:5)[39m
[31m    at async RequestService.getDocuments (C:\Users\vimal\OneDrive\Jubilee hospital demo\mediflow-core\server\src\request\request.service.ts:344:5)[39m
[31m    at async getDocuments (C:\Users\vimal\OneDrive\Jubilee hospital demo\mediflow-core\server\src\controllers\request.controller.ts:110:21)[39m
[2026-07-15 03:19:01:191] [[31merror[39m]: [31m403 - You are not allowed to view this request. - /api/v1/requests/fca9b7da-a577-4953-b0f1-de61b9a1b979/comments - GET - ::1[39m
[2026-07-15 03:19:01:191] [[31merror[39m]: [31mError: You are not allowed to view this request.[39m
[31m    at RequestService.getRequestById (C:\Users\vimal\OneDrive\Jubilee hospital demo\mediflow-core\server\src\request\request.service.ts:227:13)[39m
[31m    at process.processTicksAndRejections (node:internal/process/task_queues:103:5)[39m
[31m    at async RequestService.getComments (C:\Users\vimal\OneDrive\Jubilee hospital demo\mediflow-core\server\src\request\request.service.ts:322:5)[39m
[31m    at async getComments (C:\Users\vimal\OneDrive\Jubilee hospital demo\mediflow-core\server\src\controllers\request.controller.ts:104:20)[39m
[2026-07-15 03:19:01:191] [[31merror[39m]: [31m403 - You are not allowed to view this request. - /api/v1/requests/fca9b7da-a577-4953-b0f1-de61b9a1b979 - GET - ::1[39m
[2026-07-15 03:19:01:191] [[31merror[39m]: [31mError: You are not allowed to view this request.[39m
[31m    at RequestService.getRequestById (C:\Users\vimal\OneDrive\Jubilee hospital demo\mediflow-core\server\src\request\request.service.ts:227:13)[39m
[31m    at process.processTicksAndRejections (node:internal/process/task_queues:103:5)[39m
[31m    at async getRequestById (C:\Users\vimal\OneDrive\Jubilee hospital demo\mediflow-core\server\src\controllers\request.controller.ts:46:18)[39m
[2026-07-15 15:12:24:1224] [[32minfo[39m]: [32mServer is running in development mode on port 5000[39m
[2026-07-15 15:21:31:2131] [[31merror[39m]: [31m401 - Invalid email or password. - /api/v1/auth/login - POST - ::1[39m
[2026-07-15 15:21:31:2131] [[31merror[39m]: [31mError: Invalid email or password.[39m
[31m    at <anonymous> (C:\Users\vimal\OneDrive\Jubilee hospital demo\mediflow-core\server\src\routes\auth.ts:25:19)[39m
[31m    at process.processTicksAndRejections (node:internal/process/task_queues:103:5)[39m
[2026-07-15 15:22:43:2243] [[31merror[39m]: [31m500 - [39m
[31mInvalid `prisma.approvalAction.create()` invocation in[39m
[31mC:\Users\vimal\OneDrive\Jubilee hospital demo\mediflow-core\server\src\request\request.service.ts:138:33[39m

[31m  135 static async addComment(requestId: string, comment: string, actor: AuthUser) {[39m
[31m  136   const request = await prisma.request.findUniqueOrThrow({ where: { id: requestId } });[39m
[31m  137   // Any participant can comment; no extra check needed beyond auth[39m
[31m→ 138   await prisma.approvalAction.create({[39m
[31m          data: {[39m
[31m            requestId: "d47aca99-70f9-4e06-909d-a26af45475fa",[39m
[31m            actorId: "23b45a9b-063d-44da-b337-4fbde0e83484",[39m
[31m            action: "COMMENTED",[39m
[31m            comment: "ok",[39m
[31m        +   stepId: String[39m
[31m          }[39m
[31m        })[39m

[31mArgument `stepId` is missing. - /api/v1/requests/d47aca99-70f9-4e06-909d-a26af45475fa/comments - POST - ::1[39m
[2026-07-15 15:22:43:2243] [[31merror[39m]: [31mPrismaClientValidationError: [39m
[31mInvalid `prisma.approvalAction.create()` invocation in[39m
[31mC:\Users\vimal\OneDrive\Jubilee hospital demo\mediflow-core\server\src\request\request.service.ts:138:33[39m

[31m  135 static async addComment(requestId: string, comment: string, actor: AuthUser) {[39m
[31m  136   const request = await prisma.request.findUniqueOrThrow({ where: { id: requestId } });[39m
[31m  137   // Any participant can comment; no extra check needed beyond auth[39m
[31m→ 138   await prisma.approvalAction.create({[39m
[31m          data: {[39m
[31m            requestId: "d47aca99-70f9-4e06-909d-a26af45475fa",[39m
[31m            actorId: "23b45a9b-063d-44da-b337-4fbde0e83484",[39m
[31m            action: "COMMENTED",[39m
[31m            comment: "ok",[39m
[31m        +   stepId: String[39m
[31m          }[39m
[31m        })[39m

[31mArgument `stepId` is missing.[39m
[31m    at throwValidationException (C:\Users\vimal\OneDrive\Jubilee hospital demo\mediflow-core\server\node_modules\@prisma\client\src\runtime\core\errorRendering\throwValidationException.ts:46:9)[39m
[31m    at zr.handleRequestError (C:\Users\vimal\OneDrive\Jubilee hospital demo\mediflow-core\server\node_modules\@prisma\client\src\runtime\RequestHandler.ts:211:7)[39m
[31m    at zr.handleAndLogRequestError (C:\Users\vimal\OneDrive\Jubilee hospital demo\mediflow-core\server\node_modules\@prisma\client\src\runtime\RequestHandler.ts:183:12)[39m
[31m    at zr.request (C:\Users\vimal\OneDrive\Jubilee hospital demo\mediflow-core\server\node_modules\@prisma\client\src\runtime\RequestHandler.ts:152:12)[39m
[31m    at process.processTicksAndRejections (node:internal/process/task_queues:103:5)[39m
[31m    at async a (C:\Users\vimal\OneDrive\Jubilee hospital demo\mediflow-core\server\node_modules\@prisma\client\src\runtime\getPrismaClient.ts:963:24)[39m
[31m    at async RequestService.addComment (C:\Users\vimal\OneDrive\Jubilee hospital demo\mediflow-core\server\src\request\request.service.ts:138:5)[39m
[31m    at async addComment (C:\Users\vimal\OneDrive\Jubilee hospital demo\mediflow-core\server\src\controllers\request.controller.ts:62:3)[39m
[2026-07-15 15:22:59:2259] [[31merror[39m]: [31m500 - [39m
[31mInvalid `prisma.approvalAction.create()` invocation in[39m
[31mC:\Users\vimal\OneDrive\Jubilee hospital demo\mediflow-core\server\src\request\request.service.ts:138:33[39m

[31m  135 static async addComment(requestId: string, comment: string, actor: AuthUser) {[39m
[31m  136   const request = await prisma.request.findUniqueOrThrow({ where: { id: requestId } });[39m
[31m  137   // Any participant can comment; no extra check needed beyond auth[39m
[31m→ 138   await prisma.approvalAction.create({[39m
[31m          data: {[39m
[31m            requestId: "d47aca99-70f9-4e06-909d-a26af45475fa",[39m
[31m            actorId: "23b45a9b-063d-44da-b337-4fbde0e83484",[39m
[31m            action: "COMMENTED",[39m
[31m            comment: "ok",[39m
[31m        +   stepId: String[39m
[31m          }[39m
[31m        })[39m

[31mArgument `stepId` is missing. - /api/v1/requests/d47aca99-70f9-4e06-909d-a26af45475fa/comments - POST - ::1[39m
[2026-07-15 15:22:59:2259] [[31merror[39m]: [31mPrismaClientValidationError: [39m
[31mInvalid `prisma.approvalAction.create()` invocation in[39m
[31mC:\Users\vimal\OneDrive\Jubilee hospital demo\mediflow-core\server\src\request\request.service.ts:138:33[39m

[31m  135 static async addComment(requestId: string, comment: string, actor: AuthUser) {[39m
[31m  136   const request = await prisma.request.findUniqueOrThrow({ where: { id: requestId } });[39m
[31m  137   // Any participant can comment; no extra check needed beyond auth[39m
[31m→ 138   await prisma.approvalAction.create({[39m
[31m          data: {[39m
[31m            requestId: "d47aca99-70f9-4e06-909d-a26af45475fa",[39m
[31m            actorId: "23b45a9b-063d-44da-b337-4fbde0e83484",[39m
[31m            action: "COMMENTED",[39m
[31m            comment: "ok",[39m
[31m        +   stepId: String[39m
[31m          }[39m
[31m        })[39m

[31mArgument `stepId` is missing.[39m
[31m    at throwValidationException (C:\Users\vimal\OneDrive\Jubilee hospital demo\mediflow-core\server\node_modules\@prisma\client\src\runtime\core\errorRendering\throwValidationException.ts:46:9)[39m
[31m    at zr.handleRequestError (C:\Users\vimal\OneDrive\Jubilee hospital demo\mediflow-core\server\node_modules\@prisma\client\src\runtime\RequestHandler.ts:211:7)[39m
[31m    at zr.handleAndLogRequestError (C:\Users\vimal\OneDrive\Jubilee hospital demo\mediflow-core\server\node_modules\@prisma\client\src\runtime\RequestHandler.ts:183:12)[39m
[31m    at zr.request (C:\Users\vimal\OneDrive\Jubilee hospital demo\mediflow-core\server\node_modules\@prisma\client\src\runtime\RequestHandler.ts:152:12)[39m
[31m    at process.processTicksAndRejections (node:internal/process/task_queues:103:5)[39m
[31m    at async a (C:\Users\vimal\OneDrive\Jubilee hospital demo\mediflow-core\server\node_modules\@prisma\client\src\runtime\getPrismaClient.ts:963:24)[39m
[31m    at async RequestService.addComment (C:\Users\vimal\OneDrive\Jubilee hospital demo\mediflow-core\server\src\request\request.service.ts:138:5)[39m
[31m    at async addComment (C:\Users\vimal\OneDrive\Jubilee hospital demo\mediflow-core\server\src\controllers\request.controller.ts:62:3)[39m
[2026-07-15 15:23:19:2319] [[31merror[39m]: [31m401 - Invalid email or password. - /api/v1/auth/login - POST - ::1[39m
[2026-07-15 15:23:19:2319] [[31merror[39m]: [31mError: Invalid email or password.[39m
[31m    at <anonymous> (C:\Users\vimal\OneDrive\Jubilee hospital demo\mediflow-core\server\src\routes\auth.ts:25:19)[39m
[31m    at process.processTicksAndRejections (node:internal/process/task_queues:103:5)[39m
[2026-07-15 15:23:36:2336] [[31merror[39m]: [31m401 - Invalid email or password. - /api/v1/auth/login - POST - ::1[39m
[2026-07-15 15:23:36:2336] [[31merror[39m]: [31mError: Invalid email or password.[39m
[31m    at <anonymous> (C:\Users\vimal\OneDrive\Jubilee hospital demo\mediflow-core\server\src\routes\auth.ts:25:19)[39m
[31m    at process.processTicksAndRejections (node:internal/process/task_queues:103:5)[39m
[2026-07-15 15:25:13:2513] [[31merror[39m]: [31m401 - Invalid email or password. - /api/v1/auth/login - POST - ::1[39m
[2026-07-15 15:25:13:2513] [[31merror[39m]: [31mError: Invalid email or password.[39m
[31m    at <anonymous> (C:\Users\vimal\OneDrive\Jubilee hospital demo\mediflow-core\server\src\routes\auth.ts:25:19)[39m
[2026-07-15 15:28:47:2847] [[31merror[39m]: [31m401 - Invalid email or password. - /api/v1/auth/login - POST - ::1[39m
[2026-07-15 15:28:47:2847] [[31merror[39m]: [31mError: Invalid email or password.[39m
[31m    at <anonymous> (C:\Users\vimal\OneDrive\Jubilee hospital demo\mediflow-core\server\src\routes\auth.ts:25:19)[39m
[31m    at process.processTicksAndRejections (node:internal/process/task_queues:103:5)[39m
[2026-07-15 15:29:55:2955] [[31merror[39m]: [31m403 - You are not allowed to view this request. - /api/v1/requests/d47aca99-70f9-4e06-909d-a26af45475fa - GET - ::1[39m
[2026-07-15 15:29:55:2955] [[31merror[39m]: [31mError: You are not allowed to view this request.[39m
[31m    at RequestService.getRequestById (C:\Users\vimal\OneDrive\Jubilee hospital demo\mediflow-core\server\src\request\request.service.ts:227:13)[39m
[31m    at process.processTicksAndRejections (node:internal/process/task_queues:103:5)[39m
[31m    at async getRequestById (C:\Users\vimal\OneDrive\Jubilee hospital demo\mediflow-core\server\src\controllers\request.controller.ts:46:18)[39m
[2026-07-15 15:29:56:2956] [[31merror[39m]: [31m403 - You are not allowed to view this request. - /api/v1/requests/d47aca99-70f9-4e06-909d-a26af45475fa/comments - GET - ::1[39m
[2026-07-15 15:29:56:2956] [[31merror[39m]: [31mError: You are not allowed to view this request.[39m
[31m    at RequestService.getRequestById (C:\Users\vimal\OneDrive\Jubilee hospital demo\mediflow-core\server\src\request\request.service.ts:227:13)[39m
[31m    at process.processTicksAndRejections (node:internal/process/task_queues:103:5)[39m
[31m    at async RequestService.getComments (C:\Users\vimal\OneDrive\Jubilee hospital demo\mediflow-core\server\src\request\request.service.ts:322:5)[39m
[31m    at async getComments (C:\Users\vimal\OneDrive\Jubilee hospital demo\mediflow-core\server\src\controllers\request.controller.ts:104:20)[39m
[2026-07-15 15:29:56:2956] [[31merror[39m]: [31m403 - You are not allowed to view this request. - /api/v1/requests/d47aca99-70f9-4e06-909d-a26af45475fa/documents - GET - ::1[39m
[2026-07-15 15:29:56:2956] [[31merror[39m]: [31mError: You are not allowed to view this request.[39m
[31m    at RequestService.getRequestById (C:\Users\vimal\OneDrive\Jubilee hospital demo\mediflow-core\server\src\request\request.service.ts:227:13)[39m
[31m    at process.processTicksAndRejections (node:internal/process/task_queues:103:5)[39m
[31m    at async RequestService.getDocuments (C:\Users\vimal\OneDrive\Jubilee hospital demo\mediflow-core\server\src\request\request.service.ts:344:5)[39m
[31m    at async getDocuments (C:\Users\vimal\OneDrive\Jubilee hospital demo\mediflow-core\server\src\controllers\request.controller.ts:110:21)[39m
[2026-07-15 15:34:50:3450] [[31merror[39m]: [31m403 - You are not allowed to view this request. - /api/v1/requests/4a870878-eb7c-403d-8082-ca8fcb07c837/comments - GET - ::1[39m
[2026-07-15 15:34:50:3450] [[31merror[39m]: [31mError: You are not allowed to view this request.[39m
[31m    at RequestService.getRequestById (C:\Users\vimal\OneDrive\Jubilee hospital demo\mediflow-core\server\src\request\request.service.ts:227:13)[39m
[31m    at process.processTicksAndRejections (node:internal/process/task_queues:103:5)[39m
[31m    at async RequestService.getComments (C:\Users\vimal\OneDrive\Jubilee hospital demo\mediflow-core\server\src\request\request.service.ts:322:5)[39m
[31m    at async getComments (C:\Users\vimal\OneDrive\Jubilee hospital demo\mediflow-core\server\src\controllers\request.controller.ts:104:20)[39m
[2026-07-15 15:34:51:3451] [[31merror[39m]: [31m403 - You are not allowed to view this request. - /api/v1/requests/4a870878-eb7c-403d-8082-ca8fcb07c837/documents - GET - ::1[39m
[2026-07-15 15:34:51:3451] [[31merror[39m]: [31mError: You are not allowed to view this request.[39m
[31m    at RequestService.getRequestById (C:\Users\vimal\OneDrive\Jubilee hospital demo\mediflow-core\server\src\request\request.service.ts:227:13)[39m
[31m    at process.processTicksAndRejections (node:internal/process/task_queues:103:5)[39m
[31m    at async RequestService.getDocuments (C:\Users\vimal\OneDrive\Jubilee hospital demo\mediflow-core\server\src\request\request.service.ts:344:5)[39m
[31m    at async getDocuments (C:\Users\vimal\OneDrive\Jubilee hospital demo\mediflow-core\server\src\controllers\request.controller.ts:110:21)[39m
[2026-07-15 15:34:51:3451] [[31merror[39m]: [31m403 - You are not allowed to view this request. - /api/v1/requests/4a870878-eb7c-403d-8082-ca8fcb07c837 - GET - ::1[39m
[2026-07-15 15:34:51:3451] [[31merror[39m]: [31mError: You are not allowed to view this request.[39m
[31m    at RequestService.getRequestById (C:\Users\vimal\OneDrive\Jubilee hospital demo\mediflow-core\server\src\request\request.service.ts:227:13)[39m
[31m    at process.processTicksAndRejections (node:internal/process/task_queues:103:5)[39m
[31m    at async getRequestById (C:\Users\vimal\OneDrive\Jubilee hospital demo\mediflow-core\server\src\controllers\request.controller.ts:46:18)[39m
[2026-07-15 15:36:51:3651] [[31merror[39m]: [31m403 - You are not allowed to view this request. - /api/v1/requests/4a870878-eb7c-403d-8082-ca8fcb07c837 - GET - ::1[39m
[2026-07-15 15:36:51:3651] [[31merror[39m]: [31mError: You are not allowed to view this request.[39m
[31m    at RequestService.getRequestById (C:\Users\vimal\OneDrive\Jubilee hospital demo\mediflow-core\server\src\request\request.service.ts:227:13)[39m
[31m    at process.processTicksAndRejections (node:internal/process/task_queues:103:5)[39m
[31m    at async getRequestById (C:\Users\vimal\OneDrive\Jubilee hospital demo\mediflow-core\server\src\controllers\request.controller.ts:46:18)[39m
[2026-07-15 15:36:51:3651] [[31merror[39m]: [31m403 - You are not allowed to view this request. - /api/v1/requests/4a870878-eb7c-403d-8082-ca8fcb07c837/comments - GET - ::1[39m
[2026-07-15 15:36:51:3651] [[31merror[39m]: [31mError: You are not allowed to view this request.[39m
[31m    at RequestService.getRequestById (C:\Users\vimal\OneDrive\Jubilee hospital demo\mediflow-core\server\src\request\request.service.ts:227:13)[39m
[31m    at process.processTicksAndRejections (node:internal/process/task_queues:103:5)[39m
[31m    at async RequestService.getComments (C:\Users\vimal\OneDrive\Jubilee hospital demo\mediflow-core\server\src\request\request.service.ts:322:5)[39m
[31m    at async getComments (C:\Users\vimal\OneDrive\Jubilee hospital demo\mediflow-core\server\src\controllers\request.controller.ts:104:20)[39m
[2026-07-15 15:36:51:3651] [[31merror[39m]: [31m403 - You are not allowed to view this request. - /api/v1/requests/4a870878-eb7c-403d-8082-ca8fcb07c837/documents - GET - ::1[39m
[2026-07-15 15:36:51:3651] [[31merror[39m]: [31mError: You are not allowed to view this request.[39m
[31m    at RequestService.getRequestById (C:\Users\vimal\OneDrive\Jubilee hospital demo\mediflow-core\server\src\request\request.service.ts:227:13)[39m
[31m    at process.processTicksAndRejections (node:internal/process/task_queues:103:5)[39m
[31m    at async RequestService.getDocuments (C:\Users\vimal\OneDrive\Jubilee hospital demo\mediflow-core\server\src\request\request.service.ts:344:5)[39m
[31m    at async getDocuments (C:\Users\vimal\OneDrive\Jubilee hospital demo\mediflow-core\server\src\controllers\request.controller.ts:110:21)[39m
[2026-07-15 15:42:09:429] [[31merror[39m]: [31m403 - You are not allowed to view this request. - /api/v1/requests/d47aca99-70f9-4e06-909d-a26af45475fa - GET - ::1[39m
[2026-07-15 15:42:09:429] [[31merror[39m]: [31mError: You are not allowed to view this request.[39m
[31m    at RequestService.getRequestById (C:\Users\vimal\OneDrive\Jubilee hospital demo\mediflow-core\server\src\request\request.service.ts:227:13)[39m
[31m    at process.processTicksAndRejections (node:internal/process/task_queues:103:5)[39m
[31m    at async getRequestById (C:\Users\vimal\OneDrive\Jubilee hospital demo\mediflow-core\server\src\controllers\request.controller.ts:46:18)[39m
[2026-07-15 15:42:10:4210] [[31merror[39m]: [31m403 - You are not allowed to view this request. - /api/v1/requests/d47aca99-70f9-4e06-909d-a26af45475fa/documents - GET - ::1[39m
[2026-07-15 15:42:10:4210] [[31merror[39m]: [31mError: You are not allowed to view this request.[39m
[31m    at RequestService.getRequestById (C:\Users\vimal\OneDrive\Jubilee hospital demo\mediflow-core\server\src\request\request.service.ts:227:13)[39m
[31m    at process.processTicksAndRejections (node:internal/process/task_queues:103:5)[39m
[31m    at async RequestService.getDocuments (C:\Users\vimal\OneDrive\Jubilee hospital demo\mediflow-core\server\src\request\request.service.ts:344:5)[39m
[31m    at async getDocuments (C:\Users\vimal\OneDrive\Jubilee hospital demo\mediflow-core\server\src\controllers\request.controller.ts:110:21)[39m
[2026-07-15 15:42:10:4210] [[31merror[39m]: [31m403 - You are not allowed to view this request. - /api/v1/requests/d47aca99-70f9-4e06-909d-a26af45475fa/comments - GET - ::1[39m
[2026-07-15 15:42:10:4210] [[31merror[39m]: [31mError: You are not allowed to view this request.[39m
[31m    at RequestService.getRequestById (C:\Users\vimal\OneDrive\Jubilee hospital demo\mediflow-core\server\src\request\request.service.ts:227:13)[39m
[31m    at process.processTicksAndRejections (node:internal/process/task_queues:103:5)[39m
[31m    at async RequestService.getComments (C:\Users\vimal\OneDrive\Jubilee hospital demo\mediflow-core\server\src\request\request.service.ts:322:5)[39m
[31m    at async getComments (C:\Users\vimal\OneDrive\Jubilee hospital demo\mediflow-core\server\src\controllers\request.controller.ts:104:20)[39m
[2026-07-15 23:05:03:53] [[32minfo[39m]: [32mServer is running in development mode on port 5000[39m
[2026-07-15 23:05:13:513] [[35mhttp[39m]: [35mGET /api/v1/auth/me[39m
[2026-07-15 23:05:15:515] [[35mhttp[39m]: [35mGET /api/v1/auth/me[39m
[2026-07-15 23:05:29:529] [[35mhttp[39m]: [35mPOST /api/v1/auth/login[39m
[2026-07-15 23:05:30:530] [[35mhttp[39m]: [35mGET /api/v1/notifications[39m
[2026-07-15 23:05:30:530] [[35mhttp[39m]: [35mGET /api/v1/requests[39m
[2026-07-15 23:05:31:531] [[35mhttp[39m]: [35mGET /api/v1/notifications[39m
[2026-07-15 23:05:32:532] [[35mhttp[39m]: [35mGET /api/v1/requests[39m
[2026-07-15 23:05:36:536] [[35mhttp[39m]: [35mPUT /api/v1/notifications/b529c7a2-af26-4e5c-ad21-a16117592678/read[39m
[2026-07-15 23:05:37:537] [[35mhttp[39m]: [35mGET /api/v1/notifications[39m
[2026-07-15 23:05:37:537] [[35mhttp[39m]: [35mGET /api/v1/requests/d47aca99-70f9-4e06-909d-a26af45475fa[39m
[2026-07-15 23:05:37:537] [[35mhttp[39m]: [35mGET /api/v1/requests/d47aca99-70f9-4e06-909d-a26af45475fa/comments[39m
[2026-07-15 23:05:37:537] [[35mhttp[39m]: [35mGET /api/v1/requests/d47aca99-70f9-4e06-909d-a26af45475fa/documents[39m
[2026-07-15 23:05:38:538] [[35mhttp[39m]: [35mGET /api/v1/requests/d47aca99-70f9-4e06-909d-a26af45475fa[39m
[2026-07-15 23:05:38:538] [[35mhttp[39m]: [35mGET /api/v1/requests/d47aca99-70f9-4e06-909d-a26af45475fa/comments[39m
[2026-07-15 23:05:38:538] [[35mhttp[39m]: [35mGET /api/v1/requests/d47aca99-70f9-4e06-909d-a26af45475fa/documents[39m
[2026-07-15 23:05:38:538] [[35mhttp[39m]: [35mGET /api/v1/notifications[39m
[2026-07-15 23:05:39:539] [[35mhttp[39m]: [35mGET /api/v1/notifications[39m
[2026-07-15 23:05:46:546] [[35mhttp[39m]: [35mGET /api/v1/notifications[39m
[2026-07-15 23:05:46:546] [[35mhttp[39m]: [35mGET /api/v1/requests[39m
[2026-07-15 23:05:46:546] [[35mhttp[39m]: [35mGET /api/v1/notifications[39m
[2026-07-15 23:05:46:546] [[35mhttp[39m]: [35mGET /api/v1/requests[39m
[2026-07-15 23:05:59:559] [[35mhttp[39m]: [35mPUT /api/v1/notifications/read-all[39m
[2026-07-15 23:06:01:61] [[35mhttp[39m]: [35mGET /api/v1/notifications[39m
[2026-07-15 23:06:41:641] [[35mhttp[39m]: [35mPOST /api/v1/auth/login[39m
[2026-07-15 23:06:42:642] [[35mhttp[39m]: [35mGET /api/v1/notifications[39m
[2026-07-15 23:06:42:642] [[35mhttp[39m]: [35mGET /api/v1/requests[39m
[2026-07-15 23:06:43:643] [[35mhttp[39m]: [35mGET /api/v1/notifications[39m
[2026-07-15 23:06:43:643] [[35mhttp[39m]: [35mGET /api/v1/requests[39m
[2026-07-15 23:07:13:713] [[35mhttp[39m]: [35mGET /api/v1/notifications[39m
[2026-07-15 23:07:33:733] [[35mhttp[39m]: [35mPOST /api/v1/auth/login[39m
[2026-07-15 23:07:34:734] [[35mhttp[39m]: [35mGET /api/v1/notifications[39m
[2026-07-15 23:07:34:734] [[35mhttp[39m]: [35mGET /api/v1/requests[39m
[2026-07-15 23:07:34:734] [[35mhttp[39m]: [35mGET /api/v1/notifications[39m
[2026-07-15 23:07:35:735] [[35mhttp[39m]: [35mGET /api/v1/requests[39m
[2026-07-15 23:07:43:743] [[35mhttp[39m]: [35mPOST /api/v1/auth/login[39m
[2026-07-15 23:07:43:743] [[35mhttp[39m]: [35mGET /api/v1/notifications[39m
[2026-07-15 23:07:43:743] [[35mhttp[39m]: [35mGET /api/v1/requests[39m
[2026-07-15 23:07:43:743] [[35mhttp[39m]: [35mGET /api/v1/notifications[39m
[2026-07-15 23:07:44:744] [[35mhttp[39m]: [35mGET /api/v1/requests[39m
[2026-07-15 23:08:43:843] [[35mhttp[39m]: [35mPOST /api/v1/requests[39m
[2026-07-15 23:08:45:845] [[35mhttp[39m]: [35mGET /api/v1/requests[39m
[2026-07-15 23:08:45:845] [[35mhttp[39m]: [35mGET /api/v1/notifications[39m
[2026-07-15 23:08:46:846] [[35mhttp[39m]: [35mGET /api/v1/requests[39m
[2026-07-15 23:08:46:846] [[35mhttp[39m]: [35mGET /api/v1/notifications[39m
[2026-07-15 23:08:56:856] [[35mhttp[39m]: [35mPOST /api/v1/auth/login[39m
[2026-07-15 23:08:57:857] [[35mhttp[39m]: [35mGET /api/v1/notifications[39m
[2026-07-15 23:08:57:857] [[35mhttp[39m]: [35mGET /api/v1/requests[39m
[2026-07-15 23:08:57:857] [[35mhttp[39m]: [35mGET /api/v1/notifications[39m
[2026-07-15 23:08:58:858] [[35mhttp[39m]: [35mGET /api/v1/requests[39m
[2026-07-15 23:09:03:93] [[35mhttp[39m]: [35mGET /api/v1/notifications[39m
[2026-07-15 23:09:03:93] [[35mhttp[39m]: [35mGET /api/v1/requests[39m
[2026-07-15 23:09:03:93] [[35mhttp[39m]: [35mGET /api/v1/notifications[39m
[2026-07-15 23:09:03:93] [[35mhttp[39m]: [35mGET /api/v1/requests[39m
[2026-07-15 23:09:21:921] [[35mhttp[39m]: [35mPOST /api/v1/auth/login[39m
[2026-07-15 23:09:22:922] [[35mhttp[39m]: [35mGET /api/v1/notifications[39m
[2026-07-15 23:09:22:922] [[35mhttp[39m]: [35mGET /api/v1/requests[39m
[2026-07-15 23:09:23:923] [[35mhttp[39m]: [35mGET /api/v1/notifications[39m
[2026-07-15 23:09:23:923] [[35mhttp[39m]: [35mGET /api/v1/requests[39m
[2026-07-15 23:09:24:924] [[35mhttp[39m]: [35mGET /api/v1/requests/ccd89e46-85e3-4a6e-847d-ad5167b5258c[39m
[2026-07-15 23:09:24:924] [[35mhttp[39m]: [35mGET /api/v1/requests/ccd89e46-85e3-4a6e-847d-ad5167b5258c/comments[39m
[2026-07-15 23:09:24:924] [[35mhttp[39m]: [35mGET /api/v1/requests/ccd89e46-85e3-4a6e-847d-ad5167b5258c/documents[39m
[2026-07-15 23:09:25:925] [[35mhttp[39m]: [35mGET /api/v1/requests/ccd89e46-85e3-4a6e-847d-ad5167b5258c/comments[39m
[2026-07-15 23:09:25:925] [[35mhttp[39m]: [35mGET /api/v1/requests/ccd89e46-85e3-4a6e-847d-ad5167b5258c/documents[39m
[2026-07-15 23:09:25:925] [[35mhttp[39m]: [35mGET /api/v1/requests/ccd89e46-85e3-4a6e-847d-ad5167b5258c[39m
[2026-07-15 23:09:25:925] [[35mhttp[39m]: [35mGET /api/v1/notifications[39m
[2026-07-15 23:09:25:925] [[35mhttp[39m]: [35mGET /api/v1/notifications[39m
[2026-07-15 23:09:26:926] [[35mhttp[39m]: [35mPOST /api/v1/requests/ccd89e46-85e3-4a6e-847d-ad5167b5258c/submit[39m
[2026-07-15 23:09:28:928] [[35mhttp[39m]: [35mGET /api/v1/requests/ccd89e46-85e3-4a6e-847d-ad5167b5258c[39m
[2026-07-15 23:09:28:928] [[35mhttp[39m]: [35mGET /api/v1/requests/ccd89e46-85e3-4a6e-847d-ad5167b5258c/comments[39m
[2026-07-15 23:09:28:928] [[35mhttp[39m]: [35mGET /api/v1/requests/ccd89e46-85e3-4a6e-847d-ad5167b5258c/documents[39m
[2026-07-15 23:09:28:928] [[35mhttp[39m]: [35mGET /api/v1/notifications[39m
[2026-07-15 23:09:28:928] [[35mhttp[39m]: [35mGET /api/v1/notifications[39m
[2026-07-15 23:09:38:938] [[35mhttp[39m]: [35mGET /api/v1/notifications[39m
[2026-07-15 23:09:38:938] [[35mhttp[39m]: [35mGET /api/v1/requests[39m
[2026-07-15 23:09:38:938] [[35mhttp[39m]: [35mGET /api/v1/notifications[39m
[2026-07-15 23:09:39:939] [[35mhttp[39m]: [35mGET /api/v1/requests[39m
[2026-07-15 23:09:56:956] [[35mhttp[39m]: [35mPOST /api/v1/auth/login[39m
[2026-07-15 23:09:57:957] [[35mhttp[39m]: [35mGET /api/v1/notifications[39m
[2026-07-15 23:09:57:957] [[35mhttp[39m]: [35mGET /api/v1/requests[39m
[2026-07-15 23:09:57:957] [[35mhttp[39m]: [35mGET /api/v1/notifications[39m
[2026-07-15 23:09:58:958] [[35mhttp[39m]: [35mGET /api/v1/requests[39m
[2026-07-15 23:10:00:100] [[35mhttp[39m]: [35mPUT /api/v1/notifications/c9521368-4a8d-407a-bfa3-ab5aed910b10/read[39m
[2026-07-15 23:10:01:101] [[35mhttp[39m]: [35mGET /api/v1/notifications[39m
[2026-07-15 23:10:01:101] [[35mhttp[39m]: [35mGET /api/v1/requests/ccd89e46-85e3-4a6e-847d-ad5167b5258c[39m
[2026-07-15 23:10:01:101] [[35mhttp[39m]: [35mGET /api/v1/requests/ccd89e46-85e3-4a6e-847d-ad5167b5258c/comments[39m
[2026-07-15 23:10:01:101] [[35mhttp[39m]: [35mGET /api/v1/requests/ccd89e46-85e3-4a6e-847d-ad5167b5258c/documents[39m
[2026-07-15 23:10:02:102] [[35mhttp[39m]: [35mGET /api/v1/requests/ccd89e46-85e3-4a6e-847d-ad5167b5258c[39m
[2026-07-15 23:10:02:102] [[35mhttp[39m]: [35mGET /api/v1/requests/ccd89e46-85e3-4a6e-847d-ad5167b5258c/comments[39m
[2026-07-15 23:10:02:102] [[35mhttp[39m]: [35mGET /api/v1/requests/ccd89e46-85e3-4a6e-847d-ad5167b5258c/documents[39m
[2026-07-15 23:10:02:102] [[35mhttp[39m]: [35mGET /api/v1/notifications[39m
[2026-07-15 23:10:02:102] [[35mhttp[39m]: [35mGET /api/v1/notifications[39m
[2026-07-15 23:10:11:1011] [[35mhttp[39m]: [35mPOST /api/v1/requests/ccd89e46-85e3-4a6e-847d-ad5167b5258c/comments[39m
[2026-07-15 23:10:11:1011] [[35mhttp[39m]: [35mGET /api/v1/requests/ccd89e46-85e3-4a6e-847d-ad5167b5258c/comments[39m
[2026-07-15 23:10:11:1011] [[35mhttp[39m]: [35mGET /api/v1/requests/ccd89e46-85e3-4a6e-847d-ad5167b5258c[39m
[2026-07-15 23:10:11:1011] [[35mhttp[39m]: [35mGET /api/v1/requests/ccd89e46-85e3-4a6e-847d-ad5167b5258c/documents[39m
[2026-07-15 23:10:13:1013] [[35mhttp[39m]: [35mGET /api/v1/notifications[39m
[2026-07-15 23:10:13:1013] [[35mhttp[39m]: [35mGET /api/v1/notifications[39m
[2026-07-15 23:10:25:1025] [[35mhttp[39m]: [35mGET /api/v1/notifications[39m
[2026-07-15 23:10:25:1025] [[35mhttp[39m]: [35mGET /api/v1/requests[39m
[2026-07-15 23:10:26:1026] [[35mhttp[39m]: [35mGET /api/v1/notifications[39m
[2026-07-15 23:10:26:1026] [[35mhttp[39m]: [35mGET /api/v1/requests[39m
[2026-07-15 23:10:27:1027] [[35mhttp[39m]: [35mGET /api/v1/requests/ccd89e46-85e3-4a6e-847d-ad5167b5258c[39m
[2026-07-15 23:10:27:1027] [[35mhttp[39m]: [35mGET /api/v1/requests/ccd89e46-85e3-4a6e-847d-ad5167b5258c/comments[39m
[2026-07-15 23:10:27:1027] [[35mhttp[39m]: [35mGET /api/v1/requests/ccd89e46-85e3-4a6e-847d-ad5167b5258c/documents[39m
[2026-07-15 23:10:28:1028] [[35mhttp[39m]: [35mGET /api/v1/requests/ccd89e46-85e3-4a6e-847d-ad5167b5258c[39m
[2026-07-15 23:10:28:1028] [[35mhttp[39m]: [35mGET /api/v1/requests/ccd89e46-85e3-4a6e-847d-ad5167b5258c/comments[39m
[2026-07-15 23:10:28:1028] [[35mhttp[39m]: [35mGET /api/v1/requests/ccd89e46-85e3-4a6e-847d-ad5167b5258c/documents[39m
[2026-07-15 23:10:28:1028] [[35mhttp[39m]: [35mGET /api/v1/notifications[39m
[2026-07-15 23:10:28:1028] [[35mhttp[39m]: [35mGET /api/v1/notifications[39m
[2026-07-15 23:10:36:1036] [[35mhttp[39m]: [35mPOST /api/v1/requests/ccd89e46-85e3-4a6e-847d-ad5167b5258c/approve[39m
[2026-07-15 23:10:37:1037] [[35mhttp[39m]: [35mGET /api/v1/requests/ccd89e46-85e3-4a6e-847d-ad5167b5258c[39m
[2026-07-15 23:10:37:1037] [[35mhttp[39m]: [35mGET /api/v1/requests/ccd89e46-85e3-4a6e-847d-ad5167b5258c/comments[39m
[2026-07-15 23:10:37:1037] [[35mhttp[39m]: [35mGET /api/v1/requests/ccd89e46-85e3-4a6e-847d-ad5167b5258c/documents[39m
[2026-07-15 23:10:38:1038] [[31merror[39m]: [31m403 - You are not allowed to view this request. - /api/v1/requests/ccd89e46-85e3-4a6e-847d-ad5167b5258c/comments - GET - ::1[39m
[2026-07-15 23:10:38:1038] [[31merror[39m]: [31mError: You are not allowed to view this request.[39m
[31m    at RequestService.getRequestById (C:\Users\vimal\OneDrive\Jubilee hospital demo\mediflow-core\server\src\request\request.service.ts:227:13)[39m
[31m    at process.processTicksAndRejections (node:internal/process/task_queues:103:5)[39m
[31m    at async RequestService.getComments (C:\Users\vimal\OneDrive\Jubilee hospital demo\mediflow-core\server\src\request\request.service.ts:320:5)[39m
[31m    at async <anonymous> (C:\Users\vimal\OneDrive\Jubilee hospital demo\mediflow-core\server\src\controllers\request.controller.ts:117:20)[39m
[2026-07-15 23:10:38:1038] [[31merror[39m]: [31m403 - You are not allowed to view this request. - /api/v1/requests/ccd89e46-85e3-4a6e-847d-ad5167b5258c/documents - GET - ::1[39m
[2026-07-15 23:10:38:1038] [[31merror[39m]: [31mError: You are not allowed to view this request.[39m
[31m    at RequestService.getRequestById (C:\Users\vimal\OneDrive\Jubilee hospital demo\mediflow-core\server\src\request\request.service.ts:227:13)[39m
[31m    at process.processTicksAndRejections (node:internal/process/task_queues:103:5)[39m
[31m    at async RequestService.getDocuments (C:\Users\vimal\OneDrive\Jubilee hospital demo\mediflow-core\server\src\request\request.service.ts:342:5)[39m
[31m    at async <anonymous> (C:\Users\vimal\OneDrive\Jubilee hospital demo\mediflow-core\server\src\controllers\request.controller.ts:123:21)[39m
[2026-07-15 23:10:38:1038] [[31merror[39m]: [31m403 - You are not allowed to view this request. - /api/v1/requests/ccd89e46-85e3-4a6e-847d-ad5167b5258c - GET - ::1[39m
[2026-07-15 23:10:38:1038] [[31merror[39m]: [31mError: You are not allowed to view this request.[39m
[31m    at RequestService.getRequestById (C:\Users\vimal\OneDrive\Jubilee hospital demo\mediflow-core\server\src\request\request.service.ts:227:13)[39m
[31m    at process.processTicksAndRejections (node:internal/process/task_queues:103:5)[39m
[31m    at async <anonymous> (C:\Users\vimal\OneDrive\Jubilee hospital demo\mediflow-core\server\src\controllers\request.controller.ts:59:18)[39m
[2026-07-15 23:10:40:1040] [[35mhttp[39m]: [35mGET /api/v1/notifications[39m
[2026-07-15 23:10:40:1040] [[35mhttp[39m]: [35mGET /api/v1/requests[39m
[2026-07-15 23:10:41:1041] [[35mhttp[39m]: [35mGET /api/v1/notifications[39m
[2026-07-15 23:10:41:1041] [[35mhttp[39m]: [35mGET /api/v1/requests[39m
[2026-07-15 23:10:49:1049] [[35mhttp[39m]: [35mPOST /api/v1/auth/login[39m
[2026-07-15 23:10:49:1049] [[35mhttp[39m]: [35mGET /api/v1/notifications[39m
[2026-07-15 23:10:49:1049] [[35mhttp[39m]: [35mGET /api/v1/requests[39m
[2026-07-15 23:10:50:1050] [[35mhttp[39m]: [35mGET /api/v1/requests[39m
[2026-07-15 23:10:50:1050] [[35mhttp[39m]: [35mGET /api/v1/notifications[39m
[2026-07-15 23:10:53:1053] [[35mhttp[39m]: [35mGET /api/v1/requests/ccd89e46-85e3-4a6e-847d-ad5167b5258c[39m
[2026-07-15 23:10:53:1053] [[35mhttp[39m]: [35mGET /api/v1/requests/ccd89e46-85e3-4a6e-847d-ad5167b5258c/comments[39m
[2026-07-15 23:10:53:1053] [[35mhttp[39m]: [35mGET /api/v1/requests/ccd89e46-85e3-4a6e-847d-ad5167b5258c/documents[39m
[2026-07-15 23:10:54:1054] [[35mhttp[39m]: [35mGET /api/v1/requests/ccd89e46-85e3-4a6e-847d-ad5167b5258c[39m
[2026-07-15 23:10:54:1054] [[35mhttp[39m]: [35mGET /api/v1/requests/ccd89e46-85e3-4a6e-847d-ad5167b5258c/comments[39m
[2026-07-15 23:10:54:1054] [[35mhttp[39m]: [35mGET /api/v1/requests/ccd89e46-85e3-4a6e-847d-ad5167b5258c/documents[39m
[2026-07-15 23:10:54:1054] [[35mhttp[39m]: [35mGET /api/v1/notifications[39m
[2026-07-15 23:10:54:1054] [[35mhttp[39m]: [35mGET /api/v1/notifications[39m
[2026-07-15 23:10:58:1058] [[35mhttp[39m]: [35mGET /api/v1/notifications[39m
[2026-07-15 23:10:58:1058] [[35mhttp[39m]: [35mGET /api/v1/requests[39m
[2026-07-15 23:10:58:1058] [[35mhttp[39m]: [35mGET /api/v1/notifications[39m
[2026-07-15 23:10:58:1058] [[35mhttp[39m]: [35mGET /api/v1/requests[39m
[2026-07-15 23:11:29:1129] [[35mhttp[39m]: [35mGET /api/v1/notifications[39m
[2026-07-15 23:11:59:1159] [[35mhttp[39m]: [35mGET /api/v1/notifications[39m
[2026-07-15 23:12:29:1229] [[35mhttp[39m]: [35mGET /api/v1/notifications[39m
[2026-07-15 23:12:59:1259] [[35mhttp[39m]: [35mGET /api/v1/notifications[39m
[2026-07-15 23:13:29:1329] [[35mhttp[39m]: [35mGET /api/v1/notifications[39m
[2026-07-15 23:13:59:1359] [[35mhttp[39m]: [35mGET /api/v1/notifications[39m
[2026-07-15 23:14:47:1447] [[35mhttp[39m]: [35mGET /api/v1/notifications[39m
[2026-07-15 23:15:47:1547] [[35mhttp[39m]: [35mGET /api/v1/notifications[39m
[2026-07-15 23:16:47:1647] [[35mhttp[39m]: [35mGET /api/v1/notifications[39m
[2026-07-15 23:17:47:1747] [[35mhttp[39m]: [35mGET /api/v1/notifications[39m
[2026-07-15 23:18:47:1847] [[35mhttp[39m]: [35mGET /api/v1/notifications[39m
[2026-07-15 23:19:47:1947] [[35mhttp[39m]: [35mGET /api/v1/notifications[39m
[2026-07-15 23:20:47:2047] [[35mhttp[39m]: [35mGET /api/v1/notifications[39m
[2026-07-15 23:21:35:2135] [[32minfo[39m]: [32mServer is running in development mode on port 5000[39m
[2026-07-15 23:21:48:2148] [[32minfo[39m]: [32mServer is running in development mode on port 5000[39m
[2026-07-15 23:22:06:226] [[35mhttp[39m]: [35mGET /api/v1/notifications[39m
[2026-07-15 23:22:06:226] [[35mhttp[39m]: [35mGET /api/v1/requests[39m
[2026-07-15 23:22:07:227] [[35mhttp[39m]: [35mGET /api/v1/notifications[39m
[2026-07-15 23:22:07:227] [[35mhttp[39m]: [35mGET /api/v1/requests[39m
[2026-07-15 23:22:18:2218] [[35mhttp[39m]: [35mGET /api/v1/notifications[39m
[2026-07-15 23:22:18:2218] [[35mhttp[39m]: [35mGET /api/v1/requests[39m
[2026-07-15 23:22:18:2218] [[35mhttp[39m]: [35mGET /api/v1/notifications[39m
[2026-07-15 23:22:18:2218] [[35mhttp[39m]: [35mGET /api/v1/requests[39m
[2026-07-15 23:22:38:2238] [[35mhttp[39m]: [35mGET /api/v1/auth/me[39m
[2026-07-15 23:22:38:2238] [[35mhttp[39m]: [35mGET /api/v1/notifications[39m
[2026-07-15 23:22:38:2238] [[35mhttp[39m]: [35mGET /api/v1/requests[39m
[2026-07-15 23:22:38:2238] [[35mhttp[39m]: [35mGET /api/v1/auth/me[39m
[2026-07-15 23:22:38:2238] [[35mhttp[39m]: [35mGET /api/v1/requests[39m
[2026-07-15 23:22:38:2238] [[35mhttp[39m]: [35mGET /api/v1/notifications[39m
[2026-07-15 23:38:02:382] [[32minfo[39m]: [32mServer is running in development mode on port 5000[39m
[2026-07-15 23:41:52:4152] [[35mhttp[39m]: [35mPOST /api/v1/auth/login[39m
[2026-07-15 23:41:53:4153] [[35mhttp[39m]: [35mGET /api/v1/notifications[39m
[2026-07-15 23:41:53:4153] [[35mhttp[39m]: [35mGET /api/v1/requests/analytics[39m
[2026-07-15 23:41:53:4153] [[35mhttp[39m]: [35mGET /api/v1/requests?page=1&limit=10[39m
[2026-07-15 23:41:54:4154] [[35mhttp[39m]: [35mGET /api/v1/notifications[39m
[2026-07-15 23:41:54:4154] [[35mhttp[39m]: [35mGET /api/v1/requests/analytics[39m
[2026-07-15 23:41:54:4154] [[35mhttp[39m]: [35mGET /api/v1/requests?page=1&limit=10[39m
[2026-07-15 23:41:54:4154] [[35mhttp[39m]: [35mGET /api/v1/requests?page=1&limit=10[39m
[2026-07-15 23:41:54:4154] [[35mhttp[39m]: [35mGET /api/v1/requests/analytics[39m
[2026-07-15 23:42:23:4223] [[35mhttp[39m]: [35mGET /api/v1/notifications[39m
[2026-07-15 23:42:27:4227] [[35mhttp[39m]: [35mGET /api/v1/requests?status=IN_REVIEW&page=1&limit=10[39m
[2026-07-15 23:42:27:4227] [[35mhttp[39m]: [35mGET /api/v1/requests/analytics[39m
[2026-07-15 23:42:39:4239] [[35mhttp[39m]: [35mGET /api/v1/requests?status=DRAFT&page=1&limit=10[39m
[2026-07-15 23:42:39:4239] [[35mhttp[39m]: [35mGET /api/v1/requests/analytics[39m
[2026-07-15 23:42:58:4258] [[35mhttp[39m]: [35mPOST /api/v1/auth/login[39m
[2026-07-15 23:42:58:4258] [[35mhttp[39m]: [35mGET /api/v1/notifications[39m
[2026-07-15 23:42:58:4258] [[35mhttp[39m]: [35mGET /api/v1/requests?page=1&limit=10[39m
[2026-07-15 23:42:58:4258] [[35mhttp[39m]: [35mGET /api/v1/requests/analytics[39m
[2026-07-15 23:42:59:4259] [[35mhttp[39m]: [35mGET /api/v1/notifications[39m
[2026-07-15 23:42:59:4259] [[35mhttp[39m]: [35mGET /api/v1/requests?page=1&limit=10[39m
[2026-07-15 23:42:59:4259] [[35mhttp[39m]: [35mGET /api/v1/requests?page=1&limit=10[39m
[2026-07-15 23:42:59:4259] [[35mhttp[39m]: [35mGET /api/v1/requests/analytics[39m
[2026-07-15 23:43:00:430] [[35mhttp[39m]: [35mGET /api/v1/requests/analytics[39m
[2026-07-15 23:43:08:438] [[35mhttp[39m]: [35mGET /api/v1/notifications[39m
[2026-07-15 23:43:08:438] [[35mhttp[39m]: [35mGET /api/v1/requests?page=1&limit=10[39m
[2026-07-15 23:43:08:438] [[35mhttp[39m]: [35mGET /api/v1/requests/analytics[39m
[2026-07-15 23:43:08:438] [[35mhttp[39m]: [35mGET /api/v1/notifications[39m
[2026-07-15 23:43:08:438] [[35mhttp[39m]: [35mGET /api/v1/requests?page=1&limit=10[39m
[2026-07-15 23:43:09:439] [[35mhttp[39m]: [35mGET /api/v1/requests?page=1&limit=10[39m
[2026-07-15 23:43:09:439] [[35mhttp[39m]: [35mGET /api/v1/requests/analytics[39m
[2026-07-15 23:43:09:439] [[35mhttp[39m]: [35mGET /api/v1/notifications[39m
[2026-07-15 23:43:09:439] [[35mhttp[39m]: [35mGET /api/v1/requests?page=1&limit=10[39m
[2026-07-15 23:43:09:439] [[35mhttp[39m]: [35mGET /api/v1/requests/analytics[39m
[2026-07-15 23:43:09:439] [[35mhttp[39m]: [35mGET /api/v1/notifications[39m
[2026-07-15 23:43:09:439] [[35mhttp[39m]: [35mGET /api/v1/requests/analytics[39m
[2026-07-15 23:43:09:439] [[35mhttp[39m]: [35mGET /api/v1/requests?page=1&limit=10[39m
[2026-07-15 23:43:09:439] [[35mhttp[39m]: [35mGET /api/v1/requests/analytics[39m
[2026-07-15 23:43:10:4310] [[35mhttp[39m]: [35mGET /api/v1/requests?page=1&limit=10[39m
[2026-07-15 23:43:10:4310] [[35mhttp[39m]: [35mGET /api/v1/requests/analytics[39m
[2026-07-15 23:44:28:4428] [[32minfo[39m]: [32mServer is running in development mode on port 5000[39m
[2026-07-15 23:45:02:452] [[35mhttp[39m]: [35mPOST /api/v1/auth/login[39m
[2026-07-15 23:45:03:453] [[35mhttp[39m]: [35mGET /api/v1/notifications[39m
[2026-07-15 23:45:03:453] [[35mhttp[39m]: [35mGET /api/v1/requests?page=1&limit=10[39m
[2026-07-15 23:45:03:453] [[35mhttp[39m]: [35mGET /api/v1/requests/analytics[39m
[2026-07-15 23:45:04:454] [[35mhttp[39m]: [35mGET /api/v1/notifications[39m
[2026-07-15 23:45:04:454] [[35mhttp[39m]: [35mGET /api/v1/requests/analytics[39m
[2026-07-15 23:45:04:454] [[35mhttp[39m]: [35mGET /api/v1/requests?page=1&limit=10[39m
[2026-07-15 23:45:04:454] [[35mhttp[39m]: [35mGET /api/v1/requests/analytics[39m
[2026-07-15 23:45:05:455] [[35mhttp[39m]: [35mGET /api/v1/requests?page=1&limit=10[39m
[2026-07-15 23:45:18:4518] [[35mhttp[39m]: [35mGET /api/v1/notifications[39m
[2026-07-15 23:45:18:4518] [[35mhttp[39m]: [35mGET /api/v1/requests?page=1&limit=10[39m
[2026-07-15 23:45:18:4518] [[35mhttp[39m]: [35mGET /api/v1/requests/analytics[39m
[2026-07-15 23:45:19:4519] [[35mhttp[39m]: [35mGET /api/v1/notifications[39m
[2026-07-15 23:45:19:4519] [[35mhttp[39m]: [35mGET /api/v1/requests?page=1&limit=10[39m
[2026-07-15 23:45:19:4519] [[35mhttp[39m]: [35mGET /api/v1/requests/analytics[39m
[2026-07-15 23:45:20:4520] [[35mhttp[39m]: [35mGET /api/v1/requests/analytics[39m
[2026-07-15 23:45:20:4520] [[35mhttp[39m]: [35mGET /api/v1/requests?page=1&limit=10[39m
[2026-07-15 23:47:59:4759] [[35mhttp[39m]: [35mPOST /api/v1/auth/login[39m
[2026-07-15 23:48:00:480] [[35mhttp[39m]: [35mGET /api/v1/notifications[39m
[2026-07-15 23:48:00:480] [[35mhttp[39m]: [35mGET /api/v1/requests?page=1&limit=10[39m
[2026-07-15 23:48:00:480] [[35mhttp[39m]: [35mGET /api/v1/requests/analytics[39m
[2026-07-15 23:48:00:480] [[35mhttp[39m]: [35mGET /api/v1/notifications[39m
[2026-07-15 23:48:01:481] [[35mhttp[39m]: [35mGET /api/v1/requests?page=1&limit=10[39m
[2026-07-15 23:48:01:481] [[35mhttp[39m]: [35mGET /api/v1/requests/analytics[39m
[2026-07-15 23:48:01:481] [[35mhttp[39m]: [35mGET /api/v1/requests?page=1&limit=10[39m
[2026-07-15 23:48:01:481] [[35mhttp[39m]: [35mGET /api/v1/requests/analytics[39m
[2026-07-15 23:50:48:5048] [[35mhttp[39m]: [35mPOST /api/v1/auth/login[39m
[2026-07-15 23:50:49:5049] [[35mhttp[39m]: [35mGET /api/v1/notifications[39m
[2026-07-15 23:50:49:5049] [[35mhttp[39m]: [35mGET /api/v1/requests?page=1&limit=10[39m
[2026-07-15 23:50:49:5049] [[35mhttp[39m]: [35mGET /api/v1/requests/analytics[39m
[2026-07-15 23:50:49:5049] [[35mhttp[39m]: [35mGET /api/v1/notifications[39m
[2026-07-15 23:50:50:5050] [[35mhttp[39m]: [35mGET /api/v1/requests/analytics[39m
[2026-07-15 23:50:50:5050] [[35mhttp[39m]: [35mGET /api/v1/requests/analytics[39m
[2026-07-15 23:50:50:5050] [[35mhttp[39m]: [35mGET /api/v1/requests?page=1&limit=10[39m
[2026-07-15 23:50:50:5050] [[35mhttp[39m]: [35mGET /api/v1/requests?page=1&limit=10[39m
[2026-07-15 23:51:17:5117] [[35mhttp[39m]: [35mPOST /api/v1/auth/login[39m
[2026-07-15 23:51:18:5118] [[35mhttp[39m]: [35mGET /api/v1/notifications[39m
[2026-07-15 23:51:18:5118] [[35mhttp[39m]: [35mGET /api/v1/requests?page=1&limit=10[39m
[2026-07-15 23:51:18:5118] [[35mhttp[39m]: [35mGET /api/v1/requests/analytics[39m
[2026-07-15 23:51:19:5119] [[35mhttp[39m]: [35mGET /api/v1/notifications[39m
[2026-07-15 23:51:19:5119] [[35mhttp[39m]: [35mGET /api/v1/requests/analytics[39m
[2026-07-15 23:51:19:5119] [[35mhttp[39m]: [35mGET /api/v1/requests?page=1&limit=10[39m
[2026-07-15 23:51:20:5120] [[35mhttp[39m]: [35mGET /api/v1/requests/analytics[39m
[2026-07-15 23:51:20:5120] [[35mhttp[39m]: [35mGET /api/v1/requests?page=1&limit=10[39m
[2026-07-15 23:52:21:5221] [[35mhttp[39m]: [35mPOST /api/v1/auth/login[39m
[2026-07-15 23:52:22:5222] [[35mhttp[39m]: [35mGET /api/v1/notifications[39m
[2026-07-15 23:52:22:5222] [[35mhttp[39m]: [35mGET /api/v1/requests?page=1&limit=10[39m
[2026-07-15 23:52:22:5222] [[35mhttp[39m]: [35mGET /api/v1/requests/analytics[39m
[2026-07-15 23:52:22:5222] [[35mhttp[39m]: [35mGET /api/v1/notifications[39m
[2026-07-15 23:52:23:5223] [[35mhttp[39m]: [35mGET /api/v1/requests?page=1&limit=10[39m
[2026-07-15 23:52:23:5223] [[35mhttp[39m]: [35mGET /api/v1/requests/analytics[39m
[2026-07-15 23:52:24:5224] [[35mhttp[39m]: [35mGET /api/v1/requests?page=1&limit=10[39m
[2026-07-15 23:52:24:5224] [[35mhttp[39m]: [35mGET /api/v1/requests/analytics[39m
[2026-07-15 23:52:26:5226] [[35mhttp[39m]: [35mGET /api/v1/requests/ccd89e46-85e3-4a6e-847d-ad5167b5258c[39m
[2026-07-15 23:52:26:5226] [[35mhttp[39m]: [35mGET /api/v1/requests/ccd89e46-85e3-4a6e-847d-ad5167b5258c/comments[39m
[2026-07-15 23:52:26:5226] [[35mhttp[39m]: [35mGET /api/v1/requests/ccd89e46-85e3-4a6e-847d-ad5167b5258c/documents[39m
[2026-07-15 23:52:27:5227] [[35mhttp[39m]: [35mGET /api/v1/requests/ccd89e46-85e3-4a6e-847d-ad5167b5258c/documents[39m
[2026-07-15 23:52:27:5227] [[35mhttp[39m]: [35mGET /api/v1/requests/ccd89e46-85e3-4a6e-847d-ad5167b5258c/comments[39m
[2026-07-15 23:52:27:5227] [[35mhttp[39m]: [35mGET /api/v1/requests/ccd89e46-85e3-4a6e-847d-ad5167b5258c[39m
[2026-07-15 23:52:27:5227] [[35mhttp[39m]: [35mGET /api/v1/notifications[39m
[2026-07-15 23:52:27:5227] [[35mhttp[39m]: [35mGET /api/v1/notifications[39m
[2026-07-15 23:52:37:5237] [[35mhttp[39m]: [35mGET /api/v1/notifications[39m
[2026-07-15 23:52:37:5237] [[35mhttp[39m]: [35mGET /api/v1/requests?page=1&limit=10[39m
[2026-07-15 23:52:37:5237] [[35mhttp[39m]: [35mGET /api/v1/requests/analytics[39m
[2026-07-15 23:52:38:5238] [[35mhttp[39m]: [35mGET /api/v1/requests/analytics[39m
[2026-07-15 23:52:38:5238] [[35mhttp[39m]: [35mGET /api/v1/requests?page=1&limit=10[39m
[2026-07-15 23:52:38:5238] [[35mhttp[39m]: [35mGET /api/v1/notifications[39m
[2026-07-15 23:52:38:5238] [[35mhttp[39m]: [35mGET /api/v1/requests?page=1&limit=10[39m
[2026-07-15 23:52:38:5238] [[35mhttp[39m]: [35mGET /api/v1/requests/analytics[39m
[2026-07-15 23:52:52:5252] [[35mhttp[39m]: [35mGET /api/v1/notifications[39m
[2026-07-15 23:52:52:5252] [[35mhttp[39m]: [35mGET /api/v1/requests?page=1&limit=10[39m
[2026-07-15 23:52:52:5252] [[35mhttp[39m]: [35mGET /api/v1/requests/analytics[39m
[2026-07-15 23:52:53:5253] [[35mhttp[39m]: [35mGET /api/v1/notifications[39m
[2026-07-15 23:52:54:5254] [[35mhttp[39m]: [35mGET /api/v1/requests?page=1&limit=10[39m
[2026-07-15 23:52:54:5254] [[35mhttp[39m]: [35mGET /api/v1/requests/analytics[39m
[2026-07-15 23:52:54:5254] [[35mhttp[39m]: [35mGET /api/v1/requests/analytics[39m
[2026-07-15 23:52:54:5254] [[35mhttp[39m]: [35mGET /api/v1/requests?page=1&limit=10[39m
[2026-07-15 23:52:55:5255] [[35mhttp[39m]: [35mGET /api/v1/requests/4503a7a7-9bd1-4ee8-a0cd-0746cb2477b3[39m
[2026-07-15 23:52:55:5255] [[35mhttp[39m]: [35mGET /api/v1/requests/4503a7a7-9bd1-4ee8-a0cd-0746cb2477b3/comments[39m
[2026-07-15 23:52:55:5255] [[35mhttp[39m]: [35mGET /api/v1/requests/4503a7a7-9bd1-4ee8-a0cd-0746cb2477b3/documents[39m
[2026-07-15 23:52:55:5255] [[35mhttp[39m]: [35mGET /api/v1/requests/4503a7a7-9bd1-4ee8-a0cd-0746cb2477b3/documents[39m
[2026-07-15 23:52:56:5256] [[35mhttp[39m]: [35mGET /api/v1/requests/4503a7a7-9bd1-4ee8-a0cd-0746cb2477b3/comments[39m
[2026-07-15 23:52:56:5256] [[35mhttp[39m]: [35mGET /api/v1/requests/4503a7a7-9bd1-4ee8-a0cd-0746cb2477b3[39m
[2026-07-15 23:52:56:5256] [[35mhttp[39m]: [35mGET /api/v1/notifications[39m
[2026-07-15 23:52:56:5256] [[35mhttp[39m]: [35mGET /api/v1/notifications[39m
[2026-07-15 23:52:59:5259] [[35mhttp[39m]: [35mGET /api/v1/notifications[39m
[2026-07-15 23:52:59:5259] [[35mhttp[39m]: [35mGET /api/v1/requests?page=1&limit=10[39m
[2026-07-15 23:52:59:5259] [[35mhttp[39m]: [35mGET /api/v1/requests/analytics[39m
[2026-07-15 23:52:59:5259] [[35mhttp[39m]: [35mGET /api/v1/notifications[39m
[2026-07-15 23:52:59:5259] [[35mhttp[39m]: [35mGET /api/v1/requests/analytics[39m
[2026-07-15 23:52:59:5259] [[35mhttp[39m]: [35mGET /api/v1/requests?page=1&limit=10[39m
[2026-07-15 23:52:59:5259] [[35mhttp[39m]: [35mGET /api/v1/requests/analytics[39m
[2026-07-15 23:52:59:5259] [[35mhttp[39m]: [35mGET /api/v1/requests?page=1&limit=10[39m
[2026-07-15 23:53:13:5313] [[35mhttp[39m]: [35mGET /api/v1/requests/d47aca99-70f9-4e06-909d-a26af45475fa[39m
[2026-07-15 23:53:13:5313] [[35mhttp[39m]: [35mGET /api/v1/requests/d47aca99-70f9-4e06-909d-a26af45475fa/comments[39m
[2026-07-15 23:53:13:5313] [[35mhttp[39m]: [35mGET /api/v1/requests/d47aca99-70f9-4e06-909d-a26af45475fa/documents[39m
[2026-07-15 23:53:14:5314] [[35mhttp[39m]: [35mGET /api/v1/requests/d47aca99-70f9-4e06-909d-a26af45475fa[39m
[2026-07-15 23:53:14:5314] [[35mhttp[39m]: [35mGET /api/v1/requests/d47aca99-70f9-4e06-909d-a26af45475fa/documents[39m
[2026-07-15 23:53:14:5314] [[35mhttp[39m]: [35mGET /api/v1/requests/d47aca99-70f9-4e06-909d-a26af45475fa/comments[39m
[2026-07-15 23:53:14:5314] [[35mhttp[39m]: [35mGET /api/v1/notifications[39m
[2026-07-15 23:53:15:5315] [[35mhttp[39m]: [35mGET /api/v1/notifications[39m
[2026-07-15 23:53:24:5324] [[35mhttp[39m]: [35mGET /api/v1/notifications[39m
[2026-07-15 23:53:24:5324] [[35mhttp[39m]: [35mGET /api/v1/requests?page=1&limit=10[39m
[2026-07-15 23:53:24:5324] [[35mhttp[39m]: [35mGET /api/v1/requests/analytics[39m
[2026-07-15 23:53:25:5325] [[35mhttp[39m]: [35mGET /api/v1/notifications[39m
[2026-07-15 23:53:25:5325] [[35mhttp[39m]: [35mGET /api/v1/requests/analytics[39m
[2026-07-15 23:53:25:5325] [[35mhttp[39m]: [35mGET /api/v1/requests?page=1&limit=10[39m
[2026-07-15 23:53:25:5325] [[35mhttp[39m]: [35mGET /api/v1/requests?page=1&limit=10[39m
[2026-07-15 23:53:25:5325] [[35mhttp[39m]: [35mGET /api/v1/requests/analytics[39m
[2026-07-15 23:53:54:5354] [[35mhttp[39m]: [35mGET /api/v1/notifications[39m
[2026-07-15 23:54:08:548] [[35mhttp[39m]: [35mPOST /api/v1/auth/login[39m
[2026-07-15 23:54:09:549] [[35mhttp[39m]: [35mGET /api/v1/notifications[39m
[2026-07-15 23:54:09:549] [[35mhttp[39m]: [35mGET /api/v1/requests?page=1&limit=10[39m
[2026-07-15 23:54:09:549] [[35mhttp[39m]: [35mGET /api/v1/requests/analytics[39m
[2026-07-15 23:54:10:5410] [[35mhttp[39m]: [35mGET /api/v1/notifications[39m
[2026-07-15 23:54:10:5410] [[35mhttp[39m]: [35mGET /api/v1/requests/analytics[39m
[2026-07-15 23:54:11:5411] [[35mhttp[39m]: [35mGET /api/v1/requests/analytics[39m
[2026-07-15 23:54:11:5411] [[35mhttp[39m]: [35mGET /api/v1/requests?page=1&limit=10[39m
[2026-07-15 23:54:11:5411] [[35mhttp[39m]: [35mGET /api/v1/requests?page=1&limit=10[39m
[2026-07-15 23:54:39:5439] [[35mhttp[39m]: [35mGET /api/v1/notifications[39m
[2026-07-15 23:55:04:554] [[35mhttp[39m]: [35mPOST /api/v1/auth/login[39m
[2026-07-15 23:55:05:555] [[35mhttp[39m]: [35mGET /api/v1/notifications[39m
[2026-07-15 23:55:05:555] [[35mhttp[39m]: [35mGET /api/v1/requests?page=1&limit=10[39m
[2026-07-15 23:55:05:555] [[35mhttp[39m]: [35mGET /api/v1/requests/analytics[39m
[2026-07-15 23:55:05:555] [[35mhttp[39m]: [35mGET /api/v1/notifications[39m
[2026-07-15 23:55:06:556] [[35mhttp[39m]: [35mGET /api/v1/requests/analytics[39m
[2026-07-15 23:55:06:556] [[35mhttp[39m]: [35mGET /api/v1/requests/analytics[39m
[2026-07-15 23:55:06:556] [[35mhttp[39m]: [35mGET /api/v1/requests?page=1&limit=10[39m
[2026-07-15 23:55:07:557] [[35mhttp[39m]: [35mGET /api/v1/requests?page=1&limit=10[39m
[2026-07-15 23:55:17:5517] [[35mhttp[39m]: [35mGET /api/v1/requests/d47aca99-70f9-4e06-909d-a26af45475fa[39m
[2026-07-15 23:55:17:5517] [[35mhttp[39m]: [35mGET /api/v1/requests/d47aca99-70f9-4e06-909d-a26af45475fa/comments[39m
[2026-07-15 23:55:17:5517] [[35mhttp[39m]: [35mGET /api/v1/requests/d47aca99-70f9-4e06-909d-a26af45475fa/documents[39m
[2026-07-15 23:55:18:5518] [[35mhttp[39m]: [35mGET /api/v1/requests/d47aca99-70f9-4e06-909d-a26af45475fa[39m
[2026-07-15 23:55:18:5518] [[35mhttp[39m]: [35mGET /api/v1/requests/d47aca99-70f9-4e06-909d-a26af45475fa/comments[39m
[2026-07-15 23:55:18:5518] [[35mhttp[39m]: [35mGET /api/v1/requests/d47aca99-70f9-4e06-909d-a26af45475fa/documents[39m
[2026-07-15 23:55:18:5518] [[35mhttp[39m]: [35mGET /api/v1/notifications[39m
[2026-07-15 23:55:18:5518] [[35mhttp[39m]: [35mGET /api/v1/notifications[39m
[2026-07-15 23:55:21:5521] [[35mhttp[39m]: [35mGET /api/v1/notifications[39m
[2026-07-15 23:55:21:5521] [[35mhttp[39m]: [35mGET /api/v1/requests?page=1&limit=10[39m
[2026-07-15 23:55:21:5521] [[35mhttp[39m]: [35mGET /api/v1/requests/analytics[39m
[2026-07-15 23:55:22:5522] [[35mhttp[39m]: [35mGET /api/v1/notifications[39m
[2026-07-15 23:55:22:5522] [[35mhttp[39m]: [35mGET /api/v1/requests?page=1&limit=10[39m
[2026-07-15 23:55:22:5522] [[35mhttp[39m]: [35mGET /api/v1/requests/analytics[39m
[2026-07-15 23:55:22:5522] [[35mhttp[39m]: [35mGET /api/v1/requests?page=1&limit=10[39m
[2026-07-15 23:55:22:5522] [[35mhttp[39m]: [35mGET /api/v1/requests/analytics[39m
[2026-07-15 23:55:29:5529] [[35mhttp[39m]: [35mGET /api/v1/requests/ccd89e46-85e3-4a6e-847d-ad5167b5258c[39m
[2026-07-15 23:55:29:5529] [[35mhttp[39m]: [35mGET /api/v1/requests/ccd89e46-85e3-4a6e-847d-ad5167b5258c/comments[39m
[2026-07-15 23:55:29:5529] [[35mhttp[39m]: [35mGET /api/v1/requests/ccd89e46-85e3-4a6e-847d-ad5167b5258c/documents[39m
[2026-07-15 23:55:30:5530] [[35mhttp[39m]: [35mGET /api/v1/requests/ccd89e46-85e3-4a6e-847d-ad5167b5258c/comments[39m
[2026-07-15 23:55:30:5530] [[35mhttp[39m]: [35mGET /api/v1/requests/ccd89e46-85e3-4a6e-847d-ad5167b5258c[39m
[2026-07-15 23:55:30:5530] [[35mhttp[39m]: [35mGET /api/v1/requests/ccd89e46-85e3-4a6e-847d-ad5167b5258c/documents[39m
[2026-07-15 23:55:30:5530] [[35mhttp[39m]: [35mGET /api/v1/notifications[39m
[2026-07-15 23:55:31:5531] [[35mhttp[39m]: [35mGET /api/v1/notifications[39m
[2026-07-15 23:55:38:5538] [[35mhttp[39m]: [35mGET /api/v1/notifications[39m
[2026-07-15 23:55:38:5538] [[35mhttp[39m]: [35mGET /api/v1/requests?page=1&limit=10[39m
[2026-07-15 23:55:38:5538] [[35mhttp[39m]: [35mGET /api/v1/requests/analytics[39m
[2026-07-15 23:55:38:5538] [[35mhttp[39m]: [35mGET /api/v1/notifications[39m
[2026-07-15 23:55:38:5538] [[35mhttp[39m]: [35mGET /api/v1/requests?page=1&limit=10[39m
[2026-07-15 23:55:38:5538] [[35mhttp[39m]: [35mGET /api/v1/requests/analytics[39m
[2026-07-15 23:55:39:5539] [[35mhttp[39m]: [35mGET /api/v1/requests/analytics[39m
[2026-07-15 23:55:39:5539] [[35mhttp[39m]: [35mGET /api/v1/requests?page=1&limit=10[39m
[2026-07-15 23:55:41:5541] [[35mhttp[39m]: [35mGET /api/v1/requests/4a870878-eb7c-403d-8082-ca8fcb07c837[39m
[2026-07-15 23:55:41:5541] [[35mhttp[39m]: [35mGET /api/v1/requests/4a870878-eb7c-403d-8082-ca8fcb07c837/comments[39m
[2026-07-15 23:55:41:5541] [[35mhttp[39m]: [35mGET /api/v1/requests/4a870878-eb7c-403d-8082-ca8fcb07c837/documents[39m
[2026-07-15 23:55:41:5541] [[35mhttp[39m]: [35mGET /api/v1/requests/4a870878-eb7c-403d-8082-ca8fcb07c837/documents[39m
[2026-07-15 23:55:42:5542] [[35mhttp[39m]: [35mGET /api/v1/requests/4a870878-eb7c-403d-8082-ca8fcb07c837[39m
[2026-07-15 23:55:42:5542] [[35mhttp[39m]: [35mGET /api/v1/requests/4a870878-eb7c-403d-8082-ca8fcb07c837/comments[39m
[2026-07-15 23:55:42:5542] [[35mhttp[39m]: [35mGET /api/v1/notifications[39m
[2026-07-15 23:55:42:5542] [[35mhttp[39m]: [35mGET /api/v1/notifications[39m
[2026-07-15 23:55:51:5551] [[35mhttp[39m]: [35mGET /api/v1/notifications[39m
[2026-07-15 23:55:51:5551] [[35mhttp[39m]: [35mGET /api/v1/requests?page=1&limit=10[39m
[2026-07-15 23:55:51:5551] [[35mhttp[39m]: [35mGET /api/v1/requests/analytics[39m
[2026-07-15 23:55:52:5552] [[35mhttp[39m]: [35mGET /api/v1/notifications[39m
[2026-07-15 23:55:52:5552] [[35mhttp[39m]: [35mGET /api/v1/requests/analytics[39m
[2026-07-15 23:55:52:5552] [[35mhttp[39m]: [35mGET /api/v1/requests?page=1&limit=10[39m
[2026-07-15 23:55:52:5552] [[35mhttp[39m]: [35mGET /api/v1/requests/analytics[39m
[2026-07-15 23:55:52:5552] [[35mhttp[39m]: [35mGET /api/v1/requests?page=1&limit=10[39m
[2026-07-15 23:56:14:5614] [[35mhttp[39m]: [35mPOST /api/v1/requests[39m
[2026-07-15 23:56:17:5617] [[35mhttp[39m]: [35mGET /api/v1/requests?page=1&limit=10[39m
[2026-07-15 23:56:17:5617] [[35mhttp[39m]: [35mGET /api/v1/requests/analytics[39m
[2026-07-15 23:56:17:5617] [[35mhttp[39m]: [35mGET /api/v1/notifications[39m
[2026-07-15 23:56:18:5618] [[35mhttp[39m]: [35mGET /api/v1/requests?page=1&limit=10[39m
[2026-07-15 23:56:18:5618] [[35mhttp[39m]: [35mGET /api/v1/notifications[39m
[2026-07-15 23:56:18:5618] [[35mhttp[39m]: [35mGET /api/v1/requests/analytics[39m
[2026-07-15 23:56:18:5618] [[35mhttp[39m]: [35mGET /api/v1/requests/analytics[39m
[2026-07-15 23:56:19:5619] [[35mhttp[39m]: [35mGET /api/v1/requests?page=1&limit=10[39m
[2026-07-15 23:56:21:5621] [[35mhttp[39m]: [35mGET /api/v1/requests/223ae891-df46-4582-afa2-bf4ab6b6baa0[39m
[2026-07-15 23:56:21:5621] [[35mhttp[39m]: [35mGET /api/v1/requests/223ae891-df46-4582-afa2-bf4ab6b6baa0/comments[39m
[2026-07-15 23:56:21:5621] [[35mhttp[39m]: [35mGET /api/v1/requests/223ae891-df46-4582-afa2-bf4ab6b6baa0/documents[39m
[2026-07-15 23:56:21:5621] [[35mhttp[39m]: [35mGET /api/v1/requests/223ae891-df46-4582-afa2-bf4ab6b6baa0/comments[39m
[2026-07-15 23:56:22:5622] [[35mhttp[39m]: [35mGET /api/v1/requests/223ae891-df46-4582-afa2-bf4ab6b6baa0/documents[39m
[2026-07-15 23:56:22:5622] [[35mhttp[39m]: [35mGET /api/v1/requests/223ae891-df46-4582-afa2-bf4ab6b6baa0[39m
[2026-07-15 23:56:22:5622] [[35mhttp[39m]: [35mGET /api/v1/notifications[39m
[2026-07-15 23:56:22:5622] [[35mhttp[39m]: [35mGET /api/v1/notifications[39m
[2026-07-15 23:56:23:5623] [[35mhttp[39m]: [35mPOST /api/v1/requests/223ae891-df46-4582-afa2-bf4ab6b6baa0/submit[39m
[2026-07-15 23:56:25:5625] [[35mhttp[39m]: [35mGET /api/v1/requests/223ae891-df46-4582-afa2-bf4ab6b6baa0[39m
[2026-07-15 23:56:25:5625] [[35mhttp[39m]: [35mGET /api/v1/requests/223ae891-df46-4582-afa2-bf4ab6b6baa0/comments[39m
[2026-07-15 23:56:25:5625] [[35mhttp[39m]: [35mGET /api/v1/requests/223ae891-df46-4582-afa2-bf4ab6b6baa0/documents[39m
[2026-07-15 23:56:26:5626] [[35mhttp[39m]: [35mGET /api/v1/notifications[39m
[2026-07-15 23:56:26:5626] [[35mhttp[39m]: [35mGET /api/v1/notifications[39m
[2026-07-15 23:56:36:5636] [[35mhttp[39m]: [35mGET /api/v1/notifications[39m
[2026-07-15 23:56:36:5636] [[35mhttp[39m]: [35mGET /api/v1/requests?page=1&limit=10[39m
[2026-07-15 23:56:36:5636] [[35mhttp[39m]: [35mGET /api/v1/requests/analytics[39m
[2026-07-15 23:56:36:5636] [[35mhttp[39m]: [35mGET /api/v1/notifications[39m
[2026-07-15 23:56:37:5637] [[35mhttp[39m]: [35mGET /api/v1/requests?page=1&limit=10[39m
[2026-07-15 23:56:37:5637] [[35mhttp[39m]: [35mGET /api/v1/requests/analytics[39m
[2026-07-15 23:56:37:5637] [[35mhttp[39m]: [35mGET /api/v1/requests?page=1&limit=10[39m
[2026-07-15 23:56:37:5637] [[35mhttp[39m]: [35mGET /api/v1/requests/analytics[39m
[2026-07-15 23:56:47:5647] [[35mhttp[39m]: [35mPOST /api/v1/auth/login[39m
[2026-07-15 23:56:47:5647] [[35mhttp[39m]: [35mGET /api/v1/notifications[39m
[2026-07-15 23:56:47:5647] [[35mhttp[39m]: [35mGET /api/v1/requests?page=1&limit=10[39m
[2026-07-15 23:56:47:5647] [[35mhttp[39m]: [35mGET /api/v1/requests/analytics[39m
[2026-07-15 23:56:47:5647] [[35mhttp[39m]: [35mGET /api/v1/requests?page=1&limit=10[39m
[2026-07-15 23:56:47:5647] [[35mhttp[39m]: [35mGET /api/v1/notifications[39m
[2026-07-15 23:56:48:5648] [[35mhttp[39m]: [35mGET /api/v1/requests?page=1&limit=10[39m
[2026-07-15 23:56:48:5648] [[35mhttp[39m]: [35mGET /api/v1/requests/analytics[39m
[2026-07-15 23:56:48:5648] [[35mhttp[39m]: [35mGET /api/v1/requests/analytics[39m
[2026-07-15 23:56:50:5650] [[35mhttp[39m]: [35mGET /api/v1/requests/223ae891-df46-4582-afa2-bf4ab6b6baa0[39m
[2026-07-15 23:56:50:5650] [[35mhttp[39m]: [35mGET /api/v1/requests/223ae891-df46-4582-afa2-bf4ab6b6baa0/comments[39m
[2026-07-15 23:56:50:5650] [[35mhttp[39m]: [35mGET /api/v1/requests/223ae891-df46-4582-afa2-bf4ab6b6baa0/documents[39m
[2026-07-15 23:56:51:5651] [[35mhttp[39m]: [35mGET /api/v1/requests/223ae891-df46-4582-afa2-bf4ab6b6baa0/comments[39m
[2026-07-15 23:56:51:5651] [[35mhttp[39m]: [35mGET /api/v1/requests/223ae891-df46-4582-afa2-bf4ab6b6baa0[39m
[2026-07-15 23:56:51:5651] [[35mhttp[39m]: [35mGET /api/v1/requests/223ae891-df46-4582-afa2-bf4ab6b6baa0/documents[39m
[2026-07-15 23:56:51:5651] [[35mhttp[39m]: [35mGET /api/v1/notifications[39m
[2026-07-15 23:56:51:5651] [[35mhttp[39m]: [35mGET /api/v1/notifications[39m
[2026-07-15 23:56:59:5659] [[35mhttp[39m]: [35mPOST /api/v1/requests/223ae891-df46-4582-afa2-bf4ab6b6baa0/approve[39m
[2026-07-15 23:57:01:571] [[35mhttp[39m]: [35mGET /api/v1/requests/223ae891-df46-4582-afa2-bf4ab6b6baa0[39m
[2026-07-15 23:57:01:571] [[35mhttp[39m]: [35mGET /api/v1/requests/223ae891-df46-4582-afa2-bf4ab6b6baa0/comments[39m
[2026-07-15 23:57:01:571] [[35mhttp[39m]: [35mGET /api/v1/requests/223ae891-df46-4582-afa2-bf4ab6b6baa0/documents[39m
[2026-07-15 23:57:02:572] [[31merror[39m]: [31m403 - You are not allowed to view this request. - /api/v1/requests/223ae891-df46-4582-afa2-bf4ab6b6baa0/documents - GET - ::1[39m
[2026-07-15 23:57:02:572] [[31merror[39m]: [31mError: You are not allowed to view this request.[39m
[31m    at RequestService.getRequestById (C:\Users\vimal\OneDrive\Jubilee hospital demo\mediflow-core\server\src\request\request.service.ts:233:13)[39m
[31m    at process.processTicksAndRejections (node:internal/process/task_queues:103:5)[39m
[31m    at async RequestService.getDocuments (C:\Users\vimal\OneDrive\Jubilee hospital demo\mediflow-core\server\src\request\request.service.ts:384:5)[39m
[31m    at async <anonymous> (C:\Users\vimal\OneDrive\Jubilee hospital demo\mediflow-core\server\src\controllers\request.controller.ts:136:21)[39m
[2026-07-15 23:57:02:572] [[31merror[39m]: [31m403 - You are not allowed to view this request. - /api/v1/requests/223ae891-df46-4582-afa2-bf4ab6b6baa0 - GET - ::1[39m
[2026-07-15 23:57:02:572] [[31merror[39m]: [31mError: You are not allowed to view this request.[39m
[31m    at RequestService.getRequestById (C:\Users\vimal\OneDrive\Jubilee hospital demo\mediflow-core\server\src\request\request.service.ts:233:13)[39m
[31m    at process.processTicksAndRejections (node:internal/process/task_queues:103:5)[39m
[31m    at async <anonymous> (C:\Users\vimal\OneDrive\Jubilee hospital demo\mediflow-core\server\src\controllers\request.controller.ts:59:18)[39m
[2026-07-15 23:57:02:572] [[31merror[39m]: [31m403 - You are not allowed to view this request. - /api/v1/requests/223ae891-df46-4582-afa2-bf4ab6b6baa0/comments - GET - ::1[39m
[2026-07-15 23:57:02:572] [[31merror[39m]: [31mError: You are not allowed to view this request.[39m
[31m    at RequestService.getRequestById (C:\Users\vimal\OneDrive\Jubilee hospital demo\mediflow-core\server\src\request\request.service.ts:233:13)[39m
[31m    at process.processTicksAndRejections (node:internal/process/task_queues:103:5)[39m
[31m    at async RequestService.getComments (C:\Users\vimal\OneDrive\Jubilee hospital demo\mediflow-core\server\src\request\request.service.ts:362:5)[39m
[31m    at async <anonymous> (C:\Users\vimal\OneDrive\Jubilee hospital demo\mediflow-core\server\src\controllers\request.controller.ts:130:20)[39m
[2026-07-15 23:57:04:574] [[35mhttp[39m]: [35mGET /api/v1/notifications[39m
[2026-07-15 23:57:04:574] [[35mhttp[39m]: [35mGET /api/v1/requests?page=1&limit=10[39m
[2026-07-15 23:57:04:574] [[35mhttp[39m]: [35mGET /api/v1/requests/analytics[39m
[2026-07-15 23:57:04:574] [[35mhttp[39m]: [35mGET /api/v1/requests?page=1&limit=10[39m
[2026-07-15 23:57:04:574] [[35mhttp[39m]: [35mGET /api/v1/notifications[39m
[2026-07-15 23:57:04:574] [[35mhttp[39m]: [35mGET /api/v1/requests/analytics[39m
[2026-07-15 23:57:04:574] [[35mhttp[39m]: [35mGET /api/v1/requests?page=1&limit=10[39m
[2026-07-15 23:57:04:574] [[35mhttp[39m]: [35mGET /api/v1/requests/analytics[39m
[2026-07-15 23:57:10:5710] [[35mhttp[39m]: [35mPUT /api/v1/notifications/930ae4ec-2415-4e49-9f19-59c36a3f492e/read[39m
[2026-07-15 23:57:10:5710] [[35mhttp[39m]: [35mGET /api/v1/notifications[39m
[2026-07-15 23:57:10:5710] [[35mhttp[39m]: [35mGET /api/v1/requests/223ae891-df46-4582-afa2-bf4ab6b6baa0[39m
[2026-07-15 23:57:10:5710] [[35mhttp[39m]: [35mGET /api/v1/requests/223ae891-df46-4582-afa2-bf4ab6b6baa0/comments[39m
[2026-07-15 23:57:10:5710] [[35mhttp[39m]: [35mGET /api/v1/requests/223ae891-df46-4582-afa2-bf4ab6b6baa0/documents[39m
[2026-07-15 23:57:11:5711] [[31merror[39m]: [31m403 - You are not allowed to view this request. - /api/v1/requests/223ae891-df46-4582-afa2-bf4ab6b6baa0/documents - GET - ::1[39m
[2026-07-15 23:57:11:5711] [[31merror[39m]: [31mError: You are not allowed to view this request.[39m
[31m    at RequestService.getRequestById (C:\Users\vimal\OneDrive\Jubilee hospital demo\mediflow-core\server\src\request\request.service.ts:233:13)[39m
[31m    at process.processTicksAndRejections (node:internal/process/task_queues:103:5)[39m
[31m    at async RequestService.getDocuments (C:\Users\vimal\OneDrive\Jubilee hospital demo\mediflow-core\server\src\request\request.service.ts:384:5)[39m
[31m    at async <anonymous> (C:\Users\vimal\OneDrive\Jubilee hospital demo\mediflow-core\server\src\controllers\request.controller.ts:136:21)[39m
[2026-07-15 23:57:11:5711] [[31merror[39m]: [31m403 - You are not allowed to view this request. - /api/v1/requests/223ae891-df46-4582-afa2-bf4ab6b6baa0/comments - GET - ::1[39m
[2026-07-15 23:57:11:5711] [[31merror[39m]: [31mError: You are not allowed to view this request.[39m
[31m    at RequestService.getRequestById (C:\Users\vimal\OneDrive\Jubilee hospital demo\mediflow-core\server\src\request\request.service.ts:233:13)[39m
[31m    at process.processTicksAndRejections (node:internal/process/task_queues:103:5)[39m
[31m    at async RequestService.getComments (C:\Users\vimal\OneDrive\Jubilee hospital demo\mediflow-core\server\src\request\request.service.ts:362:5)[39m
[31m    at async <anonymous> (C:\Users\vimal\OneDrive\Jubilee hospital demo\mediflow-core\server\src\controllers\request.controller.ts:130:20)[39m
[2026-07-15 23:57:11:5711] [[35mhttp[39m]: [35mGET /api/v1/requests/223ae891-df46-4582-afa2-bf4ab6b6baa0/documents[39m
[2026-07-15 23:57:11:5711] [[35mhttp[39m]: [35mGET /api/v1/requests/223ae891-df46-4582-afa2-bf4ab6b6baa0/comments[39m
[2026-07-15 23:57:11:5711] [[31merror[39m]: [31m403 - You are not allowed to view this request. - /api/v1/requests/223ae891-df46-4582-afa2-bf4ab6b6baa0 - GET - ::1[39m
[2026-07-15 23:57:11:5711] [[31merror[39m]: [31mError: You are not allowed to view this request.[39m
[31m    at RequestService.getRequestById (C:\Users\vimal\OneDrive\Jubilee hospital demo\mediflow-core\server\src\request\request.service.ts:233:13)[39m
[31m    at process.processTicksAndRejections (node:internal/process/task_queues:103:5)[39m
[31m    at async <anonymous> (C:\Users\vimal\OneDrive\Jubilee hospital demo\mediflow-core\server\src\controllers\request.controller.ts:59:18)[39m
[2026-07-15 23:57:11:5711] [[35mhttp[39m]: [35mGET /api/v1/requests/223ae891-df46-4582-afa2-bf4ab6b6baa0[39m
[2026-07-15 23:57:12:5712] [[31merror[39m]: [31m403 - You are not allowed to view this request. - /api/v1/requests/223ae891-df46-4582-afa2-bf4ab6b6baa0/comments - GET - ::1[39m
[2026-07-15 23:57:12:5712] [[31merror[39m]: [31mError: You are not allowed to view this request.[39m
[31m    at RequestService.getRequestById (C:\Users\vimal\OneDrive\Jubilee hospital demo\mediflow-core\server\src\request\request.service.ts:233:13)[39m
[31m    at process.processTicksAndRejections (node:internal/process/task_queues:103:5)[39m
[31m    at async RequestService.getComments (C:\Users\vimal\OneDrive\Jubilee hospital demo\mediflow-core\server\src\request\request.service.ts:362:5)[39m
[31m    at async <anonymous> (C:\Users\vimal\OneDrive\Jubilee hospital demo\mediflow-core\server\src\controllers\request.controller.ts:130:20)[39m
[2026-07-15 23:57:12:5712] [[31merror[39m]: [31m403 - You are not allowed to view this request. - /api/v1/requests/223ae891-df46-4582-afa2-bf4ab6b6baa0/documents - GET - ::1[39m
[2026-07-15 23:57:12:5712] [[31merror[39m]: [31mError: You are not allowed to view this request.[39m
[31m    at RequestService.getRequestById (C:\Users\vimal\OneDrive\Jubilee hospital demo\mediflow-core\server\src\request\request.service.ts:233:13)[39m
[31m    at process.processTicksAndRejections (node:internal/process/task_queues:103:5)[39m
[31m    at async RequestService.getDocuments (C:\Users\vimal\OneDrive\Jubilee hospital demo\mediflow-core\server\src\request\request.service.ts:384:5)[39m
[31m    at async <anonymous> (C:\Users\vimal\OneDrive\Jubilee hospital demo\mediflow-core\server\src\controllers\request.controller.ts:136:21)[39m
[2026-07-15 23:57:12:5712] [[31merror[39m]: [31m403 - You are not allowed to view this request. - /api/v1/requests/223ae891-df46-4582-afa2-bf4ab6b6baa0 - GET - ::1[39m
[2026-07-15 23:57:12:5712] [[31merror[39m]: [31mError: You are not allowed to view this request.[39m
[31m    at RequestService.getRequestById (C:\Users\vimal\OneDrive\Jubilee hospital demo\mediflow-core\server\src\request\request.service.ts:233:13)[39m
[31m    at process.processTicksAndRejections (node:internal/process/task_queues:103:5)[39m
[31m    at async <anonymous> (C:\Users\vimal\OneDrive\Jubilee hospital demo\mediflow-core\server\src\controllers\request.controller.ts:59:18)[39m
[2026-07-15 23:57:12:5712] [[35mhttp[39m]: [35mGET /api/v1/notifications[39m
[2026-07-15 23:57:12:5712] [[35mhttp[39m]: [35mGET /api/v1/requests?page=1&limit=10[39m
[2026-07-15 23:57:12:5712] [[35mhttp[39m]: [35mGET /api/v1/requests/analytics[39m
[2026-07-15 23:57:13:5713] [[35mhttp[39m]: [35mGET /api/v1/notifications[39m
[2026-07-15 23:57:13:5713] [[35mhttp[39m]: [35mGET /api/v1/requests?page=1&limit=10[39m
[2026-07-15 23:57:13:5713] [[35mhttp[39m]: [35mGET /api/v1/requests/analytics[39m
[2026-07-15 23:57:13:5713] [[35mhttp[39m]: [35mGET /api/v1/requests?page=1&limit=10[39m
[2026-07-15 23:57:13:5713] [[35mhttp[39m]: [35mGET /api/v1/requests/analytics[39m
[2026-07-16 00:03:00:30] [[35mhttp[39m]: [35mPOST /api/v1/auth/login[39m
[2026-07-16 00:03:02:32] [[35mhttp[39m]: [35mGET /api/v1/notifications[39m
[2026-07-16 00:03:02:32] [[35mhttp[39m]: [35mGET /api/v1/requests?page=1&limit=10[39m
[2026-07-16 00:03:02:32] [[35mhttp[39m]: [35mGET /api/v1/requests/analytics[39m
[2026-07-16 00:03:03:33] [[35mhttp[39m]: [35mGET /api/v1/notifications[39m
[2026-07-16 00:03:03:33] [[35mhttp[39m]: [35mGET /api/v1/requests?page=1&limit=10[39m
[2026-07-16 00:03:03:33] [[35mhttp[39m]: [35mGET /api/v1/requests/analytics[39m
[2026-07-16 00:03:04:34] [[35mhttp[39m]: [35mGET /api/v1/requests/analytics[39m
[2026-07-16 00:03:04:34] [[35mhttp[39m]: [35mGET /api/v1/requests?page=1&limit=10[39m
[2026-07-16 00:03:12:312] [[35mhttp[39m]: [35mGET /api/v1/requests/223ae891-df46-4582-afa2-bf4ab6b6baa0[39m
[2026-07-16 00:03:12:312] [[35mhttp[39m]: [35mGET /api/v1/requests/223ae891-df46-4582-afa2-bf4ab6b6baa0/comments[39m
[2026-07-16 00:03:12:312] [[35mhttp[39m]: [35mGET /api/v1/requests/223ae891-df46-4582-afa2-bf4ab6b6baa0/documents[39m
[2026-07-16 00:03:13:313] [[35mhttp[39m]: [35mGET /api/v1/requests/223ae891-df46-4582-afa2-bf4ab6b6baa0/comments[39m
[2026-07-16 00:03:13:313] [[35mhttp[39m]: [35mGET /api/v1/requests/223ae891-df46-4582-afa2-bf4ab6b6baa0[39m
[2026-07-16 00:03:13:313] [[35mhttp[39m]: [35mGET /api/v1/requests/223ae891-df46-4582-afa2-bf4ab6b6baa0/documents[39m
[2026-07-16 00:03:13:313] [[35mhttp[39m]: [35mGET /api/v1/notifications[39m
[2026-07-16 00:03:13:313] [[35mhttp[39m]: [35mGET /api/v1/notifications[39m
[2026-07-16 00:03:28:328] [[35mhttp[39m]: [35mGET /api/v1/notifications[39m
[2026-07-16 00:03:28:328] [[35mhttp[39m]: [35mGET /api/v1/requests?page=1&limit=10[39m
[2026-07-16 00:03:28:328] [[35mhttp[39m]: [35mGET /api/v1/requests/analytics[39m
[2026-07-16 00:03:29:329] [[35mhttp[39m]: [35mGET /api/v1/notifications[39m
[2026-07-16 00:03:29:329] [[35mhttp[39m]: [35mGET /api/v1/requests?page=1&limit=10[39m
[2026-07-16 00:03:29:329] [[35mhttp[39m]: [35mGET /api/v1/requests/analytics[39m
[2026-07-16 00:03:30:330] [[35mhttp[39m]: [35mGET /api/v1/requests/analytics[39m
[2026-07-16 00:03:30:330] [[35mhttp[39m]: [35mGET /api/v1/requests?page=1&limit=10[39m
[2026-07-16 00:03:46:346] [[35mhttp[39m]: [35mPOST /api/v1/auth/login[39m
[2026-07-16 00:03:47:347] [[35mhttp[39m]: [35mGET /api/v1/notifications[39m
[2026-07-16 00:03:47:347] [[35mhttp[39m]: [35mGET /api/v1/requests?page=1&limit=10[39m
[2026-07-16 00:03:47:347] [[35mhttp[39m]: [35mGET /api/v1/requests/analytics[39m
[2026-07-16 00:03:47:347] [[35mhttp[39m]: [35mGET /api/v1/notifications[39m
[2026-07-16 00:03:47:347] [[35mhttp[39m]: [35mGET /api/v1/requests/analytics[39m
[2026-07-16 00:03:48:348] [[35mhttp[39m]: [35mGET /api/v1/requests/analytics[39m
[2026-07-16 00:03:48:348] [[35mhttp[39m]: [35mGET /api/v1/requests?page=1&limit=10[39m
[2026-07-16 00:03:48:348] [[35mhttp[39m]: [35mGET /api/v1/requests?page=1&limit=10[39m
[2026-07-16 00:03:53:353] [[35mhttp[39m]: [35mGET /api/v1/requests/223ae891-df46-4582-afa2-bf4ab6b6baa0[39m
[2026-07-16 00:03:53:353] [[35mhttp[39m]: [35mGET /api/v1/requests/223ae891-df46-4582-afa2-bf4ab6b6baa0/comments[39m
[2026-07-16 00:03:53:353] [[35mhttp[39m]: [35mGET /api/v1/requests/223ae891-df46-4582-afa2-bf4ab6b6baa0/documents[39m
[2026-07-16 00:03:55:355] [[35mhttp[39m]: [35mGET /api/v1/requests/223ae891-df46-4582-afa2-bf4ab6b6baa0[39m
[2026-07-16 00:03:55:355] [[35mhttp[39m]: [35mGET /api/v1/requests/223ae891-df46-4582-afa2-bf4ab6b6baa0/documents[39m
[2026-07-16 00:03:55:355] [[35mhttp[39m]: [35mGET /api/v1/requests/223ae891-df46-4582-afa2-bf4ab6b6baa0/comments[39m
[2026-07-16 00:03:55:355] [[35mhttp[39m]: [35mGET /api/v1/notifications[39m
[2026-07-16 00:03:55:355] [[35mhttp[39m]: [35mGET /api/v1/notifications[39m
[2026-07-16 00:04:16:416] [[35mhttp[39m]: [35mPOST /api/v1/requests/223ae891-df46-4582-afa2-bf4ab6b6baa0/reject[39m
[2026-07-16 00:04:18:418] [[35mhttp[39m]: [35mGET /api/v1/requests/223ae891-df46-4582-afa2-bf4ab6b6baa0[39m
[2026-07-16 00:04:18:418] [[35mhttp[39m]: [35mGET /api/v1/requests/223ae891-df46-4582-afa2-bf4ab6b6baa0/comments[39m
[2026-07-16 00:04:18:418] [[35mhttp[39m]: [35mGET /api/v1/requests/223ae891-df46-4582-afa2-bf4ab6b6baa0/documents[39m
[2026-07-16 00:04:18:418] [[31merror[39m]: [31m403 - You are not allowed to view this request. - /api/v1/requests/223ae891-df46-4582-afa2-bf4ab6b6baa0 - GET - ::1[39m
[2026-07-16 00:04:18:418] [[31merror[39m]: [31mError: You are not allowed to view this request.[39m
[31m    at RequestService.getRequestById (C:\Users\vimal\OneDrive\Jubilee hospital demo\mediflow-core\server\src\request\request.service.ts:233:13)[39m
[31m    at process.processTicksAndRejections (node:internal/process/task_queues:103:5)[39m
[31m    at async <anonymous> (C:\Users\vimal\OneDrive\Jubilee hospital demo\mediflow-core\server\src\controllers\request.controller.ts:59:18)[39m
[2026-07-16 00:04:18:418] [[31merror[39m]: [31m403 - You are not allowed to view this request. - /api/v1/requests/223ae891-df46-4582-afa2-bf4ab6b6baa0/documents - GET - ::1[39m
[2026-07-16 00:04:18:418] [[31merror[39m]: [31mError: You are not allowed to view this request.[39m
[31m    at RequestService.getRequestById (C:\Users\vimal\OneDrive\Jubilee hospital demo\mediflow-core\server\src\request\request.service.ts:233:13)[39m
[31m    at process.processTicksAndRejections (node:internal/process/task_queues:103:5)[39m
[31m    at async RequestService.getDocuments (C:\Users\vimal\OneDrive\Jubilee hospital demo\mediflow-core\server\src\request\request.service.ts:384:5)[39m
[31m    at async <anonymous> (C:\Users\vimal\OneDrive\Jubilee hospital demo\mediflow-core\server\src\controllers\request.controller.ts:136:21)[39m
[2026-07-16 00:04:19:419] [[31merror[39m]: [31m403 - You are not allowed to view this request. - /api/v1/requests/223ae891-df46-4582-afa2-bf4ab6b6baa0/comments - GET - ::1[39m
[2026-07-16 00:04:19:419] [[31merror[39m]: [31mError: You are not allowed to view this request.[39m
[31m    at RequestService.getRequestById (C:\Users\vimal\OneDrive\Jubilee hospital demo\mediflow-core\server\src\request\request.service.ts:233:13)[39m
[31m    at process.processTicksAndRejections (node:internal/process/task_queues:103:5)[39m
[31m    at async RequestService.getComments (C:\Users\vimal\OneDrive\Jubilee hospital demo\mediflow-core\server\src\request\request.service.ts:362:5)[39m
[31m    at async <anonymous> (C:\Users\vimal\OneDrive\Jubilee hospital demo\mediflow-core\server\src\controllers\request.controller.ts:130:20)[39m
[2026-07-16 00:04:20:420] [[35mhttp[39m]: [35mGET /api/v1/requests?page=1&limit=10[39m
[2026-07-16 00:04:20:420] [[35mhttp[39m]: [35mGET /api/v1/notifications[39m
[2026-07-16 00:04:20:420] [[35mhttp[39m]: [35mGET /api/v1/requests/analytics[39m
[2026-07-16 00:04:20:420] [[35mhttp[39m]: [35mGET /api/v1/requests?page=1&limit=10[39m
[2026-07-16 00:04:20:420] [[35mhttp[39m]: [35mGET /api/v1/requests/analytics[39m
[2026-07-16 00:04:20:420] [[35mhttp[39m]: [35mGET /api/v1/notifications[39m
[2026-07-16 00:04:20:420] [[35mhttp[39m]: [35mGET /api/v1/requests?page=1&limit=10[39m
[2026-07-16 00:04:21:421] [[35mhttp[39m]: [35mGET /api/v1/requests/analytics[39m
[2026-07-16 00:04:35:435] [[35mhttp[39m]: [35mPOST /api/v1/auth/login[39m
[2026-07-16 00:04:36:436] [[35mhttp[39m]: [35mGET /api/v1/notifications[39m
[2026-07-16 00:04:36:436] [[35mhttp[39m]: [35mGET /api/v1/requests?page=1&limit=10[39m
[2026-07-16 00:04:36:436] [[35mhttp[39m]: [35mGET /api/v1/requests/analytics[39m
[2026-07-16 00:04:36:436] [[35mhttp[39m]: [35mGET /api/v1/notifications[39m
[2026-07-16 00:04:36:436] [[35mhttp[39m]: [35mGET /api/v1/requests?page=1&limit=10[39m
[2026-07-16 00:04:37:437] [[35mhttp[39m]: [35mGET /api/v1/requests/analytics[39m
[2026-07-16 00:04:37:437] [[35mhttp[39m]: [35mGET /api/v1/requests?page=1&limit=10[39m
[2026-07-16 00:04:37:437] [[35mhttp[39m]: [35mGET /api/v1/requests/analytics[39m
[2026-07-16 00:04:40:440] [[35mhttp[39m]: [35mGET /api/v1/requests/223ae891-df46-4582-afa2-bf4ab6b6baa0[39m
[2026-07-16 00:04:40:440] [[35mhttp[39m]: [35mGET /api/v1/requests/223ae891-df46-4582-afa2-bf4ab6b6baa0/comments[39m
[2026-07-16 00:04:40:440] [[35mhttp[39m]: [35mGET /api/v1/requests/223ae891-df46-4582-afa2-bf4ab6b6baa0/documents[39m
[2026-07-16 00:04:41:441] [[35mhttp[39m]: [35mGET /api/v1/requests/223ae891-df46-4582-afa2-bf4ab6b6baa0[39m
[2026-07-16 00:04:41:441] [[35mhttp[39m]: [35mGET /api/v1/requests/223ae891-df46-4582-afa2-bf4ab6b6baa0/documents[39m
[2026-07-16 00:04:41:441] [[35mhttp[39m]: [35mGET /api/v1/requests/223ae891-df46-4582-afa2-bf4ab6b6baa0/comments[39m
[2026-07-16 00:04:41:441] [[35mhttp[39m]: [35mGET /api/v1/notifications[39m
[2026-07-16 00:04:41:441] [[35mhttp[39m]: [35mGET /api/v1/notifications[39m
[2026-07-16 00:05:11:511] [[35mhttp[39m]: [35mGET /api/v1/notifications[39m
[2026-07-16 00:05:41:541] [[35mhttp[39m]: [35mGET /api/v1/notifications[39m
[2026-07-16 00:05:43:543] [[35mhttp[39m]: [35mGET /api/v1/notifications[39m
[2026-07-16 00:05:43:543] [[35mhttp[39m]: [35mGET /api/v1/requests?page=1&limit=10[39m
[2026-07-16 00:05:43:543] [[35mhttp[39m]: [35mGET /api/v1/requests/analytics[39m
[2026-07-16 00:05:43:543] [[35mhttp[39m]: [35mGET /api/v1/notifications[39m
[2026-07-16 00:05:44:544] [[35mhttp[39m]: [35mGET /api/v1/requests/analytics[39m
[2026-07-16 00:05:44:544] [[35mhttp[39m]: [35mGET /api/v1/requests?page=1&limit=10[39m
[2026-07-16 00:05:44:544] [[35mhttp[39m]: [35mGET /api/v1/requests/analytics[39m
[2026-07-16 00:05:44:544] [[35mhttp[39m]: [35mGET /api/v1/requests?page=1&limit=10[39m
[2026-07-16 00:06:13:613] [[35mhttp[39m]: [35mGET /api/v1/notifications[39m
[2026-07-16 00:06:44:644] [[35mhttp[39m]: [35mGET /api/v1/notifications[39m
[2026-07-16 00:07:14:714] [[35mhttp[39m]: [35mGET /api/v1/notifications[39m
[2026-07-16 00:07:44:744] [[35mhttp[39m]: [35mGET /api/v1/notifications[39m
[2026-07-16 00:08:14:814] [[35mhttp[39m]: [35mGET /api/v1/notifications[39m
[2026-07-16 00:08:44:844] [[35mhttp[39m]: [35mGET /api/v1/notifications[39m
[2026-07-16 00:09:22:922] [[35mhttp[39m]: [35mGET /api/v1/notifications[39m
[2026-07-16 00:09:47:947] [[35mhttp[39m]: [35mGET /api/v1/notifications[39m
[2026-07-16 00:10:47:1047] [[35mhttp[39m]: [35mGET /api/v1/notifications[39m
[2026-07-16 00:11:47:1147] [[35mhttp[39m]: [35mGET /api/v1/notifications[39m
[2026-07-16 00:12:47:1247] [[35mhttp[39m]: [35mGET /api/v1/notifications[39m
[2026-07-16 00:13:47:1347] [[35mhttp[39m]: [35mGET /api/v1/notifications[39m
[2026-07-16 00:14:47:1447] [[35mhttp[39m]: [35mGET /api/v1/notifications[39m
[2026-07-16 00:15:47:1547] [[35mhttp[39m]: [35mGET /api/v1/notifications[39m
[2026-07-16 00:16:47:1647] [[35mhttp[39m]: [35mGET /api/v1/notifications[39m
[2026-07-16 00:17:36:1736] [[35mhttp[39m]: [35mGET /api/v1/notifications[39m
[2026-07-16 00:17:55:1755] [[35mhttp[39m]: [35mPOST /api/v1/auth/login[39m
[2026-07-16 00:17:56:1756] [[35mhttp[39m]: [35mGET /api/v1/notifications[39m
[2026-07-16 00:17:56:1756] [[35mhttp[39m]: [35mGET /api/v1/requests?page=1&limit=10[39m
[2026-07-16 00:17:56:1756] [[35mhttp[39m]: [35mGET /api/v1/requests/analytics[39m
[2026-07-16 00:17:56:1756] [[35mhttp[39m]: [35mGET /api/v1/notifications[39m
[2026-07-16 00:17:57:1757] [[35mhttp[39m]: [35mGET /api/v1/requests?page=1&limit=10[39m
[2026-07-16 00:17:57:1757] [[35mhttp[39m]: [35mGET /api/v1/requests/analytics[39m
[2026-07-16 00:17:58:1758] [[35mhttp[39m]: [35mGET /api/v1/requests?page=1&limit=10[39m
[2026-07-16 00:17:58:1758] [[35mhttp[39m]: [35mGET /api/v1/requests/analytics[39m
[2026-07-16 00:18:26:1826] [[35mhttp[39m]: [35mGET /api/v1/notifications[39m
[2026-07-16 00:19:10:1910] [[35mhttp[39m]: [35mPOST /api/v1/auth/login[39m
[2026-07-16 00:19:11:1911] [[35mhttp[39m]: [35mGET /api/v1/notifications[39m
[2026-07-16 00:19:11:1911] [[35mhttp[39m]: [35mGET /api/v1/requests?page=1&limit=10[39m
[2026-07-16 00:19:11:1911] [[35mhttp[39m]: [35mGET /api/v1/requests/analytics[39m
[2026-07-16 00:19:12:1912] [[35mhttp[39m]: [35mGET /api/v1/notifications[39m
[2026-07-16 00:19:12:1912] [[35mhttp[39m]: [35mGET /api/v1/requests?page=1&limit=10[39m
[2026-07-16 00:19:13:1913] [[35mhttp[39m]: [35mGET /api/v1/requests/analytics[39m
[2026-07-16 00:19:13:1913] [[35mhttp[39m]: [35mGET /api/v1/requests?page=1&limit=10[39m
[2026-07-16 00:19:13:1913] [[35mhttp[39m]: [35mGET /api/v1/requests/analytics[39m
[2026-07-16 00:19:24:1924] [[35mhttp[39m]: [35mGET /api/v1/requests/223ae891-df46-4582-afa2-bf4ab6b6baa0[39m
[2026-07-16 00:19:24:1924] [[35mhttp[39m]: [35mGET /api/v1/requests/223ae891-df46-4582-afa2-bf4ab6b6baa0/comments[39m
[2026-07-16 00:19:24:1924] [[35mhttp[39m]: [35mGET /api/v1/requests/223ae891-df46-4582-afa2-bf4ab6b6baa0/documents[39m
[2026-07-16 00:19:26:1926] [[35mhttp[39m]: [35mGET /api/v1/requests/223ae891-df46-4582-afa2-bf4ab6b6baa0[39m
[2026-07-16 00:19:26:1926] [[35mhttp[39m]: [35mGET /api/v1/requests/223ae891-df46-4582-afa2-bf4ab6b6baa0/comments[39m
[2026-07-16 00:19:26:1926] [[35mhttp[39m]: [35mGET /api/v1/requests/223ae891-df46-4582-afa2-bf4ab6b6baa0/documents[39m
[2026-07-16 00:19:26:1926] [[35mhttp[39m]: [35mGET /api/v1/notifications[39m
[2026-07-16 00:19:26:1926] [[35mhttp[39m]: [35mGET /api/v1/notifications[39m
[2026-07-16 00:19:36:1936] [[35mhttp[39m]: [35mGET /api/v1/notifications[39m
[2026-07-16 00:19:36:1936] [[35mhttp[39m]: [35mGET /api/v1/requests?page=1&limit=10[39m
[2026-07-16 00:19:36:1936] [[35mhttp[39m]: [35mGET /api/v1/requests/analytics[39m
[2026-07-16 00:19:36:1936] [[35mhttp[39m]: [35mGET /api/v1/requests?page=1&limit=10[39m
[2026-07-16 00:19:36:1936] [[35mhttp[39m]: [35mGET /api/v1/requests/analytics[39m
[2026-07-16 00:19:36:1936] [[35mhttp[39m]: [35mGET /api/v1/notifications[39m
[2026-07-16 00:19:37:1937] [[35mhttp[39m]: [35mGET /api/v1/requests/analytics[39m
[2026-07-16 00:19:37:1937] [[35mhttp[39m]: [35mGET /api/v1/requests?page=1&limit=10[39m
[2026-07-16 00:19:39:1939] [[35mhttp[39m]: [35mGET /api/v1/requests/ccd89e46-85e3-4a6e-847d-ad5167b5258c[39m
[2026-07-16 00:19:39:1939] [[35mhttp[39m]: [35mGET /api/v1/requests/ccd89e46-85e3-4a6e-847d-ad5167b5258c/comments[39m
[2026-07-16 00:19:39:1939] [[35mhttp[39m]: [35mGET /api/v1/requests/ccd89e46-85e3-4a6e-847d-ad5167b5258c/documents[39m
[2026-07-16 00:19:41:1941] [[35mhttp[39m]: [35mGET /api/v1/requests/ccd89e46-85e3-4a6e-847d-ad5167b5258c[39m
[2026-07-16 00:19:41:1941] [[35mhttp[39m]: [35mGET /api/v1/requests/ccd89e46-85e3-4a6e-847d-ad5167b5258c/documents[39m
[2026-07-16 00:19:41:1941] [[35mhttp[39m]: [35mGET /api/v1/requests/ccd89e46-85e3-4a6e-847d-ad5167b5258c/comments[39m
[2026-07-16 00:19:41:1941] [[35mhttp[39m]: [35mGET /api/v1/notifications[39m
[2026-07-16 00:19:41:1941] [[35mhttp[39m]: [35mGET /api/v1/notifications[39m
[2026-07-16 00:19:47:1947] [[35mhttp[39m]: [35mGET /api/v1/notifications[39m
[2026-07-16 00:19:47:1947] [[35mhttp[39m]: [35mGET /api/v1/requests?page=1&limit=10[39m
[2026-07-16 00:19:47:1947] [[35mhttp[39m]: [35mGET /api/v1/requests/analytics[39m
[2026-07-16 00:19:47:1947] [[35mhttp[39m]: [35mGET /api/v1/requests/analytics[39m
[2026-07-16 00:19:47:1947] [[35mhttp[39m]: [35mGET /api/v1/requests?page=1&limit=10[39m
[2026-07-16 00:19:47:1947] [[35mhttp[39m]: [35mGET /api/v1/notifications[39m
[2026-07-16 00:19:47:1947] [[35mhttp[39m]: [35mGET /api/v1/requests/analytics[39m
[2026-07-16 00:19:48:1948] [[35mhttp[39m]: [35mGET /api/v1/requests?page=1&limit=10[39m
[2026-07-16 00:20:01:201] [[35mhttp[39m]: [35mPOST /api/v1/auth/login[39m
[2026-07-16 00:20:01:201] [[31merror[39m]: [31m401 - Invalid email or password. - /api/v1/auth/login - POST - ::1[39m
[2026-07-16 00:20:01:201] [[31merror[39m]: [31mError: Invalid email or password.[39m
[31m    at <anonymous> (C:\Users\vimal\OneDrive\Jubilee hospital demo\mediflow-core\server\src\routes\auth.ts:25:19)[39m
[2026-07-16 00:20:06:206] [[35mhttp[39m]: [35mPOST /api/v1/auth/login[39m
[2026-07-16 00:20:06:206] [[35mhttp[39m]: [35mGET /api/v1/notifications[39m
[2026-07-16 00:20:06:206] [[35mhttp[39m]: [35mGET /api/v1/requests?page=1&limit=10[39m
[2026-07-16 00:20:06:206] [[35mhttp[39m]: [35mGET /api/v1/requests/analytics[39m
[2026-07-16 00:20:07:207] [[35mhttp[39m]: [35mGET /api/v1/notifications[39m
[2026-07-16 00:20:07:207] [[35mhttp[39m]: [35mGET /api/v1/requests/analytics[39m
[2026-07-16 00:20:07:207] [[35mhttp[39m]: [35mGET /api/v1/requests/analytics[39m
[2026-07-16 00:20:08:208] [[35mhttp[39m]: [35mGET /api/v1/requests?page=1&limit=10[39m
[2026-07-16 00:20:08:208] [[35mhttp[39m]: [35mGET /api/v1/requests?page=1&limit=10[39m
[2026-07-16 00:20:33:2033] [[35mhttp[39m]: [35mPOST /api/v1/auth/login[39m
[2026-07-16 00:20:34:2034] [[31merror[39m]: [31m401 - Invalid email or password. - /api/v1/auth/login - POST - ::1[39m
[2026-07-16 00:20:34:2034] [[31merror[39m]: [31mError: Invalid email or password.[39m
[31m    at <anonymous> (C:\Users\vimal\OneDrive\Jubilee hospital demo\mediflow-core\server\src\routes\auth.ts:25:19)[39m
[2026-07-16 00:20:40:2040] [[35mhttp[39m]: [35mPOST /api/v1/auth/login[39m
[2026-07-16 00:20:40:2040] [[35mhttp[39m]: [35mGET /api/v1/notifications[39m
[2026-07-16 00:20:40:2040] [[35mhttp[39m]: [35mGET /api/v1/requests?page=1&limit=10[39m
[2026-07-16 00:20:40:2040] [[35mhttp[39m]: [35mGET /api/v1/requests/analytics[39m
[2026-07-16 00:20:41:2041] [[35mhttp[39m]: [35mGET /api/v1/notifications[39m
[2026-07-16 00:20:41:2041] [[35mhttp[39m]: [35mGET /api/v1/requests?page=1&limit=10[39m
[2026-07-16 00:20:41:2041] [[35mhttp[39m]: [35mGET /api/v1/requests/analytics[39m
[2026-07-16 00:20:42:2042] [[35mhttp[39m]: [35mGET /api/v1/requests/analytics[39m
[2026-07-16 00:20:42:2042] [[35mhttp[39m]: [35mGET /api/v1/requests?page=1&limit=10[39m
[2026-07-16 00:20:47:2047] [[35mhttp[39m]: [35mGET /api/v1/requests/d47aca99-70f9-4e06-909d-a26af45475fa[39m
[2026-07-16 00:20:47:2047] [[35mhttp[39m]: [35mGET /api/v1/requests/d47aca99-70f9-4e06-909d-a26af45475fa/comments[39m
[2026-07-16 00:20:47:2047] [[35mhttp[39m]: [35mGET /api/v1/requests/d47aca99-70f9-4e06-909d-a26af45475fa/documents[39m
[2026-07-16 00:20:48:2048] [[35mhttp[39m]: [35mGET /api/v1/requests/d47aca99-70f9-4e06-909d-a26af45475fa[39m
[2026-07-16 00:20:48:2048] [[35mhttp[39m]: [35mGET /api/v1/requests/d47aca99-70f9-4e06-909d-a26af45475fa/comments[39m
[2026-07-16 00:20:48:2048] [[35mhttp[39m]: [35mGET /api/v1/requests/d47aca99-70f9-4e06-909d-a26af45475fa/documents[39m
[2026-07-16 00:20:48:2048] [[35mhttp[39m]: [35mGET /api/v1/notifications[39m
[2026-07-16 00:20:49:2049] [[35mhttp[39m]: [35mGET /api/v1/notifications[39m
[2026-07-16 00:20:51:2051] [[35mhttp[39m]: [35mGET /api/v1/notifications[39m
[2026-07-16 00:20:51:2051] [[35mhttp[39m]: [35mGET /api/v1/requests?page=1&limit=10[39m
[2026-07-16 00:20:51:2051] [[35mhttp[39m]: [35mGET /api/v1/requests/analytics[39m
[2026-07-16 00:20:51:2051] [[35mhttp[39m]: [35mGET /api/v1/requests/analytics[39m
[2026-07-16 00:20:51:2051] [[35mhttp[39m]: [35mGET /api/v1/notifications[39m
[2026-07-16 00:20:51:2051] [[35mhttp[39m]: [35mGET /api/v1/requests?page=1&limit=10[39m
[2026-07-16 00:20:51:2051] [[35mhttp[39m]: [35mGET /api/v1/requests/analytics[39m
[2026-07-16 00:20:51:2051] [[35mhttp[39m]: [35mGET /api/v1/requests?page=1&limit=10[39m
[2026-07-16 00:20:53:2053] [[35mhttp[39m]: [35mGET /api/v1/requests/223ae891-df46-4582-afa2-bf4ab6b6baa0[39m
[2026-07-16 00:20:53:2053] [[35mhttp[39m]: [35mGET /api/v1/requests/223ae891-df46-4582-afa2-bf4ab6b6baa0/comments[39m
[2026-07-16 00:20:53:2053] [[35mhttp[39m]: [35mGET /api/v1/requests/223ae891-df46-4582-afa2-bf4ab6b6baa0/documents[39m
[2026-07-16 00:20:54:2054] [[35mhttp[39m]: [35mGET /api/v1/requests/223ae891-df46-4582-afa2-bf4ab6b6baa0/comments[39m
[2026-07-16 00:20:54:2054] [[35mhttp[39m]: [35mGET /api/v1/requests/223ae891-df46-4582-afa2-bf4ab6b6baa0[39m
[2026-07-16 00:20:54:2054] [[35mhttp[39m]: [35mGET /api/v1/requests/223ae891-df46-4582-afa2-bf4ab6b6baa0/documents[39m
[2026-07-16 00:20:54:2054] [[35mhttp[39m]: [35mGET /api/v1/notifications[39m
[2026-07-16 00:20:54:2054] [[35mhttp[39m]: [35mGET /api/v1/notifications[39m
[2026-07-16 00:20:56:2056] [[35mhttp[39m]: [35mGET /api/v1/notifications[39m
[2026-07-16 00:20:56:2056] [[35mhttp[39m]: [35mGET /api/v1/requests?page=1&limit=10[39m
[2026-07-16 00:20:56:2056] [[35mhttp[39m]: [35mGET /api/v1/requests/analytics[39m
[2026-07-16 00:20:56:2056] [[35mhttp[39m]: [35mGET /api/v1/notifications[39m
[2026-07-16 00:20:56:2056] [[35mhttp[39m]: [35mGET /api/v1/requests?page=1&limit=10[39m
[2026-07-16 00:20:56:2056] [[35mhttp[39m]: [35mGET /api/v1/requests/analytics[39m
[2026-07-16 00:20:56:2056] [[35mhttp[39m]: [35mGET /api/v1/requests?page=1&limit=10[39m
[2026-07-16 00:20:57:2057] [[35mhttp[39m]: [35mGET /api/v1/requests/analytics[39m
[2026-07-16 00:20:58:2058] [[35mhttp[39m]: [35mGET /api/v1/requests/ccd89e46-85e3-4a6e-847d-ad5167b5258c[39m
[2026-07-16 00:20:58:2058] [[35mhttp[39m]: [35mGET /api/v1/requests/ccd89e46-85e3-4a6e-847d-ad5167b5258c/comments[39m
[2026-07-16 00:20:58:2058] [[35mhttp[39m]: [35mGET /api/v1/requests/ccd89e46-85e3-4a6e-847d-ad5167b5258c/documents[39m
[2026-07-16 00:20:58:2058] [[35mhttp[39m]: [35mGET /api/v1/requests/ccd89e46-85e3-4a6e-847d-ad5167b5258c/comments[39m
[2026-07-16 00:20:58:2058] [[35mhttp[39m]: [35mGET /api/v1/requests/ccd89e46-85e3-4a6e-847d-ad5167b5258c[39m
[2026-07-16 00:20:58:2058] [[35mhttp[39m]: [35mGET /api/v1/requests/ccd89e46-85e3-4a6e-847d-ad5167b5258c/documents[39m
[2026-07-16 00:20:58:2058] [[35mhttp[39m]: [35mGET /api/v1/notifications[39m
[2026-07-16 00:20:59:2059] [[35mhttp[39m]: [35mGET /api/v1/notifications[39m
[2026-07-16 00:21:12:2112] [[35mhttp[39m]: [35mGET /api/v1/notifications[39m
[2026-07-16 00:21:12:2112] [[35mhttp[39m]: [35mGET /api/v1/requests?page=1&limit=10[39m
[2026-07-16 00:21:12:2112] [[35mhttp[39m]: [35mGET /api/v1/requests/analytics[39m
[2026-07-16 00:21:13:2113] [[35mhttp[39m]: [35mGET /api/v1/notifications[39m
[2026-07-16 00:21:13:2113] [[35mhttp[39m]: [35mGET /api/v1/requests?page=1&limit=10[39m
[2026-07-16 00:21:13:2113] [[35mhttp[39m]: [35mGET /api/v1/requests/analytics[39m
[2026-07-16 00:21:13:2113] [[35mhttp[39m]: [35mGET /api/v1/requests/analytics[39m
[2026-07-16 00:21:13:2113] [[35mhttp[39m]: [35mGET /api/v1/requests?page=1&limit=10[39m
[2026-07-16 00:21:18:2118] [[35mhttp[39m]: [35mGET /api/v1/requests/4a870878-eb7c-403d-8082-ca8fcb07c837[39m
[2026-07-16 00:21:18:2118] [[35mhttp[39m]: [35mGET /api/v1/requests/4a870878-eb7c-403d-8082-ca8fcb07c837/comments[39m
[2026-07-16 00:21:18:2118] [[35mhttp[39m]: [35mGET /api/v1/requests/4a870878-eb7c-403d-8082-ca8fcb07c837/documents[39m
[2026-07-16 00:21:19:2119] [[35mhttp[39m]: [35mGET /api/v1/requests/4a870878-eb7c-403d-8082-ca8fcb07c837[39m
[2026-07-16 00:21:19:2119] [[35mhttp[39m]: [35mGET /api/v1/requests/4a870878-eb7c-403d-8082-ca8fcb07c837/comments[39m
[2026-07-16 00:21:19:2119] [[35mhttp[39m]: [35mGET /api/v1/requests/4a870878-eb7c-403d-8082-ca8fcb07c837/documents[39m
[2026-07-16 00:21:19:2119] [[35mhttp[39m]: [35mGET /api/v1/notifications[39m
[2026-07-16 00:21:19:2119] [[35mhttp[39m]: [35mGET /api/v1/notifications[39m
[2026-07-16 00:21:23:2123] [[35mhttp[39m]: [35mGET /api/v1/notifications[39m
[2026-07-16 00:21:23:2123] [[35mhttp[39m]: [35mGET /api/v1/requests?page=1&limit=10[39m
[2026-07-16 00:21:23:2123] [[35mhttp[39m]: [35mGET /api/v1/requests/analytics[39m
[2026-07-16 00:21:23:2123] [[35mhttp[39m]: [35mGET /api/v1/notifications[39m
[2026-07-16 00:21:23:2123] [[35mhttp[39m]: [35mGET /api/v1/requests?page=1&limit=10[39m
[2026-07-16 00:21:23:2123] [[35mhttp[39m]: [35mGET /api/v1/requests/analytics[39m
[2026-07-16 00:21:23:2123] [[35mhttp[39m]: [35mGET /api/v1/requests/analytics[39m
[2026-07-16 00:21:23:2123] [[35mhttp[39m]: [35mGET /api/v1/requests?page=1&limit=10[39m
[2026-07-16 00:21:43:2143] [[35mhttp[39m]: [35mPOST /api/v1/auth/login[39m
[2026-07-16 00:21:43:2143] [[31merror[39m]: [31m401 - Invalid email or password. - /api/v1/auth/login - POST - ::1[39m
[2026-07-16 00:21:43:2143] [[31merror[39m]: [31mError: Invalid email or password.[39m
[31m    at <anonymous> (C:\Users\vimal\OneDrive\Jubilee hospital demo\mediflow-core\server\src\routes\auth.ts:25:19)[39m
[2026-07-16 00:21:55:2155] [[35mhttp[39m]: [35mPOST /api/v1/auth/login[39m
[2026-07-16 00:21:56:2156] [[35mhttp[39m]: [35mGET /api/v1/notifications[39m
[2026-07-16 00:21:56:2156] [[35mhttp[39m]: [35mGET /api/v1/requests?page=1&limit=10[39m
[2026-07-16 00:21:56:2156] [[35mhttp[39m]: [35mGET /api/v1/requests/analytics[39m
[2026-07-16 00:21:57:2157] [[35mhttp[39m]: [35mGET /api/v1/notifications[39m
[2026-07-16 00:21:57:2157] [[35mhttp[39m]: [35mGET /api/v1/requests?page=1&limit=10[39m
[2026-07-16 00:21:58:2158] [[35mhttp[39m]: [35mGET /api/v1/requests?page=1&limit=10[39m
[2026-07-16 00:21:58:2158] [[35mhttp[39m]: [35mGET /api/v1/requests/analytics[39m
[2026-07-16 00:21:58:2158] [[35mhttp[39m]: [35mGET /api/v1/requests/analytics[39m
[2026-07-16 00:22:04:224] [[35mhttp[39m]: [35mPUT /api/v1/notifications/de714692-e819-464c-bf43-971b18abc443/read[39m
[2026-07-16 00:22:04:224] [[35mhttp[39m]: [35mGET /api/v1/notifications[39m
[2026-07-16 00:22:04:224] [[35mhttp[39m]: [35mGET /api/v1/requests/223ae891-df46-4582-afa2-bf4ab6b6baa0[39m
[2026-07-16 00:22:04:224] [[35mhttp[39m]: [35mGET /api/v1/requests/223ae891-df46-4582-afa2-bf4ab6b6baa0/comments[39m
[2026-07-16 00:22:04:224] [[35mhttp[39m]: [35mGET /api/v1/requests/223ae891-df46-4582-afa2-bf4ab6b6baa0/documents[39m
[2026-07-16 00:22:05:225] [[31merror[39m]: [31m403 - You are not allowed to view this request. - /api/v1/requests/223ae891-df46-4582-afa2-bf4ab6b6baa0 - GET - ::1[39m
[2026-07-16 00:22:05:225] [[31merror[39m]: [31mError: You are not allowed to view this request.[39m
[31m    at RequestService.getRequestById (C:\Users\vimal\OneDrive\Jubilee hospital demo\mediflow-core\server\src\request\request.service.ts:233:13)[39m
[31m    at process.processTicksAndRejections (node:internal/process/task_queues:103:5)[39m
[31m    at async <anonymous> (C:\Users\vimal\OneDrive\Jubilee hospital demo\mediflow-core\server\src\controllers\request.controller.ts:59:18)[39m
[2026-07-16 00:22:05:225] [[35mhttp[39m]: [35mGET /api/v1/requests/223ae891-df46-4582-afa2-bf4ab6b6baa0[39m
[2026-07-16 00:22:05:225] [[31merror[39m]: [31m403 - You are not allowed to view this request. - /api/v1/requests/223ae891-df46-4582-afa2-bf4ab6b6baa0/documents - GET - ::1[39m
[2026-07-16 00:22:05:225] [[31merror[39m]: [31mError: You are not allowed to view this request.[39m
[31m    at RequestService.getRequestById (C:\Users\vimal\OneDrive\Jubilee hospital demo\mediflow-core\server\src\request\request.service.ts:233:13)[39m
[31m    at process.processTicksAndRejections (node:internal/process/task_queues:103:5)[39m
[31m    at async RequestService.getDocuments (C:\Users\vimal\OneDrive\Jubilee hospital demo\mediflow-core\server\src\request\request.service.ts:384:5)[39m
[31m    at async <anonymous> (C:\Users\vimal\OneDrive\Jubilee hospital demo\mediflow-core\server\src\controllers\request.controller.ts:136:21)[39m
[2026-07-16 00:22:05:225] [[31merror[39m]: [31m403 - You are not allowed to view this request. - /api/v1/requests/223ae891-df46-4582-afa2-bf4ab6b6baa0/comments - GET - ::1[39m
[2026-07-16 00:22:05:225] [[31merror[39m]: [31mError: You are not allowed to view this request.[39m
[31m    at RequestService.getRequestById (C:\Users\vimal\OneDrive\Jubilee hospital demo\mediflow-core\server\src\request\request.service.ts:233:13)[39m
[31m    at process.processTicksAndRejections (node:internal/process/task_queues:103:5)[39m
[31m    at async RequestService.getComments (C:\Users\vimal\OneDrive\Jubilee hospital demo\mediflow-core\server\src\request\request.service.ts:362:5)[39m
[31m    at async <anonymous> (C:\Users\vimal\OneDrive\Jubilee hospital demo\mediflow-core\server\src\controllers\request.controller.ts:130:20)[39m
[2026-07-16 00:22:05:225] [[35mhttp[39m]: [35mGET /api/v1/requests/223ae891-df46-4582-afa2-bf4ab6b6baa0/comments[39m
[2026-07-16 00:22:05:225] [[35mhttp[39m]: [35mGET /api/v1/requests/223ae891-df46-4582-afa2-bf4ab6b6baa0/documents[39m
[2026-07-16 00:22:06:226] [[31merror[39m]: [31m403 - You are not allowed to view this request. - /api/v1/requests/223ae891-df46-4582-afa2-bf4ab6b6baa0 - GET - ::1[39m
[2026-07-16 00:22:06:226] [[31merror[39m]: [31mError: You are not allowed to view this request.[39m
[31m    at RequestService.getRequestById (C:\Users\vimal\OneDrive\Jubilee hospital demo\mediflow-core\server\src\request\request.service.ts:233:13)[39m
[31m    at process.processTicksAndRejections (node:internal/process/task_queues:103:5)[39m
[31m    at async <anonymous> (C:\Users\vimal\OneDrive\Jubilee hospital demo\mediflow-core\server\src\controllers\request.controller.ts:59:18)[39m
[2026-07-16 00:22:06:226] [[31merror[39m]: [31m403 - You are not allowed to view this request. - /api/v1/requests/223ae891-df46-4582-afa2-bf4ab6b6baa0/documents - GET - ::1[39m
[2026-07-16 00:22:06:226] [[31merror[39m]: [31mError: You are not allowed to view this request.[39m
[31m    at RequestService.getRequestById (C:\Users\vimal\OneDrive\Jubilee hospital demo\mediflow-core\server\src\request\request.service.ts:233:13)[39m
[31m    at process.processTicksAndRejections (node:internal/process/task_queues:103:5)[39m
[31m    at async RequestService.getDocuments (C:\Users\vimal\OneDrive\Jubilee hospital demo\mediflow-core\server\src\request\request.service.ts:384:5)[39m
[31m    at async <anonymous> (C:\Users\vimal\OneDrive\Jubilee hospital demo\mediflow-core\server\src\controllers\request.controller.ts:136:21)[39m
[2026-07-16 00:22:06:226] [[31merror[39m]: [31m403 - You are not allowed to view this request. - /api/v1/requests/223ae891-df46-4582-afa2-bf4ab6b6baa0/comments - GET - ::1[39m
[2026-07-16 00:22:06:226] [[31merror[39m]: [31mError: You are not allowed to view this request.[39m
[31m    at RequestService.getRequestById (C:\Users\vimal\OneDrive\Jubilee hospital demo\mediflow-core\server\src\request\request.service.ts:233:13)[39m
[31m    at process.processTicksAndRejections (node:internal/process/task_queues:103:5)[39m
[31m    at async RequestService.getComments (C:\Users\vimal\OneDrive\Jubilee hospital demo\mediflow-core\server\src\request\request.service.ts:362:5)[39m
[31m    at async <anonymous> (C:\Users\vimal\OneDrive\Jubilee hospital demo\mediflow-core\server\src\controllers\request.controller.ts:130:20)[39m
[2026-07-16 00:22:07:227] [[35mhttp[39m]: [35mGET /api/v1/notifications[39m
[2026-07-16 00:22:07:227] [[35mhttp[39m]: [35mGET /api/v1/requests?page=1&limit=10[39m
[2026-07-16 00:22:07:227] [[35mhttp[39m]: [35mGET /api/v1/requests/analytics[39m
[2026-07-16 00:22:07:227] [[35mhttp[39m]: [35mGET /api/v1/requests/analytics[39m
[2026-07-16 00:22:07:227] [[35mhttp[39m]: [35mGET /api/v1/requests?page=1&limit=10[39m
[2026-07-16 00:22:07:227] [[35mhttp[39m]: [35mGET /api/v1/notifications[39m
[2026-07-16 00:22:07:227] [[35mhttp[39m]: [35mGET /api/v1/requests/analytics[39m
[2026-07-16 00:22:07:227] [[35mhttp[39m]: [35mGET /api/v1/requests?page=1&limit=10[39m
[2026-07-16 00:22:10:2210] [[35mhttp[39m]: [35mPUT /api/v1/notifications/92a6874f-e5c2-41e4-8024-2f7712de7caf/read[39m
[2026-07-16 00:22:11:2211] [[35mhttp[39m]: [35mGET /api/v1/notifications[39m
[2026-07-16 00:22:11:2211] [[35mhttp[39m]: [35mGET /api/v1/requests/4a870878-eb7c-403d-8082-ca8fcb07c837[39m
[2026-07-16 00:22:11:2211] [[35mhttp[39m]: [35mGET /api/v1/requests/4a870878-eb7c-403d-8082-ca8fcb07c837/comments[39m
[2026-07-16 00:22:11:2211] [[35mhttp[39m]: [35mGET /api/v1/requests/4a870878-eb7c-403d-8082-ca8fcb07c837/documents[39m
[2026-07-16 00:22:11:2211] [[31merror[39m]: [31m403 - You are not allowed to view this request. - /api/v1/requests/4a870878-eb7c-403d-8082-ca8fcb07c837/documents - GET - ::1[39m
[2026-07-16 00:22:11:2211] [[31merror[39m]: [31mError: You are not allowed to view this request.[39m
[31m    at RequestService.getRequestById (C:\Users\vimal\OneDrive\Jubilee hospital demo\mediflow-core\server\src\request\request.service.ts:233:13)[39m
[31m    at process.processTicksAndRejections (node:internal/process/task_queues:103:5)[39m
[31m    at async RequestService.getDocuments (C:\Users\vimal\OneDrive\Jubilee hospital demo\mediflow-core\server\src\request\request.service.ts:384:5)[39m
[31m    at async <anonymous> (C:\Users\vimal\OneDrive\Jubilee hospital demo\mediflow-core\server\src\controllers\request.controller.ts:136:21)[39m
[2026-07-16 00:22:11:2211] [[31merror[39m]: [31m403 - You are not allowed to view this request. - /api/v1/requests/4a870878-eb7c-403d-8082-ca8fcb07c837/comments - GET - ::1[39m
[2026-07-16 00:22:11:2211] [[31merror[39m]: [31mError: You are not allowed to view this request.[39m
[31m    at RequestService.getRequestById (C:\Users\vimal\OneDrive\Jubilee hospital demo\mediflow-core\server\src\request\request.service.ts:233:13)[39m
[31m    at process.processTicksAndRejections (node:internal/process/task_queues:103:5)[39m
[31m    at async RequestService.getComments (C:\Users\vimal\OneDrive\Jubilee hospital demo\mediflow-core\server\src\request\request.service.ts:362:5)[39m
[31m    at async <anonymous> (C:\Users\vimal\OneDrive\Jubilee hospital demo\mediflow-core\server\src\controllers\request.controller.ts:130:20)[39m
[2026-07-16 00:22:11:2211] [[31merror[39m]: [31m403 - You are not allowed to view this request. - /api/v1/requests/4a870878-eb7c-403d-8082-ca8fcb07c837 - GET - ::1[39m
[2026-07-16 00:22:11:2211] [[31merror[39m]: [31mError: You are not allowed to view this request.[39m
[31m    at RequestService.getRequestById (C:\Users\vimal\OneDrive\Jubilee hospital demo\mediflow-core\server\src\request\request.service.ts:233:13)[39m
[31m    at process.processTicksAndRejections (node:internal/process/task_queues:103:5)[39m
[31m    at async <anonymous> (C:\Users\vimal\OneDrive\Jubilee hospital demo\mediflow-core\server\src\controllers\request.controller.ts:59:18)[39m
[2026-07-16 00:22:11:2211] [[35mhttp[39m]: [35mGET /api/v1/requests/4a870878-eb7c-403d-8082-ca8fcb07c837/documents[39m
[2026-07-16 00:22:11:2211] [[35mhttp[39m]: [35mGET /api/v1/requests/4a870878-eb7c-403d-8082-ca8fcb07c837/comments[39m
[2026-07-16 00:22:11:2211] [[35mhttp[39m]: [35mGET /api/v1/requests/4a870878-eb7c-403d-8082-ca8fcb07c837[39m
[2026-07-16 00:22:12:2212] [[31merror[39m]: [31m403 - You are not allowed to view this request. - /api/v1/requests/4a870878-eb7c-403d-8082-ca8fcb07c837/comments - GET - ::1[39m
[2026-07-16 00:22:12:2212] [[31merror[39m]: [31mError: You are not allowed to view this request.[39m
[31m    at RequestService.getRequestById (C:\Users\vimal\OneDrive\Jubilee hospital demo\mediflow-core\server\src\request\request.service.ts:233:13)[39m
[31m    at process.processTicksAndRejections (node:internal/process/task_queues:103:5)[39m
[31m    at async RequestService.getComments (C:\Users\vimal\OneDrive\Jubilee hospital demo\mediflow-core\server\src\request\request.service.ts:362:5)[39m
[31m    at async <anonymous> (C:\Users\vimal\OneDrive\Jubilee hospital demo\mediflow-core\server\src\controllers\request.controller.ts:130:20)[39m
[2026-07-16 00:22:12:2212] [[31merror[39m]: [31m403 - You are not allowed to view this request. - /api/v1/requests/4a870878-eb7c-403d-8082-ca8fcb07c837/documents - GET - ::1[39m
[2026-07-16 00:22:12:2212] [[31merror[39m]: [31mError: You are not allowed to view this request.[39m
[31m    at RequestService.getRequestById (C:\Users\vimal\OneDrive\Jubilee hospital demo\mediflow-core\server\src\request\request.service.ts:233:13)[39m
[31m    at process.processTicksAndRejections (node:internal/process/task_queues:103:5)[39m
[31m    at async RequestService.getDocuments (C:\Users\vimal\OneDrive\Jubilee hospital demo\mediflow-core\server\src\request\request.service.ts:384:5)[39m
[31m    at async <anonymous> (C:\Users\vimal\OneDrive\Jubilee hospital demo\mediflow-core\server\src\controllers\request.controller.ts:136:21)[39m
[2026-07-16 00:22:12:2212] [[31merror[39m]: [31m403 - You are not allowed to view this request. - /api/v1/requests/4a870878-eb7c-403d-8082-ca8fcb07c837 - GET - ::1[39m
[2026-07-16 00:22:12:2212] [[31merror[39m]: [31mError: You are not allowed to view this request.[39m
[31m    at RequestService.getRequestById (C:\Users\vimal\OneDrive\Jubilee hospital demo\mediflow-core\server\src\request\request.service.ts:233:13)[39m
[31m    at process.processTicksAndRejections (node:internal/process/task_queues:103:5)[39m
[31m    at async <anonymous> (C:\Users\vimal\OneDrive\Jubilee hospital demo\mediflow-core\server\src\controllers\request.controller.ts:59:18)[39m
[2026-07-16 00:22:13:2213] [[35mhttp[39m]: [35mGET /api/v1/notifications[39m
[2026-07-16 00:22:13:2213] [[35mhttp[39m]: [35mGET /api/v1/requests?page=1&limit=10[39m
[2026-07-16 00:22:13:2213] [[35mhttp[39m]: [35mGET /api/v1/requests/analytics[39m
[2026-07-16 00:22:13:2213] [[35mhttp[39m]: [35mGET /api/v1/notifications[39m
[2026-07-16 00:22:13:2213] [[35mhttp[39m]: [35mGET /api/v1/requests/analytics[39m
[2026-07-16 00:22:13:2213] [[35mhttp[39m]: [35mGET /api/v1/requests?page=1&limit=10[39m
[2026-07-16 00:22:13:2213] [[35mhttp[39m]: [35mGET /api/v1/requests?page=1&limit=10[39m
[2026-07-16 00:22:13:2213] [[35mhttp[39m]: [35mGET /api/v1/requests/analytics[39m
[2026-07-16 00:22:44:2244] [[35mhttp[39m]: [35mGET /api/v1/notifications[39m
[2026-07-16 16:02:37:237] [[32minfo[39m]: [32mServer is running in development mode on port 5000[39m
[2026-07-16 16:02:46:246] [[35mhttp[39m]: [35mPOST /api/v1/auth/login[39m
[2026-07-16 16:02:49:249] [[35mhttp[39m]: [35mGET /api/v1/notifications[39m
[2026-07-16 16:02:49:249] [[35mhttp[39m]: [35mGET /api/v1/requests?page=1&limit=10[39m
[2026-07-16 16:02:49:249] [[35mhttp[39m]: [35mGET /api/v1/requests/analytics[39m
[2026-07-16 16:02:50:250] [[35mhttp[39m]: [35mGET /api/v1/notifications[39m
[2026-07-16 16:02:51:251] [[35mhttp[39m]: [35mGET /api/v1/requests?page=1&limit=10[39m
[2026-07-16 16:02:51:251] [[35mhttp[39m]: [35mGET /api/v1/requests?page=1&limit=10[39m
[2026-07-16 16:02:51:251] [[35mhttp[39m]: [35mGET /api/v1/requests/analytics[39m
[2026-07-16 16:02:52:252] [[35mhttp[39m]: [35mGET /api/v1/requests/analytics[39m
[2026-07-16 16:03:53:353] [[32minfo[39m]: [32mServer is running in development mode on port 5000[39m
[2026-07-16 23:51:54:5154] [[32minfo[39m]: [32mServer is running in development mode on port 5000[39m
[2026-07-16 23:52:09:529] [[35mhttp[39m]: [35mGET /api/v1/auth/me[39m
[2026-07-16 23:52:11:5211] [[35mhttp[39m]: [35mGET /api/v1/auth/me[39m
[2026-07-16 23:52:11:5211] [[35mhttp[39m]: [35mGET /api/v1/auth/me[39m
[2026-07-16 23:52:11:5211] [[35mhttp[39m]: [35mGET /api/v1/auth/me[39m
[2026-07-16 23:52:12:5212] [[35mhttp[39m]: [35mPOST /api/v1/auth/login[39m
[2026-07-16 23:52:12:5212] [[35mhttp[39m]: [35mGET /api/v1/notifications[39m
[2026-07-16 23:52:12:5212] [[35mhttp[39m]: [35mGET /api/v1/requests?page=1&limit=10[39m
[2026-07-16 23:52:12:5212] [[35mhttp[39m]: [35mGET /api/v1/requests/analytics[39m
[2026-07-16 23:52:13:5213] [[35mhttp[39m]: [35mGET /api/v1/notifications[39m
[2026-07-16 23:52:14:5214] [[35mhttp[39m]: [35mGET /api/v1/requests/analytics[39m
[2026-07-16 23:52:14:5214] [[35mhttp[39m]: [35mGET /api/v1/requests?page=1&limit=10[39m
[2026-07-16 23:52:14:5214] [[35mhttp[39m]: [35mGET /api/v1/requests?page=1&limit=10[39m
[2026-07-16 23:52:14:5214] [[35mhttp[39m]: [35mGET /api/v1/requests/analytics[39m
[2026-07-16 23:52:38:5238] [[35mhttp[39m]: [35mGET /api/v1/requests/223ae891-df46-4582-afa2-bf4ab6b6baa0[39m
[2026-07-16 23:52:38:5238] [[35mhttp[39m]: [35mGET /api/v1/requests/223ae891-df46-4582-afa2-bf4ab6b6baa0/comments[39m
[2026-07-16 23:52:38:5238] [[35mhttp[39m]: [35mGET /api/v1/requests/223ae891-df46-4582-afa2-bf4ab6b6baa0/documents[39m
[2026-07-16 23:52:40:5240] [[35mhttp[39m]: [35mGET /api/v1/requests/223ae891-df46-4582-afa2-bf4ab6b6baa0[39m
[2026-07-16 23:52:40:5240] [[35mhttp[39m]: [35mGET /api/v1/requests/223ae891-df46-4582-afa2-bf4ab6b6baa0/documents[39m
[2026-07-16 23:52:40:5240] [[35mhttp[39m]: [35mGET /api/v1/requests/223ae891-df46-4582-afa2-bf4ab6b6baa0/comments[39m
[2026-07-16 23:52:40:5240] [[35mhttp[39m]: [35mGET /api/v1/notifications[39m
[2026-07-16 23:52:40:5240] [[35mhttp[39m]: [35mGET /api/v1/notifications[39m
[2026-07-16 23:52:48:5248] [[35mhttp[39m]: [35mGET /api/v1/notifications[39m
[2026-07-16 23:52:48:5248] [[35mhttp[39m]: [35mGET /api/v1/requests/analytics[39m
[2026-07-16 23:52:48:5248] [[35mhttp[39m]: [35mGET /api/v1/requests?page=1&limit=10[39m
[2026-07-16 23:52:49:5249] [[35mhttp[39m]: [35mGET /api/v1/notifications[39m
[2026-07-16 23:52:49:5249] [[35mhttp[39m]: [35mGET /api/v1/requests?page=1&limit=10[39m
[2026-07-16 23:52:49:5249] [[35mhttp[39m]: [35mGET /api/v1/requests/analytics[39m
[2026-07-16 23:52:49:5249] [[35mhttp[39m]: [35mGET /api/v1/requests?page=1&limit=10[39m
[2026-07-16 23:52:49:5249] [[35mhttp[39m]: [35mGET /api/v1/requests/analytics[39m
[2026-07-16 23:54:05:545] [[35mhttp[39m]: [35mPOST /api/v1/auth/login[39m
[2026-07-16 23:54:06:546] [[31merror[39m]: [31m401 - Invalid email or password. - /api/v1/auth/login - POST - ::1[39m
[2026-07-16 23:54:06:546] [[31merror[39m]: [31mError: Invalid email or password.[39m
[31m    at <anonymous> (C:\Users\vimal\OneDrive\Jubilee hospital demo\mediflow-core\server\src\routes\auth.ts:25:19)[39m
[31m    at process.processTicksAndRejections (node:internal/process/task_queues:103:5)[39m
[2026-07-16 23:54:17:5417] [[35mhttp[39m]: [35mPOST /api/v1/auth/login[39m
[2026-07-16 23:54:18:5418] [[35mhttp[39m]: [35mGET /api/v1/notifications[39m
[2026-07-16 23:54:18:5418] [[35mhttp[39m]: [35mGET /api/v1/requests?page=1&limit=10[39m
[2026-07-16 23:54:18:5418] [[35mhttp[39m]: [35mGET /api/v1/requests/analytics[39m
[2026-07-16 23:54:18:5418] [[35mhttp[39m]: [35mGET /api/v1/notifications[39m
[2026-07-16 23:54:19:5419] [[35mhttp[39m]: [35mGET /api/v1/requests/analytics[39m
[2026-07-16 23:54:19:5419] [[35mhttp[39m]: [35mGET /api/v1/requests?page=1&limit=10[39m
[2026-07-16 23:54:20:5420] [[35mhttp[39m]: [35mGET /api/v1/requests/analytics[39m
[2026-07-16 23:54:20:5420] [[35mhttp[39m]: [35mGET /api/v1/requests?page=1&limit=10[39m
[2026-07-16 23:54:30:5430] [[35mhttp[39m]: [35mGET /api/v1/requests/223ae891-df46-4582-afa2-bf4ab6b6baa0[39m
[2026-07-16 23:54:30:5430] [[35mhttp[39m]: [35mGET /api/v1/requests/223ae891-df46-4582-afa2-bf4ab6b6baa0/documents[39m
[2026-07-16 23:54:30:5430] [[35mhttp[39m]: [35mGET /api/v1/requests/223ae891-df46-4582-afa2-bf4ab6b6baa0/comments[39m
[2026-07-16 23:54:31:5431] [[35mhttp[39m]: [35mGET /api/v1/requests/223ae891-df46-4582-afa2-bf4ab6b6baa0[39m
[2026-07-16 23:54:31:5431] [[35mhttp[39m]: [35mGET /api/v1/requests/223ae891-df46-4582-afa2-bf4ab6b6baa0/documents[39m
[2026-07-16 23:54:31:5431] [[35mhttp[39m]: [35mGET /api/v1/requests/223ae891-df46-4582-afa2-bf4ab6b6baa0/comments[39m
[2026-07-16 23:54:31:5431] [[35mhttp[39m]: [35mGET /api/v1/notifications[39m
[2026-07-16 23:54:32:5432] [[35mhttp[39m]: [35mGET /api/v1/notifications[39m
[2026-07-16 23:54:36:5436] [[35mhttp[39m]: [35mGET /api/v1/notifications[39m
[2026-07-16 23:54:36:5436] [[35mhttp[39m]: [35mGET /api/v1/requests?page=1&limit=10[39m
[2026-07-16 23:54:36:5436] [[35mhttp[39m]: [35mGET /api/v1/requests/analytics[39m
[2026-07-16 23:54:36:5436] [[35mhttp[39m]: [35mGET /api/v1/requests?page=1&limit=10[39m
[2026-07-16 23:54:36:5436] [[35mhttp[39m]: [35mGET /api/v1/requests/analytics[39m
[2026-07-16 23:54:36:5436] [[35mhttp[39m]: [35mGET /api/v1/notifications[39m
[2026-07-16 23:54:37:5437] [[35mhttp[39m]: [35mGET /api/v1/requests?page=1&limit=10[39m
[2026-07-16 23:54:37:5437] [[35mhttp[39m]: [35mGET /api/v1/requests/analytics[39m
[2026-07-16 23:55:06:556] [[35mhttp[39m]: [35mGET /api/v1/notifications[39m
[2026-07-16 23:55:35:5535] [[35mhttp[39m]: [35mGET /api/v1/users[39m
[2026-07-16 23:55:38:5538] [[35mhttp[39m]: [35mGET /api/v1/users[39m
[2026-07-16 23:56:18:5618] [[35mhttp[39m]: [35mGET /api/v1/notifications[39m
[2026-07-16 23:56:18:5618] [[35mhttp[39m]: [35mGET /api/v1/requests?page=1&limit=10[39m
[2026-07-16 23:56:18:5618] [[35mhttp[39m]: [35mGET /api/v1/requests/analytics[39m
[2026-07-16 23:56:19:5619] [[35mhttp[39m]: [35mGET /api/v1/requests?page=1&limit=10[39m
[2026-07-16 23:56:19:5619] [[35mhttp[39m]: [35mGET /api/v1/requests/analytics[39m
[2026-07-16 23:56:19:5619] [[35mhttp[39m]: [35mGET /api/v1/notifications[39m
[2026-07-16 23:56:19:5619] [[35mhttp[39m]: [35mGET /api/v1/requests/analytics[39m
[2026-07-16 23:56:19:5619] [[35mhttp[39m]: [35mGET /api/v1/requests?page=1&limit=10[39m
[2026-07-16 23:56:48:5648] [[35mhttp[39m]: [35mGET /api/v1/notifications[39m
[2026-07-17 00:05:33:533] [[32minfo[39m]: [32mServer is running in development mode on port 5000[39m
[2026-07-17 00:09:58:958] [[35mhttp[39m]: [35mGET /api/v1/auth/me[39m
[2026-07-17 00:09:59:959] [[35mhttp[39m]: [35mGET /api/v1/requests/223ae891-df46-4582-afa2-bf4ab6b6baa0[39m
[2026-07-17 00:09:59:959] [[35mhttp[39m]: [35mGET /api/v1/requests/223ae891-df46-4582-afa2-bf4ab6b6baa0/comments[39m
[2026-07-17 00:09:59:959] [[35mhttp[39m]: [35mGET /api/v1/requests/223ae891-df46-4582-afa2-bf4ab6b6baa0/documents[39m
[2026-07-17 00:10:00:100] [[35mhttp[39m]: [35mGET /api/v1/auth/me[39m
[2026-07-17 00:10:00:100] [[35mhttp[39m]: [35mGET /api/v1/requests/223ae891-df46-4582-afa2-bf4ab6b6baa0/comments[39m
[2026-07-17 00:10:00:100] [[35mhttp[39m]: [35mGET /api/v1/requests/223ae891-df46-4582-afa2-bf4ab6b6baa0/documents[39m
[2026-07-17 00:10:01:101] [[35mhttp[39m]: [35mGET /api/v1/requests/223ae891-df46-4582-afa2-bf4ab6b6baa0[39m
[2026-07-17 00:10:01:101] [[35mhttp[39m]: [35mGET /api/v1/notifications[39m
[2026-07-17 00:10:01:101] [[35mhttp[39m]: [35mGET /api/v1/notifications[39m
[2026-07-17 00:10:03:103] [[35mhttp[39m]: [35mGET /api/v1/notifications[39m
[2026-07-17 00:10:03:103] [[35mhttp[39m]: [35mGET /api/v1/requests?page=1&limit=10[39m
[2026-07-17 00:10:03:103] [[35mhttp[39m]: [35mGET /api/v1/requests/analytics[39m
[2026-07-17 00:10:03:103] [[35mhttp[39m]: [35mGET /api/v1/notifications[39m
[2026-07-17 00:10:03:103] [[35mhttp[39m]: [35mGET /api/v1/requests/analytics[39m
[2026-07-17 00:10:03:103] [[35mhttp[39m]: [35mGET /api/v1/requests?page=1&limit=10[39m
[2026-07-17 00:10:03:103] [[35mhttp[39m]: [35mGET /api/v1/requests?page=1&limit=10[39m
[2026-07-17 00:10:03:103] [[35mhttp[39m]: [35mGET /api/v1/requests/analytics[39m
[2026-07-17 00:10:14:1014] [[35mhttp[39m]: [35mGET /api/v1/auth/me[39m
[2026-07-17 00:10:14:1014] [[35mhttp[39m]: [35mGET /api/v1/notifications[39m
[2026-07-17 00:10:14:1014] [[35mhttp[39m]: [35mGET /api/v1/requests?page=1&limit=10[39m
[2026-07-17 00:10:14:1014] [[35mhttp[39m]: [35mGET /api/v1/requests/analytics[39m
[2026-07-17 00:10:15:1015] [[35mhttp[39m]: [35mGET /api/v1/auth/me[39m
[2026-07-17 00:10:16:1016] [[35mhttp[39m]: [35mGET /api/v1/requests?page=1&limit=10[39m
[2026-07-17 00:10:16:1016] [[35mhttp[39m]: [35mGET /api/v1/requests/analytics[39m
[2026-07-17 00:10:16:1016] [[35mhttp[39m]: [35mGET /api/v1/notifications[39m
[2026-07-17 00:10:16:1016] [[35mhttp[39m]: [35mGET /api/v1/requests/analytics[39m
[2026-07-17 00:10:16:1016] [[35mhttp[39m]: [35mGET /api/v1/requests?page=1&limit=10[39m
[2026-07-17 00:10:59:1059] [[35mhttp[39m]: [35mPOST /api/v1/auth/login[39m
[2026-07-17 00:11:00:110] [[31merror[39m]: [31m401 - Invalid email or password. - /api/v1/auth/login - POST - ::1[39m
[2026-07-17 00:11:00:110] [[31merror[39m]: [31mError: Invalid email or password.[39m
[31m    at <anonymous> (C:\Users\vimal\OneDrive\Jubilee hospital demo\mediflow-core\server\src\routes\auth.ts:25:19)[39m
[31m    at process.processTicksAndRejections (node:internal/process/task_queues:103:5)[39m
[2026-07-17 00:11:30:1130] [[35mhttp[39m]: [35mPOST /api/v1/auth/login[39m
[2026-07-17 00:11:31:1131] [[31merror[39m]: [31m401 - Invalid email or password. - /api/v1/auth/login - POST - ::1[39m
[2026-07-17 00:11:31:1131] [[31merror[39m]: [31mError: Invalid email or password.[39m
[31m    at <anonymous> (C:\Users\vimal\OneDrive\Jubilee hospital demo\mediflow-core\server\src\routes\auth.ts:25:19)[39m
[31m    at process.processTicksAndRejections (node:internal/process/task_queues:103:5)[39m
[2026-07-17 00:12:10:1210] [[35mhttp[39m]: [35mPOST /api/v1/auth/login[39m
[2026-07-17 00:12:11:1211] [[31merror[39m]: [31m401 - Invalid email or password. - /api/v1/auth/login - POST - ::1[39m
[2026-07-17 00:12:11:1211] [[31merror[39m]: [31mError: Invalid email or password.[39m
[31m    at <anonymous> (C:\Users\vimal\OneDrive\Jubilee hospital demo\mediflow-core\server\src\routes\auth.ts:25:19)[39m
[31m    at process.processTicksAndRejections (node:internal/process/task_queues:103:5)[39m
[2026-07-17 00:12:24:1224] [[35mhttp[39m]: [35mPOST /api/v1/auth/login[39m
[2026-07-17 00:12:24:1224] [[35mhttp[39m]: [35mGET /api/v1/notifications[39m
[2026-07-17 00:12:24:1224] [[35mhttp[39m]: [35mGET /api/v1/requests?page=1&limit=10[39m
[2026-07-17 00:12:24:1224] [[35mhttp[39m]: [35mGET /api/v1/requests/analytics[39m
[2026-07-17 00:12:25:1225] [[35mhttp[39m]: [35mGET /api/v1/notifications[39m
[2026-07-17 00:12:25:1225] [[35mhttp[39m]: [35mGET /api/v1/requests/analytics[39m
[2026-07-17 00:12:26:1226] [[35mhttp[39m]: [35mGET /api/v1/requests?page=1&limit=10[39m
[2026-07-17 00:12:26:1226] [[35mhttp[39m]: [35mGET /api/v1/requests?page=1&limit=10[39m
[2026-07-17 00:12:26:1226] [[35mhttp[39m]: [35mGET /api/v1/requests/analytics[39m
[2026-07-17 00:12:54:1254] [[35mhttp[39m]: [35mGET /api/v1/notifications[39m
[2026-07-17 00:13:24:1324] [[35mhttp[39m]: [35mGET /api/v1/notifications[39m
[2026-07-17 00:13:54:1354] [[35mhttp[39m]: [35mGET /api/v1/notifications[39m
[2026-07-17 00:14:24:1424] [[35mhttp[39m]: [35mGET /api/v1/notifications[39m
[2026-07-17 00:14:25:1425] [[31merror[39m]: [31m401 - User profile no longer exists or is disabled. - /api/v1/notifications - GET - ::1[39m
[2026-07-17 00:14:25:1425] [[31merror[39m]: [31mError: User profile no longer exists or is disabled.[39m
[31m    at requireAuth (C:\Users\vimal\OneDrive\Jubilee hospital demo\mediflow-core\server\src\middleware\auth.ts:47:19)[39m
[31m    at process.processTicksAndRejections (node:internal/process/task_queues:103:5)[39m
[2026-07-17 00:14:54:1454] [[35mhttp[39m]: [35mPOST /api/v1/auth/login[39m
[2026-07-17 00:14:55:1455] [[35mhttp[39m]: [35mGET /api/v1/notifications[39m
[2026-07-17 00:14:55:1455] [[35mhttp[39m]: [35mGET /api/v1/requests?page=1&limit=10[39m
[2026-07-17 00:14:55:1455] [[35mhttp[39m]: [35mGET /api/v1/requests/analytics[39m
[2026-07-17 00:14:56:1456] [[35mhttp[39m]: [35mGET /api/v1/notifications[39m
[2026-07-17 00:14:56:1456] [[35mhttp[39m]: [35mGET /api/v1/requests?page=1&limit=10[39m
[2026-07-17 00:14:57:1457] [[35mhttp[39m]: [35mGET /api/v1/requests/analytics[39m
[2026-07-17 00:14:57:1457] [[35mhttp[39m]: [35mGET /api/v1/requests?page=1&limit=10[39m
[2026-07-17 00:14:57:1457] [[35mhttp[39m]: [35mGET /api/v1/requests/analytics[39m
[2026-07-17 00:16:04:164] [[35mhttp[39m]: [35mPOST /api/v1/requests[39m
[2026-07-17 00:16:06:166] [[35mhttp[39m]: [35mGET /api/v1/notifications[39m
[2026-07-17 00:16:06:166] [[35mhttp[39m]: [35mGET /api/v1/requests?page=1&limit=10[39m
[2026-07-17 00:16:06:166] [[35mhttp[39m]: [35mGET /api/v1/requests/analytics[39m
[2026-07-17 00:16:06:166] [[35mhttp[39m]: [35mGET /api/v1/notifications[39m
[2026-07-17 00:16:07:167] [[35mhttp[39m]: [35mGET /api/v1/requests?page=1&limit=10[39m
[2026-07-17 00:16:07:167] [[35mhttp[39m]: [35mGET /api/v1/requests/analytics[39m
[2026-07-17 00:16:08:168] [[35mhttp[39m]: [35mGET /api/v1/requests?page=1&limit=10[39m
[2026-07-17 00:16:08:168] [[35mhttp[39m]: [35mGET /api/v1/requests/analytics[39m
[2026-07-17 00:16:14:1614] [[35mhttp[39m]: [35mGET /api/v1/requests/bcb28b46-f591-4703-bd38-b059ef82e041[39m
[2026-07-17 00:16:14:1614] [[35mhttp[39m]: [35mGET /api/v1/requests/bcb28b46-f591-4703-bd38-b059ef82e041/comments[39m
[2026-07-17 00:16:14:1614] [[35mhttp[39m]: [35mGET /api/v1/requests/bcb28b46-f591-4703-bd38-b059ef82e041/documents[39m
[2026-07-17 00:16:15:1615] [[35mhttp[39m]: [35mGET /api/v1/requests/bcb28b46-f591-4703-bd38-b059ef82e041[39m
[2026-07-17 00:16:15:1615] [[35mhttp[39m]: [35mGET /api/v1/requests/bcb28b46-f591-4703-bd38-b059ef82e041/documents[39m
[2026-07-17 00:16:15:1615] [[35mhttp[39m]: [35mGET /api/v1/requests/bcb28b46-f591-4703-bd38-b059ef82e041/comments[39m
[2026-07-17 00:16:15:1615] [[35mhttp[39m]: [35mGET /api/v1/notifications[39m
[2026-07-17 00:16:15:1615] [[35mhttp[39m]: [35mGET /api/v1/notifications[39m
[2026-07-17 00:16:26:1626] [[35mhttp[39m]: [35mPOST /api/v1/requests/bcb28b46-f591-4703-bd38-b059ef82e041/submit[39m
[2026-07-17 00:16:29:1629] [[35mhttp[39m]: [35mGET /api/v1/requests/bcb28b46-f591-4703-bd38-b059ef82e041[39m
[2026-07-17 00:16:29:1629] [[35mhttp[39m]: [35mGET /api/v1/requests/bcb28b46-f591-4703-bd38-b059ef82e041/comments[39m
[2026-07-17 00:16:29:1629] [[35mhttp[39m]: [35mGET /api/v1/requests/bcb28b46-f591-4703-bd38-b059ef82e041/documents[39m
[2026-07-17 00:16:30:1630] [[35mhttp[39m]: [35mGET /api/v1/notifications[39m
[2026-07-17 00:16:30:1630] [[35mhttp[39m]: [35mGET /api/v1/notifications[39m
[2026-07-17 00:16:34:1634] [[35mhttp[39m]: [35mGET /api/v1/notifications[39m
[2026-07-17 00:16:34:1634] [[35mhttp[39m]: [35mGET /api/v1/requests?page=1&limit=10[39m
[2026-07-17 00:16:34:1634] [[35mhttp[39m]: [35mGET /api/v1/requests/analytics[39m
[2026-07-17 00:16:35:1635] [[35mhttp[39m]: [35mGET /api/v1/notifications[39m
[2026-07-17 00:16:35:1635] [[35mhttp[39m]: [35mGET /api/v1/requests/analytics[39m
[2026-07-17 00:16:35:1635] [[35mhttp[39m]: [35mGET /api/v1/requests?page=1&limit=10[39m
[2026-07-17 00:16:35:1635] [[35mhttp[39m]: [35mGET /api/v1/requests/analytics[39m
[2026-07-17 00:16:35:1635] [[35mhttp[39m]: [35mGET /api/v1/requests?page=1&limit=10[39m
[2026-07-17 00:16:53:1653] [[35mhttp[39m]: [35mPOST /api/v1/auth/login[39m
[2026-07-17 00:16:53:1653] [[31merror[39m]: [31m401 - Invalid email or password. - /api/v1/auth/login - POST - ::1[39m
[2026-07-17 00:16:53:1653] [[31merror[39m]: [31mError: Invalid email or password.[39m
[31m    at <anonymous> (C:\Users\vimal\OneDrive\Jubilee hospital demo\mediflow-core\server\src\routes\auth.ts:25:19)[39m
[31m    at process.processTicksAndRejections (node:internal/process/task_queues:103:5)[39m
[2026-07-17 00:18:23:1823] [[35mhttp[39m]: [35mPOST /api/v1/auth/login[39m
[2026-07-17 00:18:23:1823] [[31merror[39m]: [31m401 - Invalid email or password. - /api/v1/auth/login - POST - ::1[39m
[2026-07-17 00:18:23:1823] [[31merror[39m]: [31mError: Invalid email or password.[39m
[31m    at <anonymous> (C:\Users\vimal\OneDrive\Jubilee hospital demo\mediflow-core\server\src\routes\auth.ts:25:19)[39m
[31m    at process.processTicksAndRejections (node:internal/process/task_queues:103:5)[39m
[2026-07-17 00:18:33:1833] [[35mhttp[39m]: [35mPOST /api/v1/auth/login[39m
[2026-07-17 00:18:33:1833] [[31merror[39m]: [31m401 - Invalid email or password. - /api/v1/auth/login - POST - ::1[39m
[2026-07-17 00:18:33:1833] [[31merror[39m]: [31mError: Invalid email or password.[39m
[31m    at <anonymous> (C:\Users\vimal\OneDrive\Jubilee hospital demo\mediflow-core\server\src\routes\auth.ts:25:19)[39m
[31m    at process.processTicksAndRejections (node:internal/process/task_queues:103:5)[39m
[2026-07-17 00:18:39:1839] [[35mhttp[39m]: [35mPOST /api/v1/auth/login[39m
[2026-07-17 00:18:39:1839] [[35mhttp[39m]: [35mGET /api/v1/notifications[39m
[2026-07-17 00:18:39:1839] [[35mhttp[39m]: [35mGET /api/v1/requests?page=1&limit=10[39m
[2026-07-17 00:18:39:1839] [[35mhttp[39m]: [35mGET /api/v1/requests/analytics[39m
[2026-07-17 00:18:39:1839] [[35mhttp[39m]: [35mGET /api/v1/notifications[39m
[2026-07-17 00:18:40:1840] [[35mhttp[39m]: [35mGET /api/v1/requests?page=1&limit=10[39m
[2026-07-17 00:18:40:1840] [[35mhttp[39m]: [35mGET /api/v1/requests/analytics[39m
[2026-07-17 00:18:41:1841] [[35mhttp[39m]: [35mGET /api/v1/requests?page=1&limit=10[39m
[2026-07-17 00:18:41:1841] [[35mhttp[39m]: [35mGET /api/v1/requests/analytics[39m
[2026-07-17 00:18:46:1846] [[35mhttp[39m]: [35mGET /api/v1/requests/bcb28b46-f591-4703-bd38-b059ef82e041[39m
[2026-07-17 00:18:46:1846] [[35mhttp[39m]: [35mGET /api/v1/requests/bcb28b46-f591-4703-bd38-b059ef82e041/comments[39m
[2026-07-17 00:18:46:1846] [[35mhttp[39m]: [35mGET /api/v1/requests/bcb28b46-f591-4703-bd38-b059ef82e041/documents[39m
[2026-07-17 00:18:47:1847] [[35mhttp[39m]: [35mGET /api/v1/requests/bcb28b46-f591-4703-bd38-b059ef82e041/comments[39m
[2026-07-17 00:18:47:1847] [[35mhttp[39m]: [35mGET /api/v1/requests/bcb28b46-f591-4703-bd38-b059ef82e041/documents[39m
[2026-07-17 00:18:47:1847] [[35mhttp[39m]: [35mGET /api/v1/requests/bcb28b46-f591-4703-bd38-b059ef82e041[39m
[2026-07-17 00:18:47:1847] [[35mhttp[39m]: [35mGET /api/v1/notifications[39m
[2026-07-17 00:18:48:1848] [[35mhttp[39m]: [35mGET /api/v1/notifications[39m
[2026-07-17 00:18:59:1859] [[35mhttp[39m]: [35mPOST /api/v1/requests/bcb28b46-f591-4703-bd38-b059ef82e041/approve[39m
[2026-07-17 00:19:01:191] [[35mhttp[39m]: [35mGET /api/v1/requests/bcb28b46-f591-4703-bd38-b059ef82e041[39m
[2026-07-17 00:19:01:191] [[35mhttp[39m]: [35mGET /api/v1/requests/bcb28b46-f591-4703-bd38-b059ef82e041/comments[39m
[2026-07-17 00:19:01:191] [[35mhttp[39m]: [35mGET /api/v1/requests/bcb28b46-f591-4703-bd38-b059ef82e041/documents[39m
[2026-07-17 00:19:02:192] [[31merror[39m]: [31m403 - You are not allowed to view this request. - /api/v1/requests/bcb28b46-f591-4703-bd38-b059ef82e041/documents - GET - ::1[39m
[2026-07-17 00:19:02:192] [[31merror[39m]: [31mError: You are not allowed to view this request.[39m
[31m    at RequestService.getRequestById (C:\Users\vimal\OneDrive\Jubilee hospital demo\mediflow-core\server\src\request\request.service.ts:233:13)[39m
[31m    at process.processTicksAndRejections (node:internal/process/task_queues:103:5)[39m
[31m    at async RequestService.getDocuments (C:\Users\vimal\OneDrive\Jubilee hospital demo\mediflow-core\server\src\request\request.service.ts:384:5)[39m
[31m    at async <anonymous> (C:\Users\vimal\OneDrive\Jubilee hospital demo\mediflow-core\server\src\controllers\request.controller.ts:136:21)[39m
[2026-07-17 00:19:02:192] [[31merror[39m]: [31m403 - You are not allowed to view this request. - /api/v1/requests/bcb28b46-f591-4703-bd38-b059ef82e041 - GET - ::1[39m
[2026-07-17 00:19:02:192] [[31merror[39m]: [31mError: You are not allowed to view this request.[39m
[31m    at RequestService.getRequestById (C:\Users\vimal\OneDrive\Jubilee hospital demo\mediflow-core\server\src\request\request.service.ts:233:13)[39m
[31m    at process.processTicksAndRejections (node:internal/process/task_queues:103:5)[39m
[31m    at async <anonymous> (C:\Users\vimal\OneDrive\Jubilee hospital demo\mediflow-core\server\src\controllers\request.controller.ts:59:18)[39m
[2026-07-17 00:19:02:192] [[31merror[39m]: [31m403 - You are not allowed to view this request. - /api/v1/requests/bcb28b46-f591-4703-bd38-b059ef82e041/comments - GET - ::1[39m
[2026-07-17 00:19:02:192] [[31merror[39m]: [31mError: You are not allowed to view this request.[39m
[31m    at RequestService.getRequestById (C:\Users\vimal\OneDrive\Jubilee hospital demo\mediflow-core\server\src\request\request.service.ts:233:13)[39m
[31m    at process.processTicksAndRejections (node:internal/process/task_queues:103:5)[39m
[31m    at async RequestService.getComments (C:\Users\vimal\OneDrive\Jubilee hospital demo\mediflow-core\server\src\request\request.service.ts:362:5)[39m
[31m    at async <anonymous> (C:\Users\vimal\OneDrive\Jubilee hospital demo\mediflow-core\server\src\controllers\request.controller.ts:130:20)[39m
[2026-07-17 00:19:06:196] [[35mhttp[39m]: [35mGET /api/v1/notifications[39m
[2026-07-17 00:19:06:196] [[35mhttp[39m]: [35mGET /api/v1/requests?page=1&limit=10[39m
[2026-07-17 00:19:06:196] [[35mhttp[39m]: [35mGET /api/v1/requests/analytics[39m
[2026-07-17 00:19:06:196] [[35mhttp[39m]: [35mGET /api/v1/requests?page=1&limit=10[39m
[2026-07-17 00:19:06:196] [[35mhttp[39m]: [35mGET /api/v1/requests/analytics[39m
[2026-07-17 00:19:06:196] [[35mhttp[39m]: [35mGET /api/v1/notifications[39m
[2026-07-17 00:19:07:197] [[35mhttp[39m]: [35mGET /api/v1/requests/analytics[39m
[2026-07-17 00:19:07:197] [[35mhttp[39m]: [35mGET /api/v1/requests?page=1&limit=10[39m
[2026-07-17 00:19:10:1910] [[35mhttp[39m]: [35mPUT /api/v1/notifications/0726f1a0-89f2-4fec-99b3-fff56b76ba14/read[39m
[2026-07-17 00:19:11:1911] [[35mhttp[39m]: [35mGET /api/v1/notifications[39m
[2026-07-17 00:19:11:1911] [[35mhttp[39m]: [35mGET /api/v1/requests/bcb28b46-f591-4703-bd38-b059ef82e041[39m
[2026-07-17 00:19:11:1911] [[35mhttp[39m]: [35mGET /api/v1/requests/bcb28b46-f591-4703-bd38-b059ef82e041/comments[39m
[2026-07-17 00:19:11:1911] [[35mhttp[39m]: [35mGET /api/v1/requests/bcb28b46-f591-4703-bd38-b059ef82e041/documents[39m
[2026-07-17 00:19:12:1912] [[31merror[39m]: [31m403 - You are not allowed to view this request. - /api/v1/requests/bcb28b46-f591-4703-bd38-b059ef82e041/documents - GET - ::1[39m
[2026-07-17 00:19:12:1912] [[31merror[39m]: [31mError: You are not allowed to view this request.[39m
[31m    at RequestService.getRequestById (C:\Users\vimal\OneDrive\Jubilee hospital demo\mediflow-core\server\src\request\request.service.ts:233:13)[39m
[31m    at process.processTicksAndRejections (node:internal/process/task_queues:103:5)[39m
[31m    at async RequestService.getDocuments (C:\Users\vimal\OneDrive\Jubilee hospital demo\mediflow-core\server\src\request\request.service.ts:384:5)[39m
[31m    at async <anonymous> (C:\Users\vimal\OneDrive\Jubilee hospital demo\mediflow-core\server\src\controllers\request.controller.ts:136:21)[39m
[2026-07-17 00:19:12:1912] [[31merror[39m]: [31m403 - You are not allowed to view this request. - /api/v1/requests/bcb28b46-f591-4703-bd38-b059ef82e041 - GET - ::1[39m
[2026-07-17 00:19:12:1912] [[31merror[39m]: [31mError: You are not allowed to view this request.[39m
[31m    at RequestService.getRequestById (C:\Users\vimal\OneDrive\Jubilee hospital demo\mediflow-core\server\src\request\request.service.ts:233:13)[39m
[31m    at process.processTicksAndRejections (node:internal/process/task_queues:103:5)[39m
[31m    at async <anonymous> (C:\Users\vimal\OneDrive\Jubilee hospital demo\mediflow-core\server\src\controllers\request.controller.ts:59:18)[39m
[2026-07-17 00:19:12:1912] [[35mhttp[39m]: [35mGET /api/v1/requests/bcb28b46-f591-4703-bd38-b059ef82e041/documents[39m
[2026-07-17 00:19:12:1912] [[35mhttp[39m]: [35mGET /api/v1/requests/bcb28b46-f591-4703-bd38-b059ef82e041[39m
[2026-07-17 00:19:12:1912] [[31merror[39m]: [31m403 - You are not allowed to view this request. - /api/v1/requests/bcb28b46-f591-4703-bd38-b059ef82e041/comments - GET - ::1[39m
[2026-07-17 00:19:12:1912] [[31merror[39m]: [31mError: You are not allowed to view this request.[39m
[31m    at RequestService.getRequestById (C:\Users\vimal\OneDrive\Jubilee hospital demo\mediflow-core\server\src\request\request.service.ts:233:13)[39m
[31m    at process.processTicksAndRejections (node:internal/process/task_queues:103:5)[39m
[31m    at async RequestService.getComments (C:\Users\vimal\OneDrive\Jubilee hospital demo\mediflow-core\server\src\request\request.service.ts:362:5)[39m
[31m    at async <anonymous> (C:\Users\vimal\OneDrive\Jubilee hospital demo\mediflow-core\server\src\controllers\request.controller.ts:130:20)[39m
[2026-07-17 00:19:12:1912] [[35mhttp[39m]: [35mGET /api/v1/requests/bcb28b46-f591-4703-bd38-b059ef82e041/comments[39m
[2026-07-17 00:19:12:1912] [[31merror[39m]: [31m403 - You are not allowed to view this request. - /api/v1/requests/bcb28b46-f591-4703-bd38-b059ef82e041/documents - GET - ::1[39m
[2026-07-17 00:19:12:1912] [[31merror[39m]: [31mError: You are not allowed to view this request.[39m
[31m    at RequestService.getRequestById (C:\Users\vimal\OneDrive\Jubilee hospital demo\mediflow-core\server\src\request\request.service.ts:233:13)[39m
[31m    at process.processTicksAndRejections (node:internal/process/task_queues:103:5)[39m
[31m    at async RequestService.getDocuments (C:\Users\vimal\OneDrive\Jubilee hospital demo\mediflow-core\server\src\request\request.service.ts:384:5)[39m
[31m    at async <anonymous> (C:\Users\vimal\OneDrive\Jubilee hospital demo\mediflow-core\server\src\controllers\request.controller.ts:136:21)[39m
[2026-07-17 00:19:12:1912] [[31merror[39m]: [31m403 - You are not allowed to view this request. - /api/v1/requests/bcb28b46-f591-4703-bd38-b059ef82e041 - GET - ::1[39m
[2026-07-17 00:19:12:1912] [[31merror[39m]: [31mError: You are not allowed to view this request.[39m
[31m    at RequestService.getRequestById (C:\Users\vimal\OneDrive\Jubilee hospital demo\mediflow-core\server\src\request\request.service.ts:233:13)[39m
[31m    at process.processTicksAndRejections (node:internal/process/task_queues:103:5)[39m
[31m    at async <anonymous> (C:\Users\vimal\OneDrive\Jubilee hospital demo\mediflow-core\server\src\controllers\request.controller.ts:59:18)[39m
[2026-07-17 00:19:13:1913] [[35mhttp[39m]: [35mGET /api/v1/notifications[39m
[2026-07-17 00:19:13:1913] [[35mhttp[39m]: [35mGET /api/v1/requests?page=1&limit=10[39m
[2026-07-17 00:19:13:1913] [[35mhttp[39m]: [35mGET /api/v1/requests/analytics[39m
[2026-07-17 00:19:13:1913] [[31merror[39m]: [31m403 - You are not allowed to view this request. - /api/v1/requests/bcb28b46-f591-4703-bd38-b059ef82e041/comments - GET - ::1[39m
[2026-07-17 00:19:13:1913] [[31merror[39m]: [31mError: You are not allowed to view this request.[39m
[31m    at RequestService.getRequestById (C:\Users\vimal\OneDrive\Jubilee hospital demo\mediflow-core\server\src\request\request.service.ts:233:13)[39m
[31m    at process.processTicksAndRejections (node:internal/process/task_queues:103:5)[39m
[31m    at async RequestService.getComments (C:\Users\vimal\OneDrive\Jubilee hospital demo\mediflow-core\server\src\request\request.service.ts:362:5)[39m
[31m    at async <anonymous> (C:\Users\vimal\OneDrive\Jubilee hospital demo\mediflow-core\server\src\controllers\request.controller.ts:130:20)[39m
[2026-07-17 00:19:13:1913] [[35mhttp[39m]: [35mGET /api/v1/requests/analytics[39m
[2026-07-17 00:19:13:1913] [[35mhttp[39m]: [35mGET /api/v1/requests?page=1&limit=10[39m
[2026-07-17 00:19:13:1913] [[35mhttp[39m]: [35mGET /api/v1/notifications[39m
[2026-07-17 00:19:13:1913] [[35mhttp[39m]: [35mGET /api/v1/requests?page=1&limit=10[39m
[2026-07-17 00:19:13:1913] [[35mhttp[39m]: [35mGET /api/v1/requests/analytics[39m
[2026-07-17 00:19:50:1950] [[35mhttp[39m]: [35mPOST /api/v1/auth/login[39m
[2026-07-17 00:19:51:1951] [[35mhttp[39m]: [35mGET /api/v1/notifications[39m
[2026-07-17 00:19:51:1951] [[35mhttp[39m]: [35mGET /api/v1/requests?page=1&limit=10[39m
[2026-07-17 00:19:51:1951] [[35mhttp[39m]: [35mGET /api/v1/requests/analytics[39m
[2026-07-17 00:19:52:1952] [[35mhttp[39m]: [35mGET /api/v1/notifications[39m
[2026-07-17 00:19:52:1952] [[35mhttp[39m]: [35mGET /api/v1/requests/analytics[39m
[2026-07-17 00:19:53:1953] [[35mhttp[39m]: [35mGET /api/v1/requests?page=1&limit=10[39m
[2026-07-17 00:19:53:1953] [[35mhttp[39m]: [35mGET /api/v1/requests/analytics[39m
[2026-07-17 00:19:53:1953] [[35mhttp[39m]: [35mGET /api/v1/requests?page=1&limit=10[39m
[2026-07-17 00:19:55:1955] [[35mhttp[39m]: [35mGET /api/v1/requests/bcb28b46-f591-4703-bd38-b059ef82e041[39m
[2026-07-17 00:19:55:1955] [[35mhttp[39m]: [35mGET /api/v1/requests/bcb28b46-f591-4703-bd38-b059ef82e041/comments[39m
[2026-07-17 00:19:55:1955] [[35mhttp[39m]: [35mGET /api/v1/requests/bcb28b46-f591-4703-bd38-b059ef82e041/documents[39m
[2026-07-17 00:19:56:1956] [[35mhttp[39m]: [35mGET /api/v1/requests/bcb28b46-f591-4703-bd38-b059ef82e041[39m
[2026-07-17 00:19:56:1956] [[35mhttp[39m]: [35mGET /api/v1/requests/bcb28b46-f591-4703-bd38-b059ef82e041/comments[39m
[2026-07-17 00:19:56:1956] [[35mhttp[39m]: [35mGET /api/v1/requests/bcb28b46-f591-4703-bd38-b059ef82e041/documents[39m
[2026-07-17 00:19:56:1956] [[35mhttp[39m]: [35mGET /api/v1/notifications[39m
[2026-07-17 00:19:56:1956] [[35mhttp[39m]: [35mGET /api/v1/notifications[39m
[2026-07-17 00:20:09:209] [[35mhttp[39m]: [35mPOST /api/v1/requests/bcb28b46-f591-4703-bd38-b059ef82e041/approve[39m
[2026-07-17 00:20:12:2012] [[35mhttp[39m]: [35mGET /api/v1/requests/bcb28b46-f591-4703-bd38-b059ef82e041[39m
[2026-07-17 00:20:12:2012] [[35mhttp[39m]: [35mGET /api/v1/requests/bcb28b46-f591-4703-bd38-b059ef82e041/comments[39m
[2026-07-17 00:20:12:2012] [[35mhttp[39m]: [35mGET /api/v1/requests/bcb28b46-f591-4703-bd38-b059ef82e041/documents[39m
[2026-07-17 00:20:12:2012] [[31merror[39m]: [31m403 - You are not allowed to view this request. - /api/v1/requests/bcb28b46-f591-4703-bd38-b059ef82e041/documents - GET - ::1[39m
[2026-07-17 00:20:12:2012] [[31merror[39m]: [31mError: You are not allowed to view this request.[39m
[31m    at RequestService.getRequestById (C:\Users\vimal\OneDrive\Jubilee hospital demo\mediflow-core\server\src\request\request.service.ts:233:13)[39m
[31m    at process.processTicksAndRejections (node:internal/process/task_queues:103:5)[39m
[31m    at async RequestService.getDocuments (C:\Users\vimal\OneDrive\Jubilee hospital demo\mediflow-core\server\src\request\request.service.ts:384:5)[39m
[31m    at async <anonymous> (C:\Users\vimal\OneDrive\Jubilee hospital demo\mediflow-core\server\src\controllers\request.controller.ts:136:21)[39m
[2026-07-17 00:20:12:2012] [[31merror[39m]: [31m403 - You are not allowed to view this request. - /api/v1/requests/bcb28b46-f591-4703-bd38-b059ef82e041/comments - GET - ::1[39m
[2026-07-17 00:20:12:2012] [[31merror[39m]: [31mError: You are not allowed to view this request.[39m
[31m    at RequestService.getRequestById (C:\Users\vimal\OneDrive\Jubilee hospital demo\mediflow-core\server\src\request\request.service.ts:233:13)[39m
[31m    at process.processTicksAndRejections (node:internal/process/task_queues:103:5)[39m
[31m    at async RequestService.getComments (C:\Users\vimal\OneDrive\Jubilee hospital demo\mediflow-core\server\src\request\request.service.ts:362:5)[39m
[31m    at async <anonymous> (C:\Users\vimal\OneDrive\Jubilee hospital demo\mediflow-core\server\src\controllers\request.controller.ts:130:20)[39m
[2026-07-17 00:20:13:2013] [[31merror[39m]: [31m403 - You are not allowed to view this request. - /api/v1/requests/bcb28b46-f591-4703-bd38-b059ef82e041 - GET - ::1[39m
[2026-07-17 00:20:13:2013] [[31merror[39m]: [31mError: You are not allowed to view this request.[39m
[31m    at RequestService.getRequestById (C:\Users\vimal\OneDrive\Jubilee hospital demo\mediflow-core\server\src\request\request.service.ts:233:13)[39m
[31m    at process.processTicksAndRejections (node:internal/process/task_queues:103:5)[39m
[31m    at async <anonymous> (C:\Users\vimal\OneDrive\Jubilee hospital demo\mediflow-core\server\src\controllers\request.controller.ts:59:18)[39m
[2026-07-17 00:20:14:2014] [[35mhttp[39m]: [35mGET /api/v1/notifications[39m
[2026-07-17 00:20:14:2014] [[35mhttp[39m]: [35mGET /api/v1/requests?page=1&limit=10[39m
[2026-07-17 00:20:14:2014] [[35mhttp[39m]: [35mGET /api/v1/requests/analytics[39m
[2026-07-17 00:20:14:2014] [[35mhttp[39m]: [35mGET /api/v1/requests/analytics[39m
[2026-07-17 00:20:14:2014] [[35mhttp[39m]: [35mGET /api/v1/requests?page=1&limit=10[39m
[2026-07-17 00:20:14:2014] [[35mhttp[39m]: [35mGET /api/v1/notifications[39m
[2026-07-17 00:20:14:2014] [[35mhttp[39m]: [35mGET /api/v1/requests?page=1&limit=10[39m
[2026-07-17 00:20:14:2014] [[35mhttp[39m]: [35mGET /api/v1/requests/analytics[39m
[2026-07-17 00:20:39:2039] [[35mhttp[39m]: [35mPOST /api/v1/auth/login[39m
[2026-07-17 00:20:40:2040] [[35mhttp[39m]: [35mGET /api/v1/notifications[39m
[2026-07-17 00:20:40:2040] [[35mhttp[39m]: [35mGET /api/v1/requests?page=1&limit=10[39m
[2026-07-17 00:20:40:2040] [[35mhttp[39m]: [35mGET /api/v1/requests/analytics[39m
[2026-07-17 00:20:41:2041] [[35mhttp[39m]: [35mGET /api/v1/notifications[39m
[2026-07-17 00:20:42:2042] [[35mhttp[39m]: [35mGET /api/v1/requests?page=1&limit=10[39m
[2026-07-17 00:20:42:2042] [[35mhttp[39m]: [35mGET /api/v1/requests/analytics[39m
[2026-07-17 00:20:42:2042] [[35mhttp[39m]: [35mGET /api/v1/requests?page=1&limit=10[39m
[2026-07-17 00:20:42:2042] [[35mhttp[39m]: [35mGET /api/v1/requests/analytics[39m
[2026-07-17 00:20:45:2045] [[35mhttp[39m]: [35mGET /api/v1/requests/bcb28b46-f591-4703-bd38-b059ef82e041[39m
[2026-07-17 00:20:45:2045] [[35mhttp[39m]: [35mGET /api/v1/requests/bcb28b46-f591-4703-bd38-b059ef82e041/comments[39m
[2026-07-17 00:20:45:2045] [[35mhttp[39m]: [35mGET /api/v1/requests/bcb28b46-f591-4703-bd38-b059ef82e041/documents[39m
[2026-07-17 00:20:48:2048] [[35mhttp[39m]: [35mGET /api/v1/requests/bcb28b46-f591-4703-bd38-b059ef82e041[39m
[2026-07-17 00:20:48:2048] [[35mhttp[39m]: [35mGET /api/v1/requests/bcb28b46-f591-4703-bd38-b059ef82e041/comments[39m
[2026-07-17 00:20:48:2048] [[35mhttp[39m]: [35mGET /api/v1/requests/bcb28b46-f591-4703-bd38-b059ef82e041/documents[39m
[2026-07-17 00:20:48:2048] [[35mhttp[39m]: [35mGET /api/v1/notifications[39m
[2026-07-17 00:20:48:2048] [[35mhttp[39m]: [35mGET /api/v1/notifications[39m
[2026-07-17 00:21:08:218] [[35mhttp[39m]: [35mGET /api/v1/notifications[39m
[2026-07-17 00:21:08:218] [[35mhttp[39m]: [35mGET /api/v1/requests?page=1&limit=10[39m
[2026-07-17 00:21:08:218] [[35mhttp[39m]: [35mGET /api/v1/requests/analytics[39m
[2026-07-17 00:21:09:219] [[35mhttp[39m]: [35mGET /api/v1/notifications[39m
[2026-07-17 00:21:09:219] [[35mhttp[39m]: [35mGET /api/v1/requests?page=1&limit=10[39m
[2026-07-17 00:21:09:219] [[35mhttp[39m]: [35mGET /api/v1/requests/analytics[39m
[2026-07-17 00:21:10:2110] [[35mhttp[39m]: [35mGET /api/v1/requests/analytics[39m
[2026-07-17 00:21:10:2110] [[35mhttp[39m]: [35mGET /api/v1/requests?page=1&limit=10[39m
[2026-07-17 00:21:12:2112] [[35mhttp[39m]: [35mGET /api/v1/auth/me[39m
[2026-07-17 00:21:12:2112] [[35mhttp[39m]: [35mGET /api/v1/auth/me[39m
[2026-07-17 00:21:39:2139] [[35mhttp[39m]: [35mGET /api/v1/notifications[39m
[2026-07-17 00:22:09:229] [[35mhttp[39m]: [35mGET /api/v1/notifications[39m
[2026-07-17 00:22:39:2239] [[35mhttp[39m]: [35mGET /api/v1/notifications[39m
[2026-07-17 00:23:09:239] [[35mhttp[39m]: [35mGET /api/v1/notifications[39m
[2026-07-17 00:23:39:2339] [[35mhttp[39m]: [35mGET /api/v1/notifications[39m
[2026-07-17 00:24:09:249] [[35mhttp[39m]: [35mGET /api/v1/notifications[39m
[2026-07-17 00:24:43:2443] [[35mhttp[39m]: [35mGET /api/v1/notifications[39m
[2026-07-17 00:25:43:2543] [[35mhttp[39m]: [35mGET /api/v1/notifications[39m
[2026-07-17 00:26:43:2643] [[35mhttp[39m]: [35mGET /api/v1/notifications[39m
[2026-07-17 00:27:43:2743] [[35mhttp[39m]: [35mGET /api/v1/notifications[39m
[2026-07-17 00:28:43:2843] [[35mhttp[39m]: [35mGET /api/v1/notifications[39m
[2026-07-17 00:29:43:2943] [[35mhttp[39m]: [35mGET /api/v1/notifications[39m
[2026-07-17 00:30:43:3043] [[35mhttp[39m]: [35mGET /api/v1/notifications[39m
[2026-07-17 00:31:43:3143] [[35mhttp[39m]: [35mGET /api/v1/notifications[39m
[2026-07-17 00:32:43:3243] [[35mhttp[39m]: [35mGET /api/v1/notifications[39m
[2026-07-17 00:33:43:3343] [[35mhttp[39m]: [35mGET /api/v1/notifications[39m
[2026-07-17 00:34:43:3443] [[35mhttp[39m]: [35mGET /api/v1/notifications[39m
[2026-07-17 00:35:43:3543] [[35mhttp[39m]: [35mGET /api/v1/notifications[39m
[2026-07-17 00:36:43:3643] [[35mhttp[39m]: [35mGET /api/v1/notifications[39m
[2026-07-17 00:37:43:3743] [[35mhttp[39m]: [35mGET /api/v1/notifications[39m
[2026-07-17 00:38:15:3815] [[35mhttp[39m]: [35mGET /api/v1/notifications[39m
[2026-07-17 00:38:46:3846] [[35mhttp[39m]: [35mGET /api/v1/notifications[39m
[2026-07-17 00:39:16:3916] [[35mhttp[39m]: [35mGET /api/v1/notifications[39m
[2026-07-17 00:39:46:3946] [[35mhttp[39m]: [35mGET /api/v1/notifications[39m
[2026-07-17 00:40:16:4016] [[35mhttp[39m]: [35mGET /api/v1/notifications[39m
[2026-07-17 00:40:46:4046] [[35mhttp[39m]: [35mGET /api/v1/notifications[39m
[2026-07-17 00:41:43:4143] [[35mhttp[39m]: [35mGET /api/v1/notifications[39m
[2026-07-17 00:42:43:4243] [[35mhttp[39m]: [35mGET /api/v1/notifications[39m
[2026-07-17 00:43:43:4343] [[35mhttp[39m]: [35mGET /api/v1/notifications[39m
[2026-07-17 00:44:43:4443] [[35mhttp[39m]: [35mGET /api/v1/notifications[39m
[2026-07-17 00:45:43:4543] [[35mhttp[39m]: [35mGET /api/v1/notifications[39m
[2026-07-17 00:46:43:4643] [[35mhttp[39m]: [35mGET /api/v1/notifications[39m
[2026-07-17 00:47:43:4743] [[35mhttp[39m]: [35mGET /api/v1/notifications[39m
[2026-07-17 00:48:43:4843] [[35mhttp[39m]: [35mGET /api/v1/notifications[39m
[2026-07-17 00:49:43:4943] [[35mhttp[39m]: [35mGET /api/v1/notifications[39m
[2026-07-17 00:49:49:4949] [[35mhttp[39m]: [35mGET /api/v1/notifications[39m
[2026-07-17 00:50:20:5020] [[35mhttp[39m]: [35mGET /api/v1/notifications[39m
[2026-07-17 00:50:50:5050] [[35mhttp[39m]: [35mGET /api/v1/notifications[39m
[2026-07-17 00:51:20:5120] [[35mhttp[39m]: [35mGET /api/v1/notifications[39m
[2026-07-17 00:51:50:5150] [[35mhttp[39m]: [35mGET /api/v1/notifications[39m
[2026-07-17 00:52:20:5220] [[35mhttp[39m]: [35mGET /api/v1/notifications[39m
[2026-07-17 00:53:43:5343] [[35mhttp[39m]: [35mGET /api/v1/notifications[39m
[2026-07-17 00:54:43:5443] [[35mhttp[39m]: [35mGET /api/v1/notifications[39m
[2026-07-17 00:54:49:5449] [[35mhttp[39m]: [35mGET /api/v1/notifications[39m
[2026-07-17 00:55:07:557] [[35mhttp[39m]: [35mPOST /api/v1/auth/login[39m
[2026-07-17 00:55:08:558] [[35mhttp[39m]: [35mGET /api/v1/notifications[39m
[2026-07-17 00:55:08:558] [[35mhttp[39m]: [35mGET /api/v1/requests?page=1&limit=10[39m
[2026-07-17 00:55:08:558] [[35mhttp[39m]: [35mGET /api/v1/requests/analytics[39m
[2026-07-17 00:55:08:558] [[35mhttp[39m]: [35mGET /api/v1/notifications[39m
[2026-07-17 00:55:09:559] [[35mhttp[39m]: [35mGET /api/v1/requests?page=1&limit=10[39m
[2026-07-17 00:55:09:559] [[35mhttp[39m]: [35mGET /api/v1/requests/analytics[39m
[2026-07-17 00:55:09:559] [[35mhttp[39m]: [35mGET /api/v1/requests?page=1&limit=10[39m
[2026-07-17 00:55:09:559] [[35mhttp[39m]: [35mGET /api/v1/requests/analytics[39m
[2026-07-17 00:55:19:5519] [[35mhttp[39m]: [35mPUT /api/v1/notifications/a45f90fb-5f3a-47ba-b223-dd805a9124e0/read[39m
[2026-07-17 00:55:19:5519] [[35mhttp[39m]: [35mGET /api/v1/notifications[39m
[2026-07-17 00:55:19:5519] [[35mhttp[39m]: [35mGET /api/v1/requests/bcb28b46-f591-4703-bd38-b059ef82e041[39m
[2026-07-17 00:55:19:5519] [[35mhttp[39m]: [35mGET /api/v1/requests/bcb28b46-f591-4703-bd38-b059ef82e041/comments[39m
[2026-07-17 00:55:19:5519] [[35mhttp[39m]: [35mGET /api/v1/requests/bcb28b46-f591-4703-bd38-b059ef82e041/documents[39m
[2026-07-17 00:55:20:5520] [[35mhttp[39m]: [35mGET /api/v1/requests/bcb28b46-f591-4703-bd38-b059ef82e041[39m
[2026-07-17 00:55:20:5520] [[35mhttp[39m]: [35mGET /api/v1/requests/bcb28b46-f591-4703-bd38-b059ef82e041/comments[39m
[2026-07-17 00:55:20:5520] [[35mhttp[39m]: [35mGET /api/v1/requests/bcb28b46-f591-4703-bd38-b059ef82e041/documents[39m
[2026-07-17 00:55:25:5525] [[35mhttp[39m]: [35mGET /api/v1/notifications[39m
[2026-07-17 00:55:25:5525] [[35mhttp[39m]: [35mGET /api/v1/requests/analytics[39m
[2026-07-17 00:55:25:5525] [[35mhttp[39m]: [35mGET /api/v1/requests?page=1&limit=10[39m
[2026-07-17 00:55:25:5525] [[35mhttp[39m]: [35mGET /api/v1/requests?page=1&limit=10[39m
[2026-07-17 00:55:25:5525] [[35mhttp[39m]: [35mGET /api/v1/requests/analytics[39m
[2026-07-17 00:55:25:5525] [[35mhttp[39m]: [35mGET /api/v1/notifications[39m
[2026-07-17 00:55:25:5525] [[35mhttp[39m]: [35mGET /api/v1/requests/analytics[39m
[2026-07-17 00:55:25:5525] [[35mhttp[39m]: [35mGET /api/v1/requests?page=1&limit=10[39m
[2026-07-17 00:55:55:5555] [[35mhttp[39m]: [35mGET /api/v1/notifications[39m
[2026-07-17 00:56:08:568] [[35mhttp[39m]: [35mGET /api/v1/auth/me[39m
[2026-07-17 00:56:08:568] [[35mhttp[39m]: [35mGET /api/v1/notifications[39m
[2026-07-17 00:56:08:568] [[35mhttp[39m]: [35mGET /api/v1/requests?page=1&limit=10[39m
[2026-07-17 00:56:08:568] [[35mhttp[39m]: [35mGET /api/v1/requests/analytics[39m
[2026-07-17 00:56:09:569] [[35mhttp[39m]: [35mGET /api/v1/auth/me[39m
[2026-07-17 00:56:09:569] [[35mhttp[39m]: [35mGET /api/v1/requests/analytics[39m
[2026-07-17 00:56:09:569] [[35mhttp[39m]: [35mGET /api/v1/notifications[39m
[2026-07-17 00:56:10:5610] [[35mhttp[39m]: [35mGET /api/v1/requests?page=1&limit=10[39m
[2026-07-17 00:56:10:5610] [[35mhttp[39m]: [35mGET /api/v1/requests?page=1&limit=10[39m
[2026-07-17 00:56:10:5610] [[35mhttp[39m]: [35mGET /api/v1/requests/analytics[39m
[2026-07-17 00:56:17:5617] [[35mhttp[39m]: [35mPOST /api/v1/auth/login[39m
[2026-07-17 00:56:18:5618] [[35mhttp[39m]: [35mGET /api/v1/notifications[39m
[2026-07-17 00:56:18:5618] [[35mhttp[39m]: [35mGET /api/v1/requests?page=1&limit=10[39m
[2026-07-17 00:56:18:5618] [[35mhttp[39m]: [35mGET /api/v1/requests/analytics[39m
[2026-07-17 00:56:18:5618] [[35mhttp[39m]: [35mGET /api/v1/requests/analytics[39m
[2026-07-17 00:56:18:5618] [[35mhttp[39m]: [35mGET /api/v1/requests?page=1&limit=10[39m
[2026-07-17 00:56:18:5618] [[35mhttp[39m]: [35mGET /api/v1/notifications[39m
[2026-07-17 00:56:18:5618] [[35mhttp[39m]: [35mGET /api/v1/requests?page=1&limit=10[39m
[2026-07-17 00:56:18:5618] [[35mhttp[39m]: [35mGET /api/v1/requests/analytics[39m
[2026-07-17 00:56:54:5654] [[35mhttp[39m]: [35mPOST /api/v1/auth/login[39m
[2026-07-17 00:56:55:5655] [[35mhttp[39m]: [35mGET /api/v1/notifications[39m
[2026-07-17 00:56:55:5655] [[35mhttp[39m]: [35mGET /api/v1/requests?page=1&limit=10[39m
[2026-07-17 00:56:55:5655] [[35mhttp[39m]: [35mGET /api/v1/requests/analytics[39m
[2026-07-17 00:56:55:5655] [[35mhttp[39m]: [35mGET /api/v1/notifications[39m
[2026-07-17 00:56:55:5655] [[35mhttp[39m]: [35mGET /api/v1/requests?page=1&limit=10[39m
[2026-07-17 00:56:55:5655] [[35mhttp[39m]: [35mGET /api/v1/requests/analytics[39m
[2026-07-17 00:56:56:5656] [[35mhttp[39m]: [35mGET /api/v1/requests?page=1&limit=10[39m
[2026-07-17 00:56:56:5656] [[35mhttp[39m]: [35mGET /api/v1/requests/analytics[39m
[2026-07-17 00:57:07:577] [[35mhttp[39m]: [35mGET /api/v1/users[39m
[2026-07-17 00:57:08:578] [[35mhttp[39m]: [35mGET /api/v1/users[39m
[2026-07-17 00:57:23:5723] [[35mhttp[39m]: [35mGET /api/v1/notifications[39m
[2026-07-17 00:57:23:5723] [[35mhttp[39m]: [35mGET /api/v1/requests?page=1&limit=10[39m
[2026-07-17 00:57:23:5723] [[35mhttp[39m]: [35mGET /api/v1/requests/analytics[39m
[2026-07-17 00:57:23:5723] [[35mhttp[39m]: [35mGET /api/v1/requests/analytics[39m
[2026-07-17 00:57:23:5723] [[35mhttp[39m]: [35mGET /api/v1/requests?page=1&limit=10[39m
[2026-07-17 00:57:23:5723] [[35mhttp[39m]: [35mGET /api/v1/notifications[39m
[2026-07-17 00:57:24:5724] [[35mhttp[39m]: [35mGET /api/v1/requests/analytics[39m
[2026-07-17 00:57:24:5724] [[35mhttp[39m]: [35mGET /api/v1/requests?page=1&limit=10[39m
[2026-07-17 00:57:28:5728] [[35mhttp[39m]: [35mGET /api/v1/departments[39m
[2026-07-17 00:57:28:5728] [[35mhttp[39m]: [35mGET /api/v1/departments[39m
[2026-07-17 00:57:39:5739] [[35mhttp[39m]: [35mGET /api/v1/notifications[39m
[2026-07-17 00:57:39:5739] [[35mhttp[39m]: [35mGET /api/v1/requests?page=1&limit=10[39m
[2026-07-17 00:57:39:5739] [[35mhttp[39m]: [35mGET /api/v1/requests/analytics[39m
[2026-07-17 00:57:40:5740] [[35mhttp[39m]: [35mGET /api/v1/requests/analytics[39m
[2026-07-17 00:57:40:5740] [[35mhttp[39m]: [35mGET /api/v1/notifications[39m
[2026-07-17 00:57:40:5740] [[35mhttp[39m]: [35mGET /api/v1/requests?page=1&limit=10[39m
[2026-07-17 00:57:40:5740] [[35mhttp[39m]: [35mGET /api/v1/requests?page=1&limit=10[39m
[2026-07-17 00:57:40:5740] [[35mhttp[39m]: [35mGET /api/v1/requests/analytics[39m
[2026-07-17 00:58:10:5810] [[35mhttp[39m]: [35mGET /api/v1/notifications[39m
[2026-07-17 00:58:40:5840] [[35mhttp[39m]: [35mGET /api/v1/notifications[39m
[2026-07-17 00:59:10:5910] [[35mhttp[39m]: [35mGET /api/v1/notifications[39m
[2026-07-17 00:59:40:5940] [[35mhttp[39m]: [35mGET /api/v1/notifications[39m
[2026-07-17 01:00:10:010] [[35mhttp[39m]: [35mGET /api/v1/notifications[39m
[2026-07-17 01:00:40:040] [[35mhttp[39m]: [35mGET /api/v1/notifications[39m
[2026-07-17 01:01:41:141] [[35mhttp[39m]: [35mGET /api/v1/notifications[39m
[2026-07-17 01:02:42:242] [[35mhttp[39m]: [35mGET /api/v1/notifications[39m
[2026-07-17 01:03:43:343] [[35mhttp[39m]: [35mGET /api/v1/notifications[39m
[2026-07-17 01:04:43:443] [[35mhttp[39m]: [35mGET /api/v1/notifications[39m
[2026-07-17 01:05:39:539] [[35mhttp[39m]: [35mGET /api/v1/notifications[39m
[2026-07-17 01:05:43:543] [[35mhttp[39m]: [35mGET /api/v1/auth/me[39m
[2026-07-17 01:05:43:543] [[35mhttp[39m]: [35mGET /api/v1/notifications[39m
[2026-07-17 01:05:43:543] [[35mhttp[39m]: [35mGET /api/v1/requests?page=1&limit=10[39m
[2026-07-17 01:05:43:543] [[35mhttp[39m]: [35mGET /api/v1/requests/analytics[39m
[2026-07-17 01:05:43:543] [[35mhttp[39m]: [35mGET /api/v1/auth/me[39m
[2026-07-17 01:05:43:543] [[35mhttp[39m]: [35mGET /api/v1/notifications[39m
[2026-07-17 01:05:43:543] [[35mhttp[39m]: [35mGET /api/v1/requests?page=1&limit=10[39m
[2026-07-17 01:05:43:543] [[35mhttp[39m]: [35mGET /api/v1/requests/analytics[39m
[2026-07-17 01:05:43:543] [[35mhttp[39m]: [35mGET /api/v1/auth/me[39m
[2026-07-17 01:05:44:544] [[35mhttp[39m]: [35mGET /api/v1/requests/analytics[39m
[2026-07-17 01:05:44:544] [[35mhttp[39m]: [35mGET /api/v1/notifications[39m
[2026-07-17 01:05:44:544] [[35mhttp[39m]: [35mGET /api/v1/requests?page=1&limit=10[39m
[2026-07-17 01:05:45:545] [[35mhttp[39m]: [35mGET /api/v1/requests/analytics[39m
[2026-07-17 01:05:45:545] [[35mhttp[39m]: [35mGET /api/v1/requests?page=1&limit=10[39m
[2026-07-17 01:05:47:547] [[32minfo[39m]: [32mServer is running in development mode on port 5000[39m
[2026-07-17 01:05:53:553] [[35mhttp[39m]: [35mPOST /api/v1/auth/login[39m
[2026-07-17 01:05:53:553] [[35mhttp[39m]: [35mGET /api/v1/notifications[39m
[2026-07-17 01:05:53:553] [[35mhttp[39m]: [35mGET /api/v1/requests?page=1&limit=10[39m
[2026-07-17 01:05:53:553] [[35mhttp[39m]: [35mGET /api/v1/requests/analytics[39m
[2026-07-17 01:05:54:554] [[35mhttp[39m]: [35mGET /api/v1/requests?page=1&limit=10[39m
[2026-07-17 01:05:54:554] [[35mhttp[39m]: [35mGET /api/v1/requests/analytics[39m
[2026-07-17 01:05:54:554] [[35mhttp[39m]: [35mGET /api/v1/notifications[39m
[2026-07-17 01:05:54:554] [[35mhttp[39m]: [35mGET /api/v1/requests/analytics[39m
[2026-07-17 01:05:54:554] [[35mhttp[39m]: [35mGET /api/v1/requests?page=1&limit=10[39m
[2026-07-17 01:06:07:67] [[35mhttp[39m]: [35mPOST /api/v1/requests[39m
[2026-07-17 01:06:09:69] [[35mhttp[39m]: [35mGET /api/v1/notifications[39m
[2026-07-17 01:06:09:69] [[35mhttp[39m]: [35mGET /api/v1/requests?page=1&limit=10[39m
[2026-07-17 01:06:09:69] [[35mhttp[39m]: [35mGET /api/v1/requests/analytics[39m
[2026-07-17 01:06:09:69] [[35mhttp[39m]: [35mGET /api/v1/notifications[39m
[2026-07-17 01:06:10:610] [[35mhttp[39m]: [35mGET /api/v1/requests?page=1&limit=10[39m
[2026-07-17 01:06:10:610] [[35mhttp[39m]: [35mGET /api/v1/requests/analytics[39m
[2026-07-17 01:06:11:611] [[35mhttp[39m]: [35mGET /api/v1/requests?page=1&limit=10[39m
[2026-07-17 01:06:11:611] [[35mhttp[39m]: [35mGET /api/v1/requests/analytics[39m
[2026-07-17 01:06:12:612] [[35mhttp[39m]: [35mGET /api/v1/requests/84c033c5-401a-4b0b-82b3-e8f019a070c9[39m
[2026-07-17 01:06:12:612] [[35mhttp[39m]: [35mGET /api/v1/requests/84c033c5-401a-4b0b-82b3-e8f019a070c9/comments[39m
[2026-07-17 01:06:12:612] [[35mhttp[39m]: [35mGET /api/v1/requests/84c033c5-401a-4b0b-82b3-e8f019a070c9/documents[39m
[2026-07-17 01:06:13:613] [[35mhttp[39m]: [35mGET /api/v1/requests/84c033c5-401a-4b0b-82b3-e8f019a070c9/documents[39m
[2026-07-17 01:06:13:613] [[35mhttp[39m]: [35mGET /api/v1/requests/84c033c5-401a-4b0b-82b3-e8f019a070c9/comments[39m
[2026-07-17 01:06:13:613] [[35mhttp[39m]: [35mGET /api/v1/requests/84c033c5-401a-4b0b-82b3-e8f019a070c9[39m
[2026-07-17 01:06:13:613] [[35mhttp[39m]: [35mGET /api/v1/notifications[39m
[2026-07-17 01:06:13:613] [[35mhttp[39m]: [35mGET /api/v1/notifications[39m
[2026-07-17 01:06:15:615] [[35mhttp[39m]: [35mPOST /api/v1/requests/84c033c5-401a-4b0b-82b3-e8f019a070c9/submit[39m
[2026-07-17 01:06:16:616] [[35mhttp[39m]: [35mGET /api/v1/requests/84c033c5-401a-4b0b-82b3-e8f019a070c9[39m
[2026-07-17 01:06:16:616] [[35mhttp[39m]: [35mGET /api/v1/requests/84c033c5-401a-4b0b-82b3-e8f019a070c9/comments[39m
[2026-07-17 01:06:16:616] [[35mhttp[39m]: [35mGET /api/v1/requests/84c033c5-401a-4b0b-82b3-e8f019a070c9/documents[39m
[2026-07-17 01:06:17:617] [[35mhttp[39m]: [35mGET /api/v1/notifications[39m
[2026-07-17 01:06:17:617] [[35mhttp[39m]: [35mGET /api/v1/notifications[39m
[2026-07-17 01:06:19:619] [[35mhttp[39m]: [35mGET /api/v1/notifications[39m
[2026-07-17 01:06:19:619] [[35mhttp[39m]: [35mGET /api/v1/requests?page=1&limit=10[39m
[2026-07-17 01:06:19:619] [[35mhttp[39m]: [35mGET /api/v1/requests/analytics[39m
[2026-07-17 01:06:19:619] [[35mhttp[39m]: [35mGET /api/v1/notifications[39m
[2026-07-17 01:06:19:619] [[35mhttp[39m]: [35mGET /api/v1/requests?page=1&limit=10[39m
[2026-07-17 01:06:20:620] [[35mhttp[39m]: [35mGET /api/v1/requests/analytics[39m
[2026-07-17 01:06:20:620] [[35mhttp[39m]: [35mGET /api/v1/requests?page=1&limit=10[39m
[2026-07-17 01:06:20:620] [[35mhttp[39m]: [35mGET /api/v1/requests/analytics[39m
[2026-07-17 01:06:26:626] [[35mhttp[39m]: [35mPOST /api/v1/auth/login[39m
[2026-07-17 01:06:27:627] [[35mhttp[39m]: [35mGET /api/v1/notifications[39m
[2026-07-17 01:06:27:627] [[35mhttp[39m]: [35mGET /api/v1/requests?page=1&limit=10[39m
[2026-07-17 01:06:27:627] [[35mhttp[39m]: [35mGET /api/v1/requests/analytics[39m
[2026-07-17 01:06:28:628] [[35mhttp[39m]: [35mGET /api/v1/requests/analytics[39m
[2026-07-17 01:06:28:628] [[35mhttp[39m]: [35mGET /api/v1/requests?page=1&limit=10[39m
[2026-07-17 01:06:28:628] [[35mhttp[39m]: [35mGET /api/v1/notifications[39m
[2026-07-17 01:06:28:628] [[35mhttp[39m]: [35mGET /api/v1/requests?page=1&limit=10[39m
[2026-07-17 01:06:28:628] [[35mhttp[39m]: [35mGET /api/v1/requests/analytics[39m
[2026-07-17 01:06:34:634] [[35mhttp[39m]: [35mGET /api/v1/requests/84c033c5-401a-4b0b-82b3-e8f019a070c9[39m
[2026-07-17 01:06:34:634] [[35mhttp[39m]: [35mGET /api/v1/requests/84c033c5-401a-4b0b-82b3-e8f019a070c9/comments[39m
[2026-07-17 01:06:34:634] [[35mhttp[39m]: [35mGET /api/v1/requests/84c033c5-401a-4b0b-82b3-e8f019a070c9/documents[39m
[2026-07-17 01:06:35:635] [[35mhttp[39m]: [35mGET /api/v1/requests/84c033c5-401a-4b0b-82b3-e8f019a070c9/comments[39m
[2026-07-17 01:06:36:636] [[35mhttp[39m]: [35mGET /api/v1/requests/84c033c5-401a-4b0b-82b3-e8f019a070c9[39m
[2026-07-17 01:06:36:636] [[35mhttp[39m]: [35mGET /api/v1/requests/84c033c5-401a-4b0b-82b3-e8f019a070c9/documents[39m
[2026-07-17 01:06:36:636] [[35mhttp[39m]: [35mGET /api/v1/notifications[39m
[2026-07-17 01:06:36:636] [[35mhttp[39m]: [35mGET /api/v1/notifications[39m
[2026-07-17 01:06:46:646] [[35mhttp[39m]: [35mPOST /api/v1/requests/84c033c5-401a-4b0b-82b3-e8f019a070c9/approve[39m
[2026-07-17 01:06:48:648] [[35mhttp[39m]: [35mGET /api/v1/requests/84c033c5-401a-4b0b-82b3-e8f019a070c9[39m
[2026-07-17 01:06:48:648] [[35mhttp[39m]: [35mGET /api/v1/requests/84c033c5-401a-4b0b-82b3-e8f019a070c9/comments[39m
[2026-07-17 01:06:48:648] [[35mhttp[39m]: [35mGET /api/v1/requests/84c033c5-401a-4b0b-82b3-e8f019a070c9/documents[39m
[2026-07-17 01:06:49:649] [[31merror[39m]: [31m403 - You are not allowed to view this request. - /api/v1/requests/84c033c5-401a-4b0b-82b3-e8f019a070c9 - GET - ::1[39m
[2026-07-17 01:06:49:649] [[31merror[39m]: [31mError: You are not allowed to view this request.[39m
[31m    at RequestService.getRequestById (C:\Users\vimal\OneDrive\Jubilee hospital demo\mediflow-core\server\src\request\request.service.ts:233:13)[39m
[31m    at process.processTicksAndRejections (node:internal/process/task_queues:103:5)[39m
[31m    at async <anonymous> (C:\Users\vimal\OneDrive\Jubilee hospital demo\mediflow-core\server\src\controllers\request.controller.ts:59:18)[39m
[2026-07-17 01:06:49:649] [[31merror[39m]: [31m403 - You are not allowed to view this request. - /api/v1/requests/84c033c5-401a-4b0b-82b3-e8f019a070c9/documents - GET - ::1[39m
[2026-07-17 01:06:49:649] [[31merror[39m]: [31mError: You are not allowed to view this request.[39m
[31m    at RequestService.getRequestById (C:\Users\vimal\OneDrive\Jubilee hospital demo\mediflow-core\server\src\request\request.service.ts:233:13)[39m
[31m    at process.processTicksAndRejections (node:internal/process/task_queues:103:5)[39m
[31m    at async RequestService.getDocuments (C:\Users\vimal\OneDrive\Jubilee hospital demo\mediflow-core\server\src\request\request.service.ts:384:5)[39m
[31m    at async <anonymous> (C:\Users\vimal\OneDrive\Jubilee hospital demo\mediflow-core\server\src\controllers\request.controller.ts:136:21)[39m
[2026-07-17 01:06:49:649] [[31merror[39m]: [31m403 - You are not allowed to view this request. - /api/v1/requests/84c033c5-401a-4b0b-82b3-e8f019a070c9/comments - GET - ::1[39m
[2026-07-17 01:06:49:649] [[31merror[39m]: [31mError: You are not allowed to view this request.[39m
[31m    at RequestService.getRequestById (C:\Users\vimal\OneDrive\Jubilee hospital demo\mediflow-core\server\src\request\request.service.ts:233:13)[39m
[31m    at process.processTicksAndRejections (node:internal/process/task_queues:103:5)[39m
[31m    at async RequestService.getComments (C:\Users\vimal\OneDrive\Jubilee hospital demo\mediflow-core\server\src\request\request.service.ts:362:5)[39m
[31m    at async <anonymous> (C:\Users\vimal\OneDrive\Jubilee hospital demo\mediflow-core\server\src\controllers\request.controller.ts:130:20)[39m
[2026-07-17 01:06:50:650] [[35mhttp[39m]: [35mGET /api/v1/notifications[39m
[2026-07-17 01:06:50:650] [[35mhttp[39m]: [35mGET /api/v1/requests?page=1&limit=10[39m
[2026-07-17 01:06:50:650] [[35mhttp[39m]: [35mGET /api/v1/requests/analytics[39m
[2026-07-17 01:06:50:650] [[35mhttp[39m]: [35mGET /api/v1/requests/analytics[39m
[2026-07-17 01:06:50:650] [[35mhttp[39m]: [35mGET /api/v1/notifications[39m
[2026-07-17 01:06:50:650] [[35mhttp[39m]: [35mGET /api/v1/requests?page=1&limit=10[39m
[2026-07-17 01:06:50:650] [[35mhttp[39m]: [35mGET /api/v1/requests?page=1&limit=10[39m
[2026-07-17 01:06:50:650] [[35mhttp[39m]: [35mGET /api/v1/requests/analytics[39m
[2026-07-17 01:07:14:714] [[35mhttp[39m]: [35mPOST /api/v1/auth/login[39m
[2026-07-17 01:07:15:715] [[31merror[39m]: [31m401 - Invalid email or password. - /api/v1/auth/login - POST - ::1[39m
[2026-07-17 01:07:15:715] [[31merror[39m]: [31mError: Invalid email or password.[39m
[31m    at <anonymous> (C:\Users\vimal\OneDrive\Jubilee hospital demo\mediflow-core\server\src\routes\auth.ts:25:19)[39m
[31m    at process.processTicksAndRejections (node:internal/process/task_queues:103:5)[39m
[2026-07-17 01:07:39:739] [[35mhttp[39m]: [35mPOST /api/v1/auth/login[39m
[2026-07-17 01:07:40:740] [[35mhttp[39m]: [35mGET /api/v1/notifications[39m
[2026-07-17 01:07:40:740] [[35mhttp[39m]: [35mGET /api/v1/requests?page=1&limit=10[39m
[2026-07-17 01:07:40:740] [[35mhttp[39m]: [35mGET /api/v1/requests/analytics[39m
[2026-07-17 01:07:41:741] [[35mhttp[39m]: [35mGET /api/v1/notifications[39m
[2026-07-17 01:07:41:741] [[35mhttp[39m]: [35mGET /api/v1/requests?page=1&limit=10[39m
[2026-07-17 01:07:41:741] [[35mhttp[39m]: [35mGET /api/v1/requests/analytics[39m
[2026-07-17 01:07:42:742] [[35mhttp[39m]: [35mGET /api/v1/requests?page=1&limit=10[39m
[2026-07-17 01:07:42:742] [[35mhttp[39m]: [35mGET /api/v1/requests/analytics[39m
[2026-07-17 01:07:56:756] [[35mhttp[39m]: [35mPUT /api/v1/notifications/read-all[39m
[2026-07-17 01:07:58:758] [[35mhttp[39m]: [35mGET /api/v1/notifications[39m
[2026-07-17 01:08:01:81] [[35mhttp[39m]: [35mGET /api/v1/requests/84c033c5-401a-4b0b-82b3-e8f019a070c9[39m
[2026-07-17 01:08:01:81] [[35mhttp[39m]: [35mGET /api/v1/requests/84c033c5-401a-4b0b-82b3-e8f019a070c9/comments[39m
[2026-07-17 01:08:01:81] [[35mhttp[39m]: [35mGET /api/v1/requests/84c033c5-401a-4b0b-82b3-e8f019a070c9/documents[39m
[2026-07-17 01:08:03:83] [[35mhttp[39m]: [35mGET /api/v1/requests/84c033c5-401a-4b0b-82b3-e8f019a070c9[39m
[2026-07-17 01:08:03:83] [[35mhttp[39m]: [35mGET /api/v1/requests/84c033c5-401a-4b0b-82b3-e8f019a070c9/documents[39m
[2026-07-17 01:08:03:83] [[35mhttp[39m]: [35mGET /api/v1/requests/84c033c5-401a-4b0b-82b3-e8f019a070c9/comments[39m
[2026-07-17 01:08:03:83] [[35mhttp[39m]: [35mGET /api/v1/notifications[39m
[2026-07-17 01:08:03:83] [[35mhttp[39m]: [35mGET /api/v1/notifications[39m
[2026-07-17 01:08:33:833] [[35mhttp[39m]: [35mGET /api/v1/notifications[39m
[2026-07-17 01:08:35:835] [[35mhttp[39m]: [35mPOST /api/v1/requests/84c033c5-401a-4b0b-82b3-e8f019a070c9/return[39m
[2026-07-17 01:08:36:836] [[35mhttp[39m]: [35mGET /api/v1/requests/84c033c5-401a-4b0b-82b3-e8f019a070c9[39m
[2026-07-17 01:08:36:836] [[35mhttp[39m]: [35mGET /api/v1/requests/84c033c5-401a-4b0b-82b3-e8f019a070c9/comments[39m
[2026-07-17 01:08:36:836] [[35mhttp[39m]: [35mGET /api/v1/requests/84c033c5-401a-4b0b-82b3-e8f019a070c9/documents[39m
[2026-07-17 01:08:38:838] [[31merror[39m]: [31m403 - You are not allowed to view this request. - /api/v1/requests/84c033c5-401a-4b0b-82b3-e8f019a070c9 - GET - ::1[39m
[2026-07-17 01:08:38:838] [[31merror[39m]: [31mError: You are not allowed to view this request.[39m
[31m    at RequestService.getRequestById (C:\Users\vimal\OneDrive\Jubilee hospital demo\mediflow-core\server\src\request\request.service.ts:233:13)[39m
[31m    at process.processTicksAndRejections (node:internal/process/task_queues:103:5)[39m
[31m    at async <anonymous> (C:\Users\vimal\OneDrive\Jubilee hospital demo\mediflow-core\server\src\controllers\request.controller.ts:59:18)[39m
[2026-07-17 01:08:38:838] [[31merror[39m]: [31m403 - You are not allowed to view this request. - /api/v1/requests/84c033c5-401a-4b0b-82b3-e8f019a070c9/comments - GET - ::1[39m
[2026-07-17 01:08:38:838] [[31merror[39m]: [31mError: You are not allowed to view this request.[39m
[31m    at RequestService.getRequestById (C:\Users\vimal\OneDrive\Jubilee hospital demo\mediflow-core\server\src\request\request.service.ts:233:13)[39m
[31m    at process.processTicksAndRejections (node:internal/process/task_queues:103:5)[39m
[31m    at async RequestService.getComments (C:\Users\vimal\OneDrive\Jubilee hospital demo\mediflow-core\server\src\request\request.service.ts:362:5)[39m
[31m    at async <anonymous> (C:\Users\vimal\OneDrive\Jubilee hospital demo\mediflow-core\server\src\controllers\request.controller.ts:130:20)[39m
[2026-07-17 01:08:38:838] [[31merror[39m]: [31m403 - You are not allowed to view this request. - /api/v1/requests/84c033c5-401a-4b0b-82b3-e8f019a070c9/documents - GET - ::1[39m
[2026-07-17 01:08:38:838] [[31merror[39m]: [31mError: You are not allowed to view this request.[39m
[31m    at RequestService.getRequestById (C:\Users\vimal\OneDrive\Jubilee hospital demo\mediflow-core\server\src\request\request.service.ts:233:13)[39m
[31m    at process.processTicksAndRejections (node:internal/process/task_queues:103:5)[39m
[31m    at async RequestService.getDocuments (C:\Users\vimal\OneDrive\Jubilee hospital demo\mediflow-core\server\src\request\request.service.ts:384:5)[39m
[31m    at async <anonymous> (C:\Users\vimal\OneDrive\Jubilee hospital demo\mediflow-core\server\src\controllers\request.controller.ts:136:21)[39m
[2026-07-17 01:08:40:840] [[35mhttp[39m]: [35mGET /api/v1/notifications[39m
[2026-07-17 01:08:40:840] [[35mhttp[39m]: [35mGET /api/v1/requests?page=1&limit=10[39m
[2026-07-17 01:08:40:840] [[35mhttp[39m]: [35mGET /api/v1/requests/analytics[39m
[2026-07-17 01:08:40:840] [[35mhttp[39m]: [35mGET /api/v1/requests/analytics[39m
[2026-07-17 01:08:40:840] [[35mhttp[39m]: [35mGET /api/v1/requests?page=1&limit=10[39m
[2026-07-17 01:08:40:840] [[35mhttp[39m]: [35mGET /api/v1/notifications[39m
[2026-07-17 01:08:40:840] [[35mhttp[39m]: [35mGET /api/v1/requests?page=1&limit=10[39m
[2026-07-17 01:08:40:840] [[35mhttp[39m]: [35mGET /api/v1/requests/analytics[39m
[2026-07-17 01:08:49:849] [[35mhttp[39m]: [35mPOST /api/v1/auth/login[39m
[2026-07-17 01:08:49:849] [[35mhttp[39m]: [35mGET /api/v1/notifications[39m
[2026-07-17 01:08:49:849] [[35mhttp[39m]: [35mGET /api/v1/requests?page=1&limit=10[39m
[2026-07-17 01:08:49:849] [[35mhttp[39m]: [35mGET /api/v1/requests/analytics[39m
[2026-07-17 01:08:49:849] [[35mhttp[39m]: [35mGET /api/v1/requests?page=1&limit=10[39m
[2026-07-17 01:08:49:849] [[35mhttp[39m]: [35mGET /api/v1/notifications[39m
[2026-07-17 01:08:49:849] [[35mhttp[39m]: [35mGET /api/v1/requests/analytics[39m
[2026-07-17 01:08:50:850] [[35mhttp[39m]: [35mGET /api/v1/requests?page=1&limit=10[39m
[2026-07-17 01:08:50:850] [[35mhttp[39m]: [35mGET /api/v1/requests/analytics[39m
[2026-07-17 01:08:54:854] [[35mhttp[39m]: [35mGET /api/v1/requests/84c033c5-401a-4b0b-82b3-e8f019a070c9[39m
[2026-07-17 01:08:54:854] [[35mhttp[39m]: [35mGET /api/v1/requests/84c033c5-401a-4b0b-82b3-e8f019a070c9/comments[39m
[2026-07-17 01:08:54:854] [[35mhttp[39m]: [35mGET /api/v1/requests/84c033c5-401a-4b0b-82b3-e8f019a070c9/documents[39m
[2026-07-17 01:08:55:855] [[35mhttp[39m]: [35mGET /api/v1/requests/84c033c5-401a-4b0b-82b3-e8f019a070c9/documents[39m
[2026-07-17 01:08:55:855] [[35mhttp[39m]: [35mGET /api/v1/requests/84c033c5-401a-4b0b-82b3-e8f019a070c9[39m
[2026-07-17 01:08:55:855] [[35mhttp[39m]: [35mGET /api/v1/requests/84c033c5-401a-4b0b-82b3-e8f019a070c9/comments[39m
[2026-07-17 01:08:55:855] [[35mhttp[39m]: [35mGET /api/v1/notifications[39m
[2026-07-17 01:08:55:855] [[35mhttp[39m]: [35mGET /api/v1/notifications[39m
[2026-07-17 01:09:04:94] [[35mhttp[39m]: [35mPOST /api/v1/requests/84c033c5-401a-4b0b-82b3-e8f019a070c9/comments[39m
[2026-07-17 01:09:05:95] [[35mhttp[39m]: [35mGET /api/v1/requests/84c033c5-401a-4b0b-82b3-e8f019a070c9/comments[39m
[2026-07-17 01:09:05:95] [[35mhttp[39m]: [35mGET /api/v1/requests/84c033c5-401a-4b0b-82b3-e8f019a070c9[39m
[2026-07-17 01:09:05:95] [[35mhttp[39m]: [35mGET /api/v1/requests/84c033c5-401a-4b0b-82b3-e8f019a070c9/documents[39m
[2026-07-17 01:09:06:96] [[35mhttp[39m]: [35mGET /api/v1/notifications[39m
[2026-07-17 01:09:06:96] [[35mhttp[39m]: [35mGET /api/v1/notifications[39m
[2026-07-17 01:09:23:923] [[35mhttp[39m]: [35mGET /api/v1/notifications[39m
[2026-07-17 01:09:23:923] [[35mhttp[39m]: [35mGET /api/v1/requests?page=1&limit=10[39m
[2026-07-17 01:09:23:923] [[35mhttp[39m]: [35mGET /api/v1/requests/analytics[39m
[2026-07-17 01:09:24:924] [[35mhttp[39m]: [35mGET /api/v1/notifications[39m
[2026-07-17 01:09:24:924] [[35mhttp[39m]: [35mGET /api/v1/requests?page=1&limit=10[39m
[2026-07-17 01:09:24:924] [[35mhttp[39m]: [35mGET /api/v1/requests/analytics[39m
[2026-07-17 01:09:24:924] [[35mhttp[39m]: [35mGET /api/v1/requests?page=1&limit=10[39m
[2026-07-17 01:09:24:924] [[35mhttp[39m]: [35mGET /api/v1/requests/analytics[39m
[2026-07-17 01:09:29:929] [[35mhttp[39m]: [35mPOST /api/v1/auth/login[39m
[2026-07-17 01:09:29:929] [[35mhttp[39m]: [35mGET /api/v1/notifications[39m
[2026-07-17 01:09:29:929] [[35mhttp[39m]: [35mGET /api/v1/requests?page=1&limit=10[39m
[2026-07-17 01:09:29:929] [[35mhttp[39m]: [35mGET /api/v1/requests/analytics[39m
[2026-07-17 01:09:30:930] [[35mhttp[39m]: [35mGET /api/v1/notifications[39m
[2026-07-17 01:09:30:930] [[35mhttp[39m]: [35mGET /api/v1/requests/analytics[39m
[2026-07-17 01:09:30:930] [[35mhttp[39m]: [35mGET /api/v1/requests?page=1&limit=10[39m
[2026-07-17 01:09:30:930] [[35mhttp[39m]: [35mGET /api/v1/requests?page=1&limit=10[39m
[2026-07-17 01:09:30:930] [[35mhttp[39m]: [35mGET /api/v1/requests/analytics[39m
[2026-07-17 01:09:33:933] [[35mhttp[39m]: [35mGET /api/v1/requests/84c033c5-401a-4b0b-82b3-e8f019a070c9[39m
[2026-07-17 01:09:33:933] [[35mhttp[39m]: [35mGET /api/v1/requests/84c033c5-401a-4b0b-82b3-e8f019a070c9/comments[39m
[2026-07-17 01:09:33:933] [[35mhttp[39m]: [35mGET /api/v1/requests/84c033c5-401a-4b0b-82b3-e8f019a070c9/documents[39m
[2026-07-17 01:09:33:933] [[35mhttp[39m]: [35mGET /api/v1/requests/84c033c5-401a-4b0b-82b3-e8f019a070c9[39m
[2026-07-17 01:09:33:933] [[35mhttp[39m]: [35mGET /api/v1/requests/84c033c5-401a-4b0b-82b3-e8f019a070c9/comments[39m
[2026-07-17 01:09:33:933] [[35mhttp[39m]: [35mGET /api/v1/requests/84c033c5-401a-4b0b-82b3-e8f019a070c9/documents[39m
[2026-07-17 01:09:33:933] [[35mhttp[39m]: [35mGET /api/v1/notifications[39m
[2026-07-17 01:09:34:934] [[35mhttp[39m]: [35mGET /api/v1/notifications[39m
[2026-07-17 01:09:38:938] [[35mhttp[39m]: [35mGET /api/v1/notifications[39m
[2026-07-17 01:09:38:938] [[35mhttp[39m]: [35mGET /api/v1/requests?page=1&limit=10[39m
[2026-07-17 01:09:38:938] [[35mhttp[39m]: [35mGET /api/v1/requests/analytics[39m
[2026-07-17 01:09:38:938] [[35mhttp[39m]: [35mGET /api/v1/requests?page=1&limit=10[39m
[2026-07-17 01:09:38:938] [[35mhttp[39m]: [35mGET /api/v1/notifications[39m
[2026-07-17 01:09:38:938] [[35mhttp[39m]: [35mGET /api/v1/requests/analytics[39m
[2026-07-17 01:09:38:938] [[35mhttp[39m]: [35mGET /api/v1/requests/analytics[39m
[2026-07-17 01:09:38:938] [[35mhttp[39m]: [35mGET /api/v1/requests?page=1&limit=10[39m
[2026-07-17 01:09:41:941] [[35mhttp[39m]: [35mGET /api/v1/requests/84c033c5-401a-4b0b-82b3-e8f019a070c9[39m
[2026-07-17 01:09:41:941] [[35mhttp[39m]: [35mGET /api/v1/requests/84c033c5-401a-4b0b-82b3-e8f019a070c9/comments[39m
[2026-07-17 01:09:41:941] [[35mhttp[39m]: [35mGET /api/v1/requests/84c033c5-401a-4b0b-82b3-e8f019a070c9/documents[39m
[2026-07-17 01:09:42:942] [[35mhttp[39m]: [35mGET /api/v1/requests/84c033c5-401a-4b0b-82b3-e8f019a070c9/documents[39m
[2026-07-17 01:09:42:942] [[35mhttp[39m]: [35mGET /api/v1/requests/84c033c5-401a-4b0b-82b3-e8f019a070c9[39m
[2026-07-17 01:09:42:942] [[35mhttp[39m]: [35mGET /api/v1/requests/84c033c5-401a-4b0b-82b3-e8f019a070c9/comments[39m
[2026-07-17 01:09:42:942] [[35mhttp[39m]: [35mGET /api/v1/notifications[39m
[2026-07-17 01:09:42:942] [[35mhttp[39m]: [35mGET /api/v1/notifications[39m
[2026-07-17 01:09:48:948] [[35mhttp[39m]: [35mPOST /api/v1/auth/login[39m
[2026-07-17 01:09:48:948] [[35mhttp[39m]: [35mGET /api/v1/notifications[39m
[2026-07-17 01:09:48:948] [[35mhttp[39m]: [35mGET /api/v1/requests?page=1&limit=10[39m
[2026-07-17 01:09:48:948] [[35mhttp[39m]: [35mGET /api/v1/requests/analytics[39m
[2026-07-17 01:09:49:949] [[35mhttp[39m]: [35mGET /api/v1/requests?page=1&limit=10[39m
[2026-07-17 01:09:49:949] [[35mhttp[39m]: [35mGET /api/v1/requests/analytics[39m
[2026-07-17 01:09:49:949] [[35mhttp[39m]: [35mGET /api/v1/notifications[39m
[2026-07-17 01:09:49:949] [[35mhttp[39m]: [35mGET /api/v1/requests/analytics[39m
[2026-07-17 01:09:49:949] [[35mhttp[39m]: [35mGET /api/v1/requests?page=1&limit=10[39m
[2026-07-17 01:09:54:954] [[35mhttp[39m]: [35mGET /api/v1/requests/84c033c5-401a-4b0b-82b3-e8f019a070c9[39m
[2026-07-17 01:09:54:954] [[35mhttp[39m]: [35mGET /api/v1/requests/84c033c5-401a-4b0b-82b3-e8f019a070c9/comments[39m
[2026-07-17 01:09:54:954] [[35mhttp[39m]: [35mGET /api/v1/requests/84c033c5-401a-4b0b-82b3-e8f019a070c9/documents[39m
[2026-07-17 01:09:55:955] [[35mhttp[39m]: [35mGET /api/v1/requests/84c033c5-401a-4b0b-82b3-e8f019a070c9/comments[39m
[2026-07-17 01:09:55:955] [[35mhttp[39m]: [35mGET /api/v1/requests/84c033c5-401a-4b0b-82b3-e8f019a070c9[39m
[2026-07-17 01:09:55:955] [[35mhttp[39m]: [35mGET /api/v1/requests/84c033c5-401a-4b0b-82b3-e8f019a070c9/documents[39m
[2026-07-17 01:09:55:955] [[35mhttp[39m]: [35mGET /api/v1/notifications[39m
[2026-07-17 01:09:56:956] [[35mhttp[39m]: [35mGET /api/v1/notifications[39m
[2026-07-17 01:10:02:102] [[35mhttp[39m]: [35mGET /api/v1/notifications[39m
[2026-07-17 01:10:02:102] [[35mhttp[39m]: [35mGET /api/v1/requests?page=1&limit=10[39m
[2026-07-17 01:10:02:102] [[35mhttp[39m]: [35mGET /api/v1/requests/analytics[39m
[2026-07-17 01:10:02:102] [[35mhttp[39m]: [35mGET /api/v1/notifications[39m
[2026-07-17 01:10:02:102] [[35mhttp[39m]: [35mGET /api/v1/requests?page=1&limit=10[39m
[2026-07-17 01:10:02:102] [[35mhttp[39m]: [35mGET /api/v1/requests/analytics[39m
[2026-07-17 01:10:03:103] [[35mhttp[39m]: [35mGET /api/v1/requests/analytics[39m
[2026-07-17 01:10:03:103] [[35mhttp[39m]: [35mGET /api/v1/requests?page=1&limit=10[39m
[2026-07-17 13:43:49:4349] [[32minfo[39m]: [32mServer is running in development mode on port 5000[39m
[2026-07-17 13:51:16:5116] [[32minfo[39m]: [32mServer is running in development mode on port 5000[39m
[2026-07-17 13:52:39:5239] [[35mhttp[39m]: [35mPOST /api/v1/auth/login[39m
[2026-07-17 13:52:44:5244] [[31merror[39m]: [31m401 - Invalid email or password. - /api/v1/auth/login - POST - ::1[39m
[2026-07-17 13:52:44:5244] [[31merror[39m]: [31mError: Invalid email or password.[39m
[31m    at <anonymous> (C:\Users\vimal\OneDrive\Jubilee hospital demo\mediflow-core\server\src\routes\auth.ts:25:19)[39m
[2026-07-17 13:52:49:5249] [[35mhttp[39m]: [35mPOST /api/v1/auth/login[39m
[2026-07-17 13:52:51:5251] [[35mhttp[39m]: [35mGET /api/v1/notifications[39m
[2026-07-17 13:52:51:5251] [[35mhttp[39m]: [35mGET /api/v1/requests?page=1&limit=10[39m
[2026-07-17 13:52:51:5251] [[35mhttp[39m]: [35mGET /api/v1/requests/analytics[39m
[2026-07-17 13:52:52:5252] [[35mhttp[39m]: [35mGET /api/v1/notifications[39m
[2026-07-17 13:52:54:5254] [[35mhttp[39m]: [35mGET /api/v1/requests/analytics[39m
[2026-07-17 13:52:54:5254] [[35mhttp[39m]: [35mGET /api/v1/requests?page=1&limit=10[39m
[2026-07-17 13:52:55:5255] [[35mhttp[39m]: [35mGET /api/v1/requests/analytics[39m
[2026-07-17 13:52:55:5255] [[35mhttp[39m]: [35mGET /api/v1/requests?page=1&limit=10[39m
[2026-07-17 13:53:10:5310] [[35mhttp[39m]: [35mGET /api/v1/requests/84c033c5-401a-4b0b-82b3-e8f019a070c9[39m
[2026-07-17 13:53:10:5310] [[35mhttp[39m]: [35mGET /api/v1/requests/84c033c5-401a-4b0b-82b3-e8f019a070c9/comments[39m
[2026-07-17 13:53:10:5310] [[35mhttp[39m]: [35mGET /api/v1/requests/84c033c5-401a-4b0b-82b3-e8f019a070c9/documents[39m
[2026-07-17 13:53:13:5313] [[35mhttp[39m]: [35mGET /api/v1/requests/84c033c5-401a-4b0b-82b3-e8f019a070c9/comments[39m
[2026-07-17 13:53:13:5313] [[35mhttp[39m]: [35mGET /api/v1/requests/84c033c5-401a-4b0b-82b3-e8f019a070c9[39m
[2026-07-17 13:53:13:5313] [[35mhttp[39m]: [35mGET /api/v1/requests/84c033c5-401a-4b0b-82b3-e8f019a070c9/documents[39m
[2026-07-17 13:53:13:5313] [[35mhttp[39m]: [35mGET /api/v1/notifications[39m
[2026-07-17 13:53:14:5314] [[35mhttp[39m]: [35mGET /api/v1/notifications[39m
[2026-07-17 13:53:34:5334] [[35mhttp[39m]: [35mPOST /api/v1/auth/login[39m
[2026-07-17 13:53:36:5336] [[35mhttp[39m]: [35mGET /api/v1/notifications[39m
[2026-07-17 13:53:36:5336] [[35mhttp[39m]: [35mGET /api/v1/requests?page=1&limit=10[39m
[2026-07-17 13:53:36:5336] [[35mhttp[39m]: [35mGET /api/v1/requests/analytics[39m
[2026-07-17 13:53:37:5337] [[35mhttp[39m]: [35mGET /api/v1/notifications[39m
[2026-07-17 13:53:38:5338] [[35mhttp[39m]: [35mGET /api/v1/requests/analytics[39m
[2026-07-17 13:53:38:5338] [[35mhttp[39m]: [35mGET /api/v1/requests?page=1&limit=10[39m
[2026-07-17 13:53:39:5339] [[35mhttp[39m]: [35mGET /api/v1/requests/analytics[39m
[2026-07-17 13:53:39:5339] [[35mhttp[39m]: [35mGET /api/v1/requests?page=1&limit=10[39m
[2026-07-17 13:53:57:5357] [[35mhttp[39m]: [35mPOST /api/v1/requests[39m
[2026-07-17 13:54:01:541] [[35mhttp[39m]: [35mGET /api/v1/notifications[39m
[2026-07-17 13:54:01:541] [[35mhttp[39m]: [35mGET /api/v1/requests?page=1&limit=10[39m
[2026-07-17 13:54:01:541] [[35mhttp[39m]: [35mGET /api/v1/requests/analytics[39m
[2026-07-17 13:54:01:541] [[35mhttp[39m]: [35mGET /api/v1/notifications[39m
[2026-07-17 13:54:04:544] [[35mhttp[39m]: [35mGET /api/v1/requests?page=1&limit=10[39m
[2026-07-17 13:54:04:544] [[35mhttp[39m]: [35mGET /api/v1/requests/analytics[39m
[2026-07-17 13:54:04:544] [[35mhttp[39m]: [35mGET /api/v1/requests/analytics[39m
[2026-07-17 13:54:04:544] [[35mhttp[39m]: [35mGET /api/v1/requests?page=1&limit=10[39m
[2026-07-17 13:54:06:546] [[35mhttp[39m]: [35mGET /api/v1/requests/646f7384-47b0-438a-8c2f-0037999fbaf9[39m
[2026-07-17 13:54:06:546] [[35mhttp[39m]: [35mGET /api/v1/requests/646f7384-47b0-438a-8c2f-0037999fbaf9/comments[39m
[2026-07-17 13:54:06:546] [[35mhttp[39m]: [35mGET /api/v1/requests/646f7384-47b0-438a-8c2f-0037999fbaf9/documents[39m
[2026-07-17 13:54:07:547] [[35mhttp[39m]: [35mGET /api/v1/requests/646f7384-47b0-438a-8c2f-0037999fbaf9/documents[39m
[2026-07-17 13:54:08:548] [[35mhttp[39m]: [35mGET /api/v1/requests/646f7384-47b0-438a-8c2f-0037999fbaf9[39m
[2026-07-17 13:54:08:548] [[35mhttp[39m]: [35mGET /api/v1/requests/646f7384-47b0-438a-8c2f-0037999fbaf9/comments[39m
[2026-07-17 13:54:08:548] [[35mhttp[39m]: [35mGET /api/v1/notifications[39m
[2026-07-17 13:54:09:549] [[35mhttp[39m]: [35mGET /api/v1/notifications[39m
[2026-07-17 13:54:10:5410] [[35mhttp[39m]: [35mPOST /api/v1/requests/646f7384-47b0-438a-8c2f-0037999fbaf9/submit[39m
[2026-07-17 13:54:13:5413] [[35mhttp[39m]: [35mGET /api/v1/requests/646f7384-47b0-438a-8c2f-0037999fbaf9[39m
[2026-07-17 13:54:13:5413] [[35mhttp[39m]: [35mGET /api/v1/requests/646f7384-47b0-438a-8c2f-0037999fbaf9/comments[39m
[2026-07-17 13:54:13:5413] [[35mhttp[39m]: [35mGET /api/v1/requests/646f7384-47b0-438a-8c2f-0037999fbaf9/documents[39m
[2026-07-17 13:54:14:5414] [[35mhttp[39m]: [35mGET /api/v1/notifications[39m
[2026-07-17 13:54:15:5415] [[35mhttp[39m]: [35mGET /api/v1/notifications[39m
[2026-07-17 13:55:12:5512] [[35mhttp[39m]: [35mPOST /api/v1/auth/login[39m
[2026-07-17 13:55:13:5513] [[35mhttp[39m]: [35mGET /api/v1/notifications[39m
[2026-07-17 13:55:13:5513] [[35mhttp[39m]: [35mGET /api/v1/requests?page=1&limit=10[39m
[2026-07-17 13:55:13:5513] [[35mhttp[39m]: [35mGET /api/v1/requests/analytics[39m
[2026-07-17 13:55:14:5514] [[35mhttp[39m]: [35mGET /api/v1/notifications[39m
[2026-07-17 13:55:16:5516] [[35mhttp[39m]: [35mGET /api/v1/requests/analytics[39m
[2026-07-17 13:55:16:5516] [[35mhttp[39m]: [35mGET /api/v1/requests?page=1&limit=10[39m
[2026-07-17 13:55:17:5517] [[35mhttp[39m]: [35mGET /api/v1/requests/analytics[39m
[2026-07-17 13:55:17:5517] [[35mhttp[39m]: [35mGET /api/v1/requests?page=1&limit=10[39m
[2026-07-17 13:55:25:5525] [[35mhttp[39m]: [35mGET /api/v1/requests/646f7384-47b0-438a-8c2f-0037999fbaf9[39m
[2026-07-17 13:55:25:5525] [[35mhttp[39m]: [35mGET /api/v1/requests/646f7384-47b0-438a-8c2f-0037999fbaf9/comments[39m
[2026-07-17 13:55:25:5525] [[35mhttp[39m]: [35mGET /api/v1/requests/646f7384-47b0-438a-8c2f-0037999fbaf9/documents[39m
[2026-07-17 13:55:27:5527] [[35mhttp[39m]: [35mGET /api/v1/requests/646f7384-47b0-438a-8c2f-0037999fbaf9[39m
[2026-07-17 13:55:27:5527] [[35mhttp[39m]: [35mGET /api/v1/requests/646f7384-47b0-438a-8c2f-0037999fbaf9/documents[39m
[2026-07-17 13:55:27:5527] [[35mhttp[39m]: [35mGET /api/v1/requests/646f7384-47b0-438a-8c2f-0037999fbaf9/comments[39m
[2026-07-17 13:55:27:5527] [[35mhttp[39m]: [35mGET /api/v1/notifications[39m
[2026-07-17 13:55:28:5528] [[35mhttp[39m]: [35mGET /api/v1/notifications[39m
[2026-07-17 13:55:39:5539] [[35mhttp[39m]: [35mPOST /api/v1/requests/646f7384-47b0-438a-8c2f-0037999fbaf9/approve[39m
[2026-07-17 13:55:43:5543] [[35mhttp[39m]: [35mGET /api/v1/requests/646f7384-47b0-438a-8c2f-0037999fbaf9[39m
[2026-07-17 13:55:43:5543] [[35mhttp[39m]: [35mGET /api/v1/requests/646f7384-47b0-438a-8c2f-0037999fbaf9/comments[39m
[2026-07-17 13:55:43:5543] [[35mhttp[39m]: [35mGET /api/v1/requests/646f7384-47b0-438a-8c2f-0037999fbaf9/documents[39m
[2026-07-17 13:55:44:5544] [[31merror[39m]: [31m403 - You are not allowed to view this request. - /api/v1/requests/646f7384-47b0-438a-8c2f-0037999fbaf9 - GET - ::1[39m
[2026-07-17 13:55:44:5544] [[31merror[39m]: [31mError: You are not allowed to view this request.[39m
[31m    at RequestService.getRequestById (C:\Users\vimal\OneDrive\Jubilee hospital demo\mediflow-core\server\src\request\request.service.ts:233:13)[39m
[31m    at process.processTicksAndRejections (node:internal/process/task_queues:103:5)[39m
[31m    at async <anonymous> (C:\Users\vimal\OneDrive\Jubilee hospital demo\mediflow-core\server\src\controllers\request.controller.ts:59:18)[39m
[2026-07-17 13:55:45:5545] [[31merror[39m]: [31m403 - You are not allowed to view this request. - /api/v1/requests/646f7384-47b0-438a-8c2f-0037999fbaf9/comments - GET - ::1[39m
[2026-07-17 13:55:45:5545] [[31merror[39m]: [31mError: You are not allowed to view this request.[39m
[31m    at RequestService.getRequestById (C:\Users\vimal\OneDrive\Jubilee hospital demo\mediflow-core\server\src\request\request.service.ts:233:13)[39m
[31m    at process.processTicksAndRejections (node:internal/process/task_queues:103:5)[39m
[31m    at async RequestService.getComments (C:\Users\vimal\OneDrive\Jubilee hospital demo\mediflow-core\server\src\request\request.service.ts:362:5)[39m
[31m    at async <anonymous> (C:\Users\vimal\OneDrive\Jubilee hospital demo\mediflow-core\server\src\controllers\request.controller.ts:130:20)[39m
[2026-07-17 13:55:45:5545] [[31merror[39m]: [31m403 - You are not allowed to view this request. - /api/v1/requests/646f7384-47b0-438a-8c2f-0037999fbaf9/documents - GET - ::1[39m
[2026-07-17 13:55:45:5545] [[31merror[39m]: [31mError: You are not allowed to view this request.[39m
[31m    at RequestService.getRequestById (C:\Users\vimal\OneDrive\Jubilee hospital demo\mediflow-core\server\src\request\request.service.ts:233:13)[39m
[31m    at process.processTicksAndRejections (node:internal/process/task_queues:103:5)[39m
[31m    at async RequestService.getDocuments (C:\Users\vimal\OneDrive\Jubilee hospital demo\mediflow-core\server\src\request\request.service.ts:384:5)[39m
[31m    at async <anonymous> (C:\Users\vimal\OneDrive\Jubilee hospital demo\mediflow-core\server\src\controllers\request.controller.ts:136:21)[39m
[2026-07-17 13:55:46:5546] [[35mhttp[39m]: [35mGET /api/v1/notifications[39m
[2026-07-17 13:55:46:5546] [[35mhttp[39m]: [35mGET /api/v1/requests?page=1&limit=10[39m
[2026-07-17 13:55:46:5546] [[35mhttp[39m]: [35mGET /api/v1/requests/analytics[39m
[2026-07-17 13:55:47:5547] [[35mhttp[39m]: [35mGET /api/v1/notifications[39m
[2026-07-17 13:55:47:5547] [[35mhttp[39m]: [35mGET /api/v1/requests/analytics[39m
[2026-07-17 13:55:47:5547] [[35mhttp[39m]: [35mGET /api/v1/requests?page=1&limit=10[39m
[2026-07-17 13:55:47:5547] [[35mhttp[39m]: [35mGET /api/v1/requests/analytics[39m
[2026-07-17 13:55:48:5548] [[35mhttp[39m]: [35mGET /api/v1/requests?page=1&limit=10[39m
[2026-07-17 13:55:58:5558] [[35mhttp[39m]: [35mPOST /api/v1/auth/login[39m
[2026-07-17 13:55:58:5558] [[35mhttp[39m]: [35mGET /api/v1/notifications[39m
[2026-07-17 13:55:58:5558] [[35mhttp[39m]: [35mGET /api/v1/requests/analytics[39m
[2026-07-17 13:55:58:5558] [[35mhttp[39m]: [35mGET /api/v1/requests?page=1&limit=10[39m
[2026-07-17 13:55:59:5559] [[35mhttp[39m]: [35mGET /api/v1/notifications[39m
[2026-07-17 13:55:59:5559] [[35mhttp[39m]: [35mGET /api/v1/requests/analytics[39m
[2026-07-17 13:55:59:5559] [[35mhttp[39m]: [35mGET /api/v1/requests?page=1&limit=10[39m
[2026-07-17 13:55:59:5559] [[35mhttp[39m]: [35mGET /api/v1/requests/analytics[39m
[2026-07-17 13:56:00:560] [[35mhttp[39m]: [35mGET /api/v1/requests?page=1&limit=10[39m
[2026-07-17 13:56:01:561] [[35mhttp[39m]: [35mGET /api/v1/requests/646f7384-47b0-438a-8c2f-0037999fbaf9[39m
[2026-07-17 13:56:01:561] [[35mhttp[39m]: [35mGET /api/v1/requests/646f7384-47b0-438a-8c2f-0037999fbaf9/comments[39m
[2026-07-17 13:56:01:561] [[35mhttp[39m]: [35mGET /api/v1/requests/646f7384-47b0-438a-8c2f-0037999fbaf9/documents[39m
[2026-07-17 13:56:03:563] [[35mhttp[39m]: [35mGET /api/v1/requests/646f7384-47b0-438a-8c2f-0037999fbaf9[39m
[2026-07-17 13:56:03:563] [[35mhttp[39m]: [35mGET /api/v1/requests/646f7384-47b0-438a-8c2f-0037999fbaf9/comments[39m
[2026-07-17 13:56:03:563] [[35mhttp[39m]: [35mGET /api/v1/requests/646f7384-47b0-438a-8c2f-0037999fbaf9/documents[39m
[2026-07-17 13:56:03:563] [[35mhttp[39m]: [35mGET /api/v1/notifications[39m
[2026-07-17 13:56:04:564] [[35mhttp[39m]: [35mGET /api/v1/notifications[39m
[2026-07-17 13:56:31:5631] [[35mhttp[39m]: [35mPOST /api/v1/auth/login[39m
[2026-07-17 13:56:37:5637] [[35mhttp[39m]: [35mGET /api/v1/requests?page=1&limit=10[39m
[2026-07-17 13:56:37:5637] [[35mhttp[39m]: [35mGET /api/v1/notifications[39m
[2026-07-17 13:56:37:5637] [[35mhttp[39m]: [35mGET /api/v1/requests/analytics[39m
[2026-07-17 13:56:39:5639] [[35mhttp[39m]: [35mGET /api/v1/requests?page=1&limit=10[39m
[2026-07-17 13:56:39:5639] [[35mhttp[39m]: [35mGET /api/v1/notifications[39m
[2026-07-17 13:56:39:5639] [[35mhttp[39m]: [35mGET /api/v1/requests/analytics[39m
[2026-07-17 13:56:39:5639] [[35mhttp[39m]: [35mGET /api/v1/requests?page=1&limit=10[39m
[2026-07-17 13:56:40:5640] [[35mhttp[39m]: [35mGET /api/v1/requests/analytics[39m
[2026-07-17 13:56:50:5650] [[35mhttp[39m]: [35mGET /api/v1/requests/646f7384-47b0-438a-8c2f-0037999fbaf9/comments[39m
[2026-07-17 13:56:50:5650] [[35mhttp[39m]: [35mGET /api/v1/requests/646f7384-47b0-438a-8c2f-0037999fbaf9[39m
[2026-07-17 13:56:50:5650] [[35mhttp[39m]: [35mGET /api/v1/requests/646f7384-47b0-438a-8c2f-0037999fbaf9/documents[39m
[2026-07-17 13:56:54:5654] [[35mhttp[39m]: [35mGET /api/v1/requests/646f7384-47b0-438a-8c2f-0037999fbaf9[39m
[2026-07-17 13:56:55:5655] [[35mhttp[39m]: [35mGET /api/v1/requests/646f7384-47b0-438a-8c2f-0037999fbaf9/comments[39m
[2026-07-17 13:56:55:5655] [[35mhttp[39m]: [35mGET /api/v1/requests/646f7384-47b0-438a-8c2f-0037999fbaf9/documents[39m
[2026-07-17 13:56:55:5655] [[35mhttp[39m]: [35mGET /api/v1/notifications[39m
[2026-07-17 13:56:56:5656] [[35mhttp[39m]: [35mGET /api/v1/notifications[39m
[2026-07-17 13:57:15:5715] [[35mhttp[39m]: [35mPOST /api/v1/requests/646f7384-47b0-438a-8c2f-0037999fbaf9/approve[39m
[2026-07-17 13:57:19:5719] [[35mhttp[39m]: [35mGET /api/v1/requests/646f7384-47b0-438a-8c2f-0037999fbaf9/comments[39m
[2026-07-17 13:57:19:5719] [[35mhttp[39m]: [35mGET /api/v1/requests/646f7384-47b0-438a-8c2f-0037999fbaf9[39m
[2026-07-17 13:57:19:5719] [[35mhttp[39m]: [35mGET /api/v1/requests/646f7384-47b0-438a-8c2f-0037999fbaf9/documents[39m
[2026-07-17 13:57:21:5721] [[31merror[39m]: [31m403 - You are not allowed to view this request. - /api/v1/requests/646f7384-47b0-438a-8c2f-0037999fbaf9/documents - GET - ::1[39m
[2026-07-17 13:57:21:5721] [[31merror[39m]: [31mError: You are not allowed to view this request.[39m
[31m    at RequestService.getRequestById (C:\Users\vimal\OneDrive\Jubilee hospital demo\mediflow-core\server\src\request\request.service.ts:233:13)[39m
[31m    at process.processTicksAndRejections (node:internal/process/task_queues:103:5)[39m
[31m    at async RequestService.getDocuments (C:\Users\vimal\OneDrive\Jubilee hospital demo\mediflow-core\server\src\request\request.service.ts:384:5)[39m
[31m    at async <anonymous> (C:\Users\vimal\OneDrive\Jubilee hospital demo\mediflow-core\server\src\controllers\request.controller.ts:136:21)[39m
[2026-07-17 13:57:22:5722] [[31merror[39m]: [31m403 - You are not allowed to view this request. - /api/v1/requests/646f7384-47b0-438a-8c2f-0037999fbaf9 - GET - ::1[39m
[2026-07-17 13:57:22:5722] [[31merror[39m]: [31mError: You are not allowed to view this request.[39m
[31m    at RequestService.getRequestById (C:\Users\vimal\OneDrive\Jubilee hospital demo\mediflow-core\server\src\request\request.service.ts:233:13)[39m
[31m    at process.processTicksAndRejections (node:internal/process/task_queues:103:5)[39m
[31m    at async <anonymous> (C:\Users\vimal\OneDrive\Jubilee hospital demo\mediflow-core\server\src\controllers\request.controller.ts:59:18)[39m
[2026-07-17 13:57:22:5722] [[31merror[39m]: [31m403 - You are not allowed to view this request. - /api/v1/requests/646f7384-47b0-438a-8c2f-0037999fbaf9/comments - GET - ::1[39m
[2026-07-17 13:57:22:5722] [[31merror[39m]: [31mError: You are not allowed to view this request.[39m
[31m    at RequestService.getRequestById (C:\Users\vimal\OneDrive\Jubilee hospital demo\mediflow-core\server\src\request\request.service.ts:233:13)[39m
[31m    at process.processTicksAndRejections (node:internal/process/task_queues:103:5)[39m
[31m    at async RequestService.getComments (C:\Users\vimal\OneDrive\Jubilee hospital demo\mediflow-core\server\src\request\request.service.ts:362:5)[39m
[31m    at async <anonymous> (C:\Users\vimal\OneDrive\Jubilee hospital demo\mediflow-core\server\src\controllers\request.controller.ts:130:20)[39m
[2026-07-17 13:57:23:5723] [[35mhttp[39m]: [35mGET /api/v1/notifications[39m
[2026-07-17 13:57:23:5723] [[35mhttp[39m]: [35mGET /api/v1/requests?page=1&limit=10[39m
[2026-07-17 13:57:23:5723] [[35mhttp[39m]: [35mGET /api/v1/requests/analytics[39m
[2026-07-17 13:57:25:5725] [[35mhttp[39m]: [35mGET /api/v1/notifications[39m
[2026-07-17 13:57:25:5725] [[35mhttp[39m]: [35mGET /api/v1/requests?page=1&limit=10[39m
[2026-07-17 13:57:25:5725] [[35mhttp[39m]: [35mGET /api/v1/requests/analytics[39m
[2026-07-17 13:57:25:5725] [[35mhttp[39m]: [35mGET /api/v1/requests?page=1&limit=10[39m
[2026-07-17 13:57:25:5725] [[35mhttp[39m]: [35mGET /api/v1/requests/analytics[39m
[2026-07-17 13:57:30:5730] [[35mhttp[39m]: [35mPOST /api/v1/auth/login[39m
[2026-07-17 13:57:31:5731] [[35mhttp[39m]: [35mGET /api/v1/notifications[39m
[2026-07-17 13:57:31:5731] [[35mhttp[39m]: [35mGET /api/v1/requests?page=1&limit=10[39m
[2026-07-17 13:57:31:5731] [[35mhttp[39m]: [35mGET /api/v1/requests/analytics[39m
[2026-07-17 13:57:32:5732] [[35mhttp[39m]: [35mGET /api/v1/notifications[39m
[2026-07-17 13:57:34:5734] [[35mhttp[39m]: [35mGET /api/v1/requests/analytics[39m
[2026-07-17 13:57:34:5734] [[35mhttp[39m]: [35mGET /api/v1/requests?page=1&limit=10[39m
[2026-07-17 13:57:35:5735] [[35mhttp[39m]: [35mGET /api/v1/requests?page=1&limit=10[39m
[2026-07-17 13:57:35:5735] [[35mhttp[39m]: [35mGET /api/v1/requests/analytics[39m
[2026-07-17 13:58:01:581] [[35mhttp[39m]: [35mGET /api/v1/notifications[39m
[2026-07-17 13:58:26:5826] [[35mhttp[39m]: [35mGET /api/v1/requests/646f7384-47b0-438a-8c2f-0037999fbaf9[39m
[2026-07-17 13:58:26:5826] [[35mhttp[39m]: [35mGET /api/v1/requests/646f7384-47b0-438a-8c2f-0037999fbaf9/comments[39m
[2026-07-17 13:58:26:5826] [[35mhttp[39m]: [35mGET /api/v1/requests/646f7384-47b0-438a-8c2f-0037999fbaf9/documents[39m
[2026-07-17 13:58:46:5846] [[35mhttp[39m]: [35mGET /api/v1/requests/646f7384-47b0-438a-8c2f-0037999fbaf9[39m
[2026-07-17 13:58:46:5846] [[35mhttp[39m]: [35mGET /api/v1/requests/646f7384-47b0-438a-8c2f-0037999fbaf9/comments[39m
[2026-07-17 13:58:46:5846] [[35mhttp[39m]: [35mGET /api/v1/requests/646f7384-47b0-438a-8c2f-0037999fbaf9/documents[39m
[2026-07-17 13:58:49:5849] [[35mhttp[39m]: [35mGET /api/v1/notifications[39m
[2026-07-17 13:58:51:5851] [[35mhttp[39m]: [35mGET /api/v1/notifications[39m
[2026-07-17 13:59:03:593] [[35mhttp[39m]: [35mGET /api/v1/notifications[39m
[2026-07-17 13:59:03:593] [[35mhttp[39m]: [35mGET /api/v1/requests?page=1&limit=10[39m
[2026-07-17 13:59:03:593] [[35mhttp[39m]: [35mGET /api/v1/requests/analytics[39m
[2026-07-17 13:59:05:595] [[35mhttp[39m]: [35mGET /api/v1/requests/analytics[39m
[2026-07-17 13:59:05:595] [[35mhttp[39m]: [35mGET /api/v1/requests?page=1&limit=10[39m
[2026-07-17 13:59:05:595] [[35mhttp[39m]: [35mGET /api/v1/notifications[39m
[2026-07-17 13:59:05:595] [[35mhttp[39m]: [35mGET /api/v1/requests?page=1&limit=10[39m
[2026-07-17 13:59:05:595] [[35mhttp[39m]: [35mGET /api/v1/requests/analytics[39m
[2026-07-17 13:59:21:5921] [[35mhttp[39m]: [35mGET /api/v1/requests?search=m&page=1&limit=10[39m
[2026-07-17 13:59:21:5921] [[35mhttp[39m]: [35mGET /api/v1/requests/analytics[39m
[2026-07-17 13:59:22:5922] [[35mhttp[39m]: [35mGET /api/v1/requests?search=ma&page=1&limit=10[39m
[2026-07-17 13:59:26:5926] [[35mhttp[39m]: [35mGET /api/v1/requests?page=1&limit=10[39m
[2026-07-17 13:59:33:5933] [[35mhttp[39m]: [35mGET /api/v1/notifications[39m
[2026-07-17 13:59:37:5937] [[35mhttp[39m]: [35mGET /api/v1/requests/analytics[39m
[2026-07-17 13:59:38:5938] [[35mhttp[39m]: [35mGET /api/v1/requests/analytics[39m
[2026-07-17 14:00:03:03] [[35mhttp[39m]: [35mGET /api/v1/notifications[39m
[2026-07-17 14:00:25:025] [[35mhttp[39m]: [35mGET /api/v1/users[39m
[2026-07-17 14:00:27:027] [[35mhttp[39m]: [35mGET /api/v1/users[39m
[2026-07-17 14:00:33:033] [[35mhttp[39m]: [35mGET /api/v1/notifications[39m
[2026-07-17 14:00:33:033] [[35mhttp[39m]: [35mGET /api/v1/requests?page=1&limit=10[39m
[2026-07-17 14:00:33:033] [[35mhttp[39m]: [35mGET /api/v1/requests/analytics[39m
[2026-07-17 14:00:35:035] [[35mhttp[39m]: [35mGET /api/v1/notifications[39m
[2026-07-17 14:00:37:037] [[35mhttp[39m]: [35mGET /api/v1/requests?page=1&limit=10[39m
[2026-07-17 14:00:37:037] [[35mhttp[39m]: [35mGET /api/v1/requests/analytics[39m
[2026-07-17 14:00:38:038] [[35mhttp[39m]: [35mGET /api/v1/departments[39m
[2026-07-17 14:00:38:038] [[35mhttp[39m]: [35mGET /api/v1/requests?page=1&limit=10[39m
[2026-07-17 14:00:38:038] [[35mhttp[39m]: [35mGET /api/v1/requests/analytics[39m
[2026-07-17 14:00:39:039] [[35mhttp[39m]: [35mGET /api/v1/departments[39m
[2026-07-17 14:01:50:150] [[35mhttp[39m]: [35mGET /api/v1/notifications[39m
[2026-07-17 14:01:50:150] [[35mhttp[39m]: [35mGET /api/v1/requests?page=1&limit=10[39m
[2026-07-17 14:01:50:150] [[35mhttp[39m]: [35mGET /api/v1/requests/analytics[39m
[2026-07-17 14:01:52:152] [[35mhttp[39m]: [35mGET /api/v1/departments[39m
[2026-07-17 14:02:10:210] [[35mhttp[39m]: [35mGET /api/v1/notifications[39m
[2026-07-17 14:02:10:210] [[35mhttp[39m]: [35mGET /api/v1/requests?page=1&limit=10[39m
[2026-07-17 14:02:20:220] [[31merror[39m]: [31m401 - Please sign in again to verify your identity. - /api/v1/requests/analytics - GET - ::1[39m
[2026-07-17 14:02:20:220] [[31merror[39m]: [31mError: Please sign in again to verify your identity.[39m
[31m    at requireAuth (C:\Users\vimal\OneDrive\Jubilee hospital demo\mediflow-core\server\src\middleware\auth.ts:62:17)[39m
[31m    at process.processTicksAndRejections (node:internal/process/task_queues:103:5)[39m
[2026-07-17 14:02:21:221] [[31merror[39m]: [31m401 - Please sign in again to verify your identity. - /api/v1/requests?page=1&limit=10 - GET - ::1[39m
[2026-07-17 14:02:21:221] [[31merror[39m]: [31mError: Please sign in again to verify your identity.[39m
[31m    at requireAuth (C:\Users\vimal\OneDrive\Jubilee hospital demo\mediflow-core\server\src\middleware\auth.ts:62:17)[39m
[31m    at process.processTicksAndRejections (node:internal/process/task_queues:103:5)[39m
[2026-07-17 14:02:21:221] [[31merror[39m]: [31m401 - Please sign in again to verify your identity. - /api/v1/notifications - GET - ::1[39m
[2026-07-17 14:02:21:221] [[31merror[39m]: [31mError: Please sign in again to verify your identity.[39m
[31m    at requireAuth (C:\Users\vimal\OneDrive\Jubilee hospital demo\mediflow-core\server\src\middleware\auth.ts:62:17)[39m
[31m    at process.processTicksAndRejections (node:internal/process/task_queues:103:5)[39m
[2026-07-17 14:02:21:221] [[31merror[39m]: [31m401 - Please sign in again to verify your identity. - /api/v1/departments - GET - ::1[39m
[2026-07-17 14:02:21:221] [[31merror[39m]: [31mError: Please sign in again to verify your identity.[39m
[31m    at requireAuth (C:\Users\vimal\OneDrive\Jubilee hospital demo\mediflow-core\server\src\middleware\auth.ts:62:17)[39m
[31m    at process.processTicksAndRejections (node:internal/process/task_queues:103:5)[39m
[2026-07-17 14:02:21:221] [[35mhttp[39m]: [35mGET /api/v1/departments[39m
[2026-07-17 14:02:21:221] [[31merror[39m]: [31m401 - Please sign in again to verify your identity. - /api/v1/departments - GET - ::1[39m
[2026-07-17 14:02:21:221] [[31merror[39m]: [31mError: Please sign in again to verify your identity.[39m
[31m    at requireAuth (C:\Users\vimal\OneDrive\Jubilee hospital demo\mediflow-core\server\src\middleware\auth.ts:62:17)[39m
[31m    at process.processTicksAndRejections (node:internal/process/task_queues:103:5)[39m
[2026-07-17 14:02:32:232] [[31merror[39m]: [31m401 - Please sign in again to verify your identity. - /api/v1/notifications - GET - undefined[39m
[2026-07-17 14:02:32:232] [[31merror[39m]: [31mError: Please sign in again to verify your identity.[39m
[31m    at requireAuth (C:\Users\vimal\OneDrive\Jubilee hospital demo\mediflow-core\server\src\middleware\auth.ts:62:17)[39m
[31m    at process.processTicksAndRejections (node:internal/process/task_queues:103:5)[39m
[2026-07-17 14:02:32:232] [[31merror[39m]: [31m401 - Please sign in again to verify your identity. - /api/v1/requests?page=1&limit=10 - GET - undefined[39m
[2026-07-17 14:02:32:232] [[31merror[39m]: [31mError: Please sign in again to verify your identity.[39m
[31m    at requireAuth (C:\Users\vimal\OneDrive\Jubilee hospital demo\mediflow-core\server\src\middleware\auth.ts:62:17)[39m
[31m    at process.processTicksAndRejections (node:internal/process/task_queues:103:5)[39m
