[2026-07-13 13:29:03:293] [[31merror[39m]: [31m500 - Database connection failed - /api/v1/health - GET - ::1[39m
[2026-07-13 13:29:03:293] [[31merror[39m]: [31mError: Database connection failed[39m
[31m    at <anonymous> (C:\Users\vimal\OneDrive\Jubilee hospital demo\mediflow-core\server\src\app.ts:38:10)[39m
[31m    at process.processTicksAndRejections (node:internal/process/task_queues:103:5)[39m
[2026-07-13 14:23:03:233] [[31merror[39m]: [31m404 - Can't find /api/v1/requests on this server! - /api/v1/requests - POST - ::ffff:127.0.0.1[39m
[2026-07-13 14:23:03:233] [[31merror[39m]: [31m404 - Can't find /api/v1/requests on this server! - /api/v1/requests - POST - ::ffff:127.0.0.1[39m
[2026-07-13 14:23:03:233] [[31merror[39m]: [31m404 - Can't find /api/v1/requests on this server! - /api/v1/requests - POST - ::ffff:127.0.0.1[39m
[2026-07-13 14:23:03:233] [[31merror[39m]: [31m404 - Can't find /api/v1/requests on this server! - /api/v1/requests - POST - ::ffff:127.0.0.1[39m
[2026-07-13 14:26:44:2644] [[31merror[39m]: [31m404 - Can't find /api/v1/requests on this server! - /api/v1/requests - POST - ::ffff:127.0.0.1[39m
[2026-07-13 14:26:44:2644] [[31merror[39m]: [31m404 - Can't find /api/v1/requests on this server! - /api/v1/requests - POST - ::ffff:127.0.0.1[39m
[2026-07-13 14:26:44:2644] [[31merror[39m]: [31m404 - Can't find /api/v1/requests on this server! - /api/v1/requests - POST - ::ffff:127.0.0.1[39m
[2026-07-13 14:26:45:2645] [[31merror[39m]: [31m404 - Can't find /api/v1/requests on this server! - /api/v1/requests - POST - ::ffff:127.0.0.1[39m
[2026-07-13 14:27:20:2720] [[31merror[39m]: [31m500 - [39m
[31mInvalid `prisma.request.create()` invocation in[39m
[31mC:/Users/vimal/OneDrive/Jubilee hospital demo/mediflow-core/server/src/request/request.service.ts:22:45[39m

[31m  19  */[39m
[31m  20 static async createRequest(data: any, actor: AuthUser): Promise<Request> {[39m
[31m  21   // Basic ownership: the creator becomes the requester[39m
[31m→ 22   const newRequest = await prisma.request.create({[39m
[31m         data: {[39m
[31m           title: "Stationery Order",[39m
[31m           type: "PURCHASE",[39m
[31m           details: {[39m
[31m             estimatedCost: 2000[39m
[31m           },[39m
[31m           requestedById: "5a12eef9-2bdd-485f-b56f-64929807c544",[39m
[31m           status: "DRAFT",[39m
[31m       +   referenceNumber: String[39m
[31m         }[39m
[31m       })[39m

[31mArgument `referenceNumber` is missing. - /api/v1/requests - POST - ::ffff:127.0.0.1[39m
[2026-07-13 14:27:21:2721] [[31merror[39m]: [31m500 - [39m
[31mInvalid `prisma.request.create()` invocation in[39m
[31mC:/Users/vimal/OneDrive/Jubilee hospital demo/mediflow-core/server/src/request/request.service.ts:22:45[39m

[31m  19  */[39m
[31m  20 static async createRequest(data: any, actor: AuthUser): Promise<Request> {[39m
[31m  21   // Basic ownership: the creator becomes the requester[39m
[31m→ 22   const newRequest = await prisma.request.create({[39m
[31m         data: {[39m
[31m           title: "Reject Test",[39m
[31m           type: "PURCHASE",[39m
[31m           details: {[39m
[31m             estimatedCost: 1500[39m
[31m           },[39m
[31m           requestedById: "5a12eef9-2bdd-485f-b56f-64929807c544",[39m
[31m           status: "DRAFT",[39m
[31m       +   referenceNumber: String[39m
[31m         }[39m
[31m       })[39m

[31mArgument `referenceNumber` is missing. - /api/v1/requests - POST - ::ffff:127.0.0.1[39m
[2026-07-13 14:27:21:2721] [[31merror[39m]: [31m500 - [39m
[31mInvalid `prisma.request.create()` invocation in[39m
[31mC:/Users/vimal/OneDrive/Jubilee hospital demo/mediflow-core/server/src/request/request.service.ts:22:45[39m

[31m  19  */[39m
[31m  20 static async createRequest(data: any, actor: AuthUser): Promise<Request> {[39m
[31m  21   // Basic ownership: the creator becomes the requester[39m
[31m→ 22   const newRequest = await prisma.request.create({[39m
[31m         data: {[39m
[31m           title: "Needs Correction",[39m
[31m           type: "PURCHASE",[39m
[31m           details: {[39m
[31m             estimatedCost: 1200[39m
[31m           },[39m
[31m           requestedById: "5a12eef9-2bdd-485f-b56f-64929807c544",[39m
[31m           status: "DRAFT",[39m
[31m       +   referenceNumber: String[39m
[31m         }[39m
[31m       })[39m

[31mArgument `referenceNumber` is missing. - /api/v1/requests - POST - ::ffff:127.0.0.1[39m
[2026-07-13 14:27:21:2721] [[31merror[39m]: [31m500 - [39m
[31mInvalid `prisma.request.create()` invocation in[39m
[31mC:/Users/vimal/OneDrive/Jubilee hospital demo/mediflow-core/server/src/request/request.service.ts:22:45[39m

[31m  19  */[39m
[31m  20 static async createRequest(data: any, actor: AuthUser): Promise<Request> {[39m
[31m  21   // Basic ownership: the creator becomes the requester[39m
[31m→ 22   const newRequest = await prisma.request.create({[39m
[31m         data: {[39m
[31m           title: "Cancel Test",[39m
[31m           type: "PURCHASE",[39m
[31m           details: {[39m
[31m             estimatedCost: 800[39m
[31m           },[39m
[31m           requestedById: "5a12eef9-2bdd-485f-b56f-64929807c544",[39m
[31m           status: "DRAFT",[39m
[31m       +   referenceNumber: String[39m
[31m         }[39m
[31m       })[39m

[31mArgument `referenceNumber` is missing. - /api/v1/requests - POST - ::ffff:127.0.0.1[39m
[2026-07-13 14:27:52:2752] [[31merror[39m]: [31m500 - [39m
[31mInvalid `prisma.request.create()` invocation in[39m
[31mC:/Users/vimal/OneDrive/Jubilee hospital demo/mediflow-core/server/src/request/request.service.ts:23:45[39m

[31m  20 static async createRequest(data: any, actor: AuthUser): Promise<Request> {[39m
[31m  21   // Basic ownership: the creator becomes the requester[39m
[31m  22   const referenceNumber = `REQ-${Date.now()}`;[39m
[31m→ 23   const newRequest = await prisma.request.create({[39m
[31m         data: {[39m
[31m           title: "Stationery Order",[39m
[31m           type: "PURCHASE",[39m
[31m           details: {[39m
[31m             estimatedCost: 2000[39m
[31m           },[39m
[31m           requestedById: "5a12eef9-2bdd-485f-b56f-64929807c544",[39m
[31m           departmentId: "417fc17f-1e85-48e1-9884-3dc2b8c9bd38",[39m
[31m           referenceNumber: "REQ-1783933072083",[39m
[31m           status: "DRAFT",[39m
[31m       +   requestedBy: {[39m
[31m       +     create: UserCreateWithoutRequestsInput | UserUncheckedCreateWithoutRequestsInput,[39m
[31m       +     connectOrCreate: UserCreateOrConnectWithoutRequestsInput,[39m
[31m       +     connect: UserWhereUniqueInput[39m
[31m       +   }[39m
[31m         }[39m
[31m       })[39m

[31mArgument `requestedBy` is missing. - /api/v1/requests - POST - ::ffff:127.0.0.1[39m
[2026-07-13 14:27:52:2752] [[31merror[39m]: [31m500 - [39m
[31mInvalid `prisma.request.create()` invocation in[39m
[31mC:/Users/vimal/OneDrive/Jubilee hospital demo/mediflow-core/server/src/request/request.service.ts:23:45[39m

[31m  20 static async createRequest(data: any, actor: AuthUser): Promise<Request> {[39m
[31m  21   // Basic ownership: the creator becomes the requester[39m
[31m  22   const referenceNumber = `REQ-${Date.now()}`;[39m
[31m→ 23   const newRequest = await prisma.request.create({[39m
[31m         data: {[39m
[31m           title: "Reject Test",[39m
[31m           type: "PURCHASE",[39m
[31m           details: {[39m
[31m             estimatedCost: 1500[39m
[31m           },[39m
[31m           requestedById: "5a12eef9-2bdd-485f-b56f-64929807c544",[39m
[31m           departmentId: "417fc17f-1e85-48e1-9884-3dc2b8c9bd38",[39m
[31m           referenceNumber: "REQ-1783933072486",[39m
[31m           status: "DRAFT",[39m
[31m       +   requestedBy: {[39m
[31m       +     create: UserCreateWithoutRequestsInput | UserUncheckedCreateWithoutRequestsInput,[39m
[31m       +     connectOrCreate: UserCreateOrConnectWithoutRequestsInput,[39m
[31m       +     connect: UserWhereUniqueInput[39m
[31m       +   }[39m
[31m         }[39m
[31m       })[39m

[31mArgument `requestedBy` is missing. - /api/v1/requests - POST - ::ffff:127.0.0.1[39m
[2026-07-13 14:27:52:2752] [[31merror[39m]: [31m500 - [39m
[31mInvalid `prisma.request.create()` invocation in[39m
[31mC:/Users/vimal/OneDrive/Jubilee hospital demo/mediflow-core/server/src/request/request.service.ts:23:45[39m

[31m  20 static async createRequest(data: any, actor: AuthUser): Promise<Request> {[39m
[31m  21   // Basic ownership: the creator becomes the requester[39m
[31m  22   const referenceNumber = `REQ-${Date.now()}`;[39m
[31m→ 23   const newRequest = await prisma.request.create({[39m
[31m         data: {[39m
[31m           title: "Needs Correction",[39m
[31m           type: "PURCHASE",[39m
[31m           details: {[39m
[31m             estimatedCost: 1200[39m
[31m           },[39m
[31m           requestedById: "5a12eef9-2bdd-485f-b56f-64929807c544",[39m
[31m           departmentId: "417fc17f-1e85-48e1-9884-3dc2b8c9bd38",[39m
[31m           referenceNumber: "REQ-1783933072795",[39m
[31m           status: "DRAFT",[39m
[31m       +   requestedBy: {[39m
[31m       +     create: UserCreateWithoutRequestsInput | UserUncheckedCreateWithoutRequestsInput,[39m
[31m       +     connectOrCreate: UserCreateOrConnectWithoutRequestsInput,[39m
[31m       +     connect: UserWhereUniqueInput[39m
[31m       +   }[39m
[31m         }[39m
[31m       })[39m

[31mArgument `requestedBy` is missing. - /api/v1/requests - POST - ::ffff:127.0.0.1[39m
[2026-07-13 14:27:53:2753] [[31merror[39m]: [31m500 - [39m
[31mInvalid `prisma.request.create()` invocation in[39m
[31mC:/Users/vimal/OneDrive/Jubilee hospital demo/mediflow-core/server/src/request/request.service.ts:23:45[39m

[31m  20 static async createRequest(data: any, actor: AuthUser): Promise<Request> {[39m
[31m  21   // Basic ownership: the creator becomes the requester[39m
[31m  22   const referenceNumber = `REQ-${Date.now()}`;[39m
[31m→ 23   const newRequest = await prisma.request.create({[39m
[31m         data: {[39m
[31m           title: "Cancel Test",[39m
[31m           type: "PURCHASE",[39m
[31m           details: {[39m
[31m             estimatedCost: 800[39m
[31m           },[39m
[31m           requestedById: "5a12eef9-2bdd-485f-b56f-64929807c544",[39m
[31m           departmentId: "417fc17f-1e85-48e1-9884-3dc2b8c9bd38",[39m
[31m           referenceNumber: "REQ-1783933073069",[39m
[31m           status: "DRAFT",[39m
[31m       +   requestedBy: {[39m
[31m       +     create: UserCreateWithoutRequestsInput | UserUncheckedCreateWithoutRequestsInput,[39m
[31m       +     connectOrCreate: UserCreateOrConnectWithoutRequestsInput,[39m
[31m       +     connect: UserWhereUniqueInput[39m
[31m       +   }[39m
[31m         }[39m
[31m       })[39m

[31mArgument `requestedBy` is missing. - /api/v1/requests - POST - ::ffff:127.0.0.1[39m
[2026-07-13 14:28:46:2846] [[31merror[39m]: [31m500 - [39m
[31mInvalid `prisma.request.create()` invocation in[39m
[31mC:/Users/vimal/OneDrive/Jubilee hospital demo/mediflow-core/server/src/request/request.service.ts:24:45[39m

[31m  21 const referenceNumber = `REQ-${Date.now()}`;[39m
[31m  22 // Remove any explicit foreign key fields that could conflict with relation connects[39m
[31m  23 const { requestedById, departmentId, ...cleanData } = data;[39m
[31m→ 24 const newRequest = await prisma.request.create({[39m
[31m       data: {[39m
[31m         title: "Stationery Order",[39m
[31m         type: "PURCHASE",[39m
[31m         details: {[39m
[31m           estimatedCost: 2000[39m
[31m         },[39m
[31m         requestedBy: {[39m
[31m           connect: {[39m
[31m             id: "5a12eef9-2bdd-485f-b56f-64929807c544"[39m
[31m           }[39m
[31m         },[39m
[31m         department: {[39m
[31m           connect: {[39m
[31m             id: "417fc17f-1e85-48e1-9884-3dc2b8c9bd38"[39m
[31m           }[39m
[31m         },[39m
[31m         referenceNumber: "REQ-1783933126526",[39m
[31m         status: "DRAFT",[39m
[31m     +   workflowTemplate: {[39m
[31m     +     create: WorkflowTemplateCreateWithoutRequestsInput | WorkflowTemplateUncheckedCreateWithoutRequestsInput,[39m
[31m     +     connectOrCreate: WorkflowTemplateCreateOrConnectWithoutRequestsInput,[39m
[31m     +     connect: WorkflowTemplateWhereUniqueInput[39m
[31m     +   }[39m
[31m       }[39m
[31m     })[39m

[31mArgument `workflowTemplate` is missing. - /api/v1/requests - POST - ::ffff:127.0.0.1[39m
[2026-07-13 14:28:46:2846] [[31merror[39m]: [31m500 - [39m
[31mInvalid `prisma.request.create()` invocation in[39m
[31mC:/Users/vimal/OneDrive/Jubilee hospital demo/mediflow-core/server/src/request/request.service.ts:24:45[39m

[31m  21 const referenceNumber = `REQ-${Date.now()}`;[39m
[31m  22 // Remove any explicit foreign key fields that could conflict with relation connects[39m
[31m  23 const { requestedById, departmentId, ...cleanData } = data;[39m
[31m→ 24 const newRequest = await prisma.request.create({[39m
[31m       data: {[39m
[31m         title: "Reject Test",[39m
[31m         type: "PURCHASE",[39m
[31m         details: {[39m
[31m           estimatedCost: 1500[39m
[31m         },[39m
[31m         requestedBy: {[39m
[31m           connect: {[39m
[31m             id: "5a12eef9-2bdd-485f-b56f-64929807c544"[39m
[31m           }[39m
[31m         },[39m
[31m         department: {[39m
[31m           connect: {[39m
[31m             id: "417fc17f-1e85-48e1-9884-3dc2b8c9bd38"[39m
[31m           }[39m
[31m         },[39m
[31m         referenceNumber: "REQ-1783933126817",[39m
[31m         status: "DRAFT",[39m
[31m     +   workflowTemplate: {[39m
[31m     +     create: WorkflowTemplateCreateWithoutRequestsInput | WorkflowTemplateUncheckedCreateWithoutRequestsInput,[39m
[31m     +     connectOrCreate: WorkflowTemplateCreateOrConnectWithoutRequestsInput,[39m
[31m     +     connect: WorkflowTemplateWhereUniqueInput[39m
[31m     +   }[39m
[31m       }[39m
[31m     })[39m

[31mArgument `workflowTemplate` is missing. - /api/v1/requests - POST - ::ffff:127.0.0.1[39m
[2026-07-13 14:28:47:2847] [[31merror[39m]: [31m500 - [39m
[31mInvalid `prisma.request.create()` invocation in[39m
[31mC:/Users/vimal/OneDrive/Jubilee hospital demo/mediflow-core/server/src/request/request.service.ts:24:45[39m

[31m  21 const referenceNumber = `REQ-${Date.now()}`;[39m
[31m  22 // Remove any explicit foreign key fields that could conflict with relation connects[39m
[31m  23 const { requestedById, departmentId, ...cleanData } = data;[39m
[31m→ 24 const newRequest = await prisma.request.create({[39m
[31m       data: {[39m
[31m         title: "Needs Correction",[39m
[31m         type: "PURCHASE",[39m
[31m         details: {[39m
[31m           estimatedCost: 1200[39m
[31m         },[39m
[31m         requestedBy: {[39m
[31m           connect: {[39m
[31m             id: "5a12eef9-2bdd-485f-b56f-64929807c544"[39m
[31m           }[39m
[31m         },[39m
[31m         department: {[39m
[31m           connect: {[39m
[31m             id: "417fc17f-1e85-48e1-9884-3dc2b8c9bd38"[39m
[31m           }[39m
[31m         },[39m
[31m         referenceNumber: "REQ-1783933127004",[39m
[31m         status: "DRAFT",[39m
[31m     +   workflowTemplate: {[39m
[31m     +     create: WorkflowTemplateCreateWithoutRequestsInput | WorkflowTemplateUncheckedCreateWithoutRequestsInput,[39m
[31m     +     connectOrCreate: WorkflowTemplateCreateOrConnectWithoutRequestsInput,[39m
[31m     +     connect: WorkflowTemplateWhereUniqueInput[39m
[31m     +   }[39m
[31m       }[39m
[31m     })[39m

[31mArgument `workflowTemplate` is missing. - /api/v1/requests - POST - ::ffff:127.0.0.1[39m
[2026-07-13 14:28:47:2847] [[31merror[39m]: [31m500 - [39m
[31mInvalid `prisma.request.create()` invocation in[39m
[31mC:/Users/vimal/OneDrive/Jubilee hospital demo/mediflow-core/server/src/request/request.service.ts:24:45[39m

[31m  21 const referenceNumber = `REQ-${Date.now()}`;[39m
[31m  22 // Remove any explicit foreign key fields that could conflict with relation connects[39m
[31m  23 const { requestedById, departmentId, ...cleanData } = data;[39m
[31m→ 24 const newRequest = await prisma.request.create({[39m
[31m       data: {[39m
[31m         title: "Cancel Test",[39m
[31m         type: "PURCHASE",[39m
[31m         details: {[39m
[31m           estimatedCost: 800[39m
[31m         },[39m
[31m         requestedBy: {[39m
[31m           connect: {[39m
[31m             id: "5a12eef9-2bdd-485f-b56f-64929807c544"[39m
[31m           }[39m
[31m         },[39m
[31m         department: {[39m
[31m           connect: {[39m
[31m             id: "417fc17f-1e85-48e1-9884-3dc2b8c9bd38"[39m
[31m           }[39m
[31m         },[39m
[31m         referenceNumber: "REQ-1783933127374",[39m
[31m         status: "DRAFT",[39m
[31m     +   workflowTemplate: {[39m
[31m     +     create: WorkflowTemplateCreateWithoutRequestsInput | WorkflowTemplateUncheckedCreateWithoutRequestsInput,[39m
[31m     +     connectOrCreate: WorkflowTemplateCreateOrConnectWithoutRequestsInput,[39m
[31m     +     connect: WorkflowTemplateWhereUniqueInput[39m
[31m     +   }[39m
[31m       }[39m
[31m     })[39m

[31mArgument `workflowTemplate` is missing. - /api/v1/requests - POST - ::ffff:127.0.0.1[39m
[2026-07-13 14:29:28:2928] [[31merror[39m]: [31m500 - [39m
[31mInvalid `prisma.request.create()` invocation in[39m
[31mC:/Users/vimal/OneDrive/Jubilee hospital demo/mediflow-core/server/src/request/request.service.ts:24:45[39m

[31m  21 const referenceNumber = `REQ-${Date.now()}`;[39m
[31m  22 // Remove explicit foreign key fields that could conflict with relation connects[39m
[31m  23 const { requestedById, departmentId, workflowTemplateId, ...cleanData } = data;[39m
[31m→ 24 const newRequest = await prisma.request.create({[39m
[31m       data: {[39m
[31m         title: "Stationery Order",[39m
[31m         type: "PURCHASE",[39m
[31m         details: {[39m
[31m         ~~~~~~~[39m
[31m           estimatedCost: 2000[39m
[31m         },[39m
[31m         requestedBy: {[39m
[31m           connect: {[39m
[31m             id: "5a12eef9-2bdd-485f-b56f-64929807c544"[39m
[31m           }[39m
[31m         },[39m
[31m         department: {[39m
[31m           connect: {[39m
[31m             id: "417fc17f-1e85-48e1-9884-3dc2b8c9bd38"[39m
[31m           }[39m
[31m         },[39m
[31m         workflowTemplate: {[39m
[31m           connect: {[39m
[31m             id: undefined[39m
[31m           }[39m
[31m         },[39m
[31m         referenceNumber: "REQ-1783933168341",[39m
[31m         status: "DRAFT",[39m
[31m     ?   id?: String,[39m
[31m     ?   priority?: Priority,[39m
[31m     ?   submittedAt?: DateTime | Null,[39m
[31m     ?   completedAt?: DateTime | Null,[39m
[31m     ?   createdAt?: DateTime,[39m
[31m     ?   updatedAt?: DateTime,[39m
[31m     ?   deletedAt?: DateTime | Null,[39m
[31m     ?   currentStep?: WorkflowStepCreateNestedOneWithoutActiveRequestsInput,[39m
[31m     ?   maintenanceDetail?: MaintenanceDetailCreateNestedOneWithoutRequestInput,[39m
[31m     ?   purchaseDetail?: PurchaseDetailCreateNestedOneWithoutRequestInput,[39m
[31m     ?   leaveDetail?: LeaveDetailCreateNestedOneWithoutRequestInput,[39m
[31m     ?   approvalActions?: ApprovalActionCreateNestedManyWithoutRequestInput,[39m
[31m     ?   comments?: CommentCreateNestedManyWithoutRequestInput,[39m
[31m     ?   attachments?: AttachmentCreateNestedManyWithoutRequestInput,[39m
[31m     ?   notifications?: NotificationCreateNestedManyWithoutRequestInput,[39m
[31m     ?   auditLogs?: AuditLogCreateNestedManyWithoutRequestInput[39m
[31m       }[39m
[31m     })[39m

[31mUnknown argument `details`. Available options are marked with ?. - /api/v1/requests - POST - ::ffff:127.0.0.1[39m
[2026-07-13 14:29:28:2928] [[31merror[39m]: [31m500 - [39m
[31mInvalid `prisma.request.create()` invocation in[39m
[31mC:/Users/vimal/OneDrive/Jubilee hospital demo/mediflow-core/server/src/request/request.service.ts:24:45[39m

[31m  21 const referenceNumber = `REQ-${Date.now()}`;[39m
[31m  22 // Remove explicit foreign key fields that could conflict with relation connects[39m
[31m  23 const { requestedById, departmentId, workflowTemplateId, ...cleanData } = data;[39m
[31m→ 24 const newRequest = await prisma.request.create({[39m
[31m       data: {[39m
[31m         title: "Reject Test",[39m
[31m         type: "PURCHASE",[39m
[31m         details: {[39m
[31m         ~~~~~~~[39m
[31m           estimatedCost: 1500[39m
[31m         },[39m
[31m         requestedBy: {[39m
[31m           connect: {[39m
[31m             id: "5a12eef9-2bdd-485f-b56f-64929807c544"[39m
[31m           }[39m
[31m         },[39m
[31m         department: {[39m
[31m           connect: {[39m
[31m             id: "417fc17f-1e85-48e1-9884-3dc2b8c9bd38"[39m
[31m           }[39m
[31m         },[39m
[31m         workflowTemplate: {[39m
[31m           connect: {[39m
[31m             id: undefined[39m
[31m           }[39m
[31m         },[39m
[31m         referenceNumber: "REQ-1783933168745",[39m
[31m         status: "DRAFT",[39m
[31m     ?   id?: String,[39m
[31m     ?   priority?: Priority,[39m
[31m     ?   submittedAt?: DateTime | Null,[39m
[31m     ?   completedAt?: DateTime | Null,[39m
[31m     ?   createdAt?: DateTime,[39m
[31m     ?   updatedAt?: DateTime,[39m
[31m     ?   deletedAt?: DateTime | Null,[39m
[31m     ?   currentStep?: WorkflowStepCreateNestedOneWithoutActiveRequestsInput,[39m
[31m     ?   maintenanceDetail?: MaintenanceDetailCreateNestedOneWithoutRequestInput,[39m
[31m     ?   purchaseDetail?: PurchaseDetailCreateNestedOneWithoutRequestInput,[39m
[31m     ?   leaveDetail?: LeaveDetailCreateNestedOneWithoutRequestInput,[39m
[31m     ?   approvalActions?: ApprovalActionCreateNestedManyWithoutRequestInput,[39m
[31m     ?   comments?: CommentCreateNestedManyWithoutRequestInput,[39m
[31m     ?   attachments?: AttachmentCreateNestedManyWithoutRequestInput,[39m
[31m     ?   notifications?: NotificationCreateNestedManyWithoutRequestInput,[39m
[31m     ?   auditLogs?: AuditLogCreateNestedManyWithoutRequestInput[39m
[31m       }[39m
[31m     })[39m

[31mUnknown argument `details`. Available options are marked with ?. - /api/v1/requests - POST - ::ffff:127.0.0.1[39m
[2026-07-13 14:29:29:2929] [[31merror[39m]: [31m500 - [39m
[31mInvalid `prisma.request.create()` invocation in[39m
[31mC:/Users/vimal/OneDrive/Jubilee hospital demo/mediflow-core/server/src/request/request.service.ts:24:45[39m

[31m  21 const referenceNumber = `REQ-${Date.now()}`;[39m
[31m  22 // Remove explicit foreign key fields that could conflict with relation connects[39m
[31m  23 const { requestedById, departmentId, workflowTemplateId, ...cleanData } = data;[39m
[31m→ 24 const newRequest = await prisma.request.create({[39m
[31m       data: {[39m
[31m         title: "Needs Correction",[39m
[31m         type: "PURCHASE",[39m
[31m         details: {[39m
[31m         ~~~~~~~[39m
[31m           estimatedCost: 1200[39m
[31m         },[39m
[31m         requestedBy: {[39m
[31m           connect: {[39m
[31m             id: "5a12eef9-2bdd-485f-b56f-64929807c544"[39m
[31m           }[39m
[31m         },[39m
[31m         department: {[39m
[31m           connect: {[39m
[31m             id: "417fc17f-1e85-48e1-9884-3dc2b8c9bd38"[39m
[31m           }[39m
[31m         },[39m
[31m         workflowTemplate: {[39m
[31m           connect: {[39m
[31m             id: undefined[39m
[31m           }[39m
[31m         },[39m
[31m         referenceNumber: "REQ-1783933169052",[39m
[31m         status: "DRAFT",[39m
[31m     ?   id?: String,[39m
[31m     ?   priority?: Priority,[39m
[31m     ?   submittedAt?: DateTime | Null,[39m
[31m     ?   completedAt?: DateTime | Null,[39m
[31m     ?   createdAt?: DateTime,[39m
[31m     ?   updatedAt?: DateTime,[39m
[31m     ?   deletedAt?: DateTime | Null,[39m
[31m     ?   currentStep?: WorkflowStepCreateNestedOneWithoutActiveRequestsInput,[39m
[31m     ?   maintenanceDetail?: MaintenanceDetailCreateNestedOneWithoutRequestInput,[39m
[31m     ?   purchaseDetail?: PurchaseDetailCreateNestedOneWithoutRequestInput,[39m
[31m     ?   leaveDetail?: LeaveDetailCreateNestedOneWithoutRequestInput,[39m
[31m     ?   approvalActions?: ApprovalActionCreateNestedManyWithoutRequestInput,[39m
[31m     ?   comments?: CommentCreateNestedManyWithoutRequestInput,[39m
[31m     ?   attachments?: AttachmentCreateNestedManyWithoutRequestInput,[39m
[31m     ?   notifications?: NotificationCreateNestedManyWithoutRequestInput,[39m
[31m     ?   auditLogs?: AuditLogCreateNestedManyWithoutRequestInput[39m
[31m       }[39m
[31m     })[39m

[31mUnknown argument `details`. Available options are marked with ?. - /api/v1/requests - POST - ::ffff:127.0.0.1[39m
[2026-07-13 14:29:29:2929] [[31merror[39m]: [31m500 - [39m
[31mInvalid `prisma.request.create()` invocation in[39m
[31mC:/Users/vimal/OneDrive/Jubilee hospital demo/mediflow-core/server/src/request/request.service.ts:24:45[39m

[31m  21 const referenceNumber = `REQ-${Date.now()}`;[39m
[31m  22 // Remove explicit foreign key fields that could conflict with relation connects[39m
[31m  23 const { requestedById, departmentId, workflowTemplateId, ...cleanData } = data;[39m
[31m→ 24 const newRequest = await prisma.request.create({[39m
[31m       data: {[39m
[31m         title: "Cancel Test",[39m
[31m         type: "PURCHASE",[39m
[31m         details: {[39m
[31m         ~~~~~~~[39m
[31m           estimatedCost: 800[39m
[31m         },[39m
[31m         requestedBy: {[39m
[31m           connect: {[39m
[31m             id: "5a12eef9-2bdd-485f-b56f-64929807c544"[39m
[31m           }[39m
[31m         },[39m
[31m         department: {[39m
[31m           connect: {[39m
[31m             id: "417fc17f-1e85-48e1-9884-3dc2b8c9bd38"[39m
[31m           }[39m
[31m         },[39m
[31m         workflowTemplate: {[39m
[31m           connect: {[39m
[31m             id: undefined[39m
[31m           }[39m
[31m         },[39m
[31m         referenceNumber: "REQ-1783933169462",[39m
[31m         status: "DRAFT",[39m
[31m     ?   id?: String,[39m
[31m     ?   priority?: Priority,[39m
[31m     ?   submittedAt?: DateTime | Null,[39m
[31m     ?   completedAt?: DateTime | Null,[39m
[31m     ?   createdAt?: DateTime,[39m
[31m     ?   updatedAt?: DateTime,[39m
[31m     ?   deletedAt?: DateTime | Null,[39m
[31m     ?   currentStep?: WorkflowStepCreateNestedOneWithoutActiveRequestsInput,[39m
[31m     ?   maintenanceDetail?: MaintenanceDetailCreateNestedOneWithoutRequestInput,[39m
[31m     ?   purchaseDetail?: PurchaseDetailCreateNestedOneWithoutRequestInput,[39m
[31m     ?   leaveDetail?: LeaveDetailCreateNestedOneWithoutRequestInput,[39m
[31m     ?   approvalActions?: ApprovalActionCreateNestedManyWithoutRequestInput,[39m
[31m     ?   comments?: CommentCreateNestedManyWithoutRequestInput,[39m
[31m     ?   attachments?: AttachmentCreateNestedManyWithoutRequestInput,[39m
[31m     ?   notifications?: NotificationCreateNestedManyWithoutRequestInput,[39m
[31m     ?   auditLogs?: AuditLogCreateNestedManyWithoutRequestInput[39m
[31m       }[39m
[31m     })[39m

[31mUnknown argument `details`. Available options are marked with ?. - /api/v1/requests - POST - ::ffff:127.0.0.1[39m
[2026-07-13 14:32:43:3243] [[31merror[39m]: [31m500 - [39m
[31mInvalid `prisma.request.create()` invocation in[39m
[31mC:/Users/vimal/OneDrive/Jubilee hospital demo/mediflow-core/server/src/request/request.service.ts:24:45[39m

[31m  21 const referenceNumber = `REQ-${Date.now()}`;[39m
[31m  22 const { requestedById, departmentId, ...cleanData } = data;[39m
[31m  23 [39m
[31m→ 24 const newRequest = await prisma.request.create({[39m
[31m       data: {[39m
[31m         title: "Stationery Order",[39m
[31m         type: "PURCHASE",[39m
[31m         details: {[39m
[31m           estimatedCost: 2000[39m
[31m         },[39m
[31m         requestedBy: {[39m
[31m           connect: {[39m
[31m             id: "5a12eef9-2bdd-485f-b56f-64929807c544"[39m
[31m           }[39m
[31m         },[39m
[31m         department: {[39m
[31m           connect: {[39m
[31m             id: "417fc17f-1e85-48e1-9884-3dc2b8c9bd38"[39m
[31m           }[39m
[31m         },[39m
[31m         referenceNumber: "REQ-1783933363930",[39m
[31m         status: "DRAFT",[39m
[31m     +   workflowTemplate: {[39m
[31m     +     create: WorkflowTemplateCreateWithoutRequestsInput | WorkflowTemplateUncheckedCreateWithoutRequestsInput,[39m
[31m     +     connectOrCreate: WorkflowTemplateCreateOrConnectWithoutRequestsInput,[39m
[31m     +     connect: WorkflowTemplateWhereUniqueInput[39m
[31m     +   }[39m
[31m       }[39m
[31m     })[39m

[31mArgument `workflowTemplate` is missing. - /api/v1/requests - POST - ::ffff:127.0.0.1[39m
[2026-07-13 14:32:44:3244] [[31merror[39m]: [31m500 - [39m
[31mInvalid `prisma.request.create()` invocation in[39m
[31mC:/Users/vimal/OneDrive/Jubilee hospital demo/mediflow-core/server/src/request/request.service.ts:24:45[39m

[31m  21 const referenceNumber = `REQ-${Date.now()}`;[39m
[31m  22 const { requestedById, departmentId, ...cleanData } = data;[39m
[31m  23 [39m
[31m→ 24 const newRequest = await prisma.request.create({[39m
[31m       data: {[39m
[31m         title: "Reject Test",[39m
[31m         type: "PURCHASE",[39m
[31m         details: {[39m
[31m           estimatedCost: 1500[39m
[31m         },[39m
[31m         requestedBy: {[39m
[31m           connect: {[39m
[31m             id: "5a12eef9-2bdd-485f-b56f-64929807c544"[39m
[31m           }[39m
[31m         },[39m
[31m         department: {[39m
[31m           connect: {[39m
[31m             id: "417fc17f-1e85-48e1-9884-3dc2b8c9bd38"[39m
[31m           }[39m
[31m         },[39m
[31m         referenceNumber: "REQ-1783933364232",[39m
[31m         status: "DRAFT",[39m
[31m     +   workflowTemplate: {[39m
[31m     +     create: WorkflowTemplateCreateWithoutRequestsInput | WorkflowTemplateUncheckedCreateWithoutRequestsInput,[39m
[31m     +     connectOrCreate: WorkflowTemplateCreateOrConnectWithoutRequestsInput,[39m
[31m     +     connect: WorkflowTemplateWhereUniqueInput[39m
[31m     +   }[39m
[31m       }[39m
[31m     })[39m

[31mArgument `workflowTemplate` is missing. - /api/v1/requests - POST - ::ffff:127.0.0.1[39m
[2026-07-13 14:32:44:3244] [[31merror[39m]: [31m500 - [39m
[31mInvalid `prisma.request.create()` invocation in[39m
[31mC:/Users/vimal/OneDrive/Jubilee hospital demo/mediflow-core/server/src/request/request.service.ts:24:45[39m

[31m  21 const referenceNumber = `REQ-${Date.now()}`;[39m
[31m  22 const { requestedById, departmentId, ...cleanData } = data;[39m
[31m  23 [39m
[31m→ 24 const newRequest = await prisma.request.create({[39m
[31m       data: {[39m
[31m         title: "Needs Correction",[39m
[31m         type: "PURCHASE",[39m
[31m         details: {[39m
[31m           estimatedCost: 1200[39m
[31m         },[39m
[31m         requestedBy: {[39m
[31m           connect: {[39m
[31m             id: "5a12eef9-2bdd-485f-b56f-64929807c544"[39m
[31m           }[39m
[31m         },[39m
[31m         department: {[39m
[31m           connect: {[39m
[31m             id: "417fc17f-1e85-48e1-9884-3dc2b8c9bd38"[39m
[31m           }[39m
[31m         },[39m
[31m         referenceNumber: "REQ-1783933364539",[39m
[31m         status: "DRAFT",[39m
[31m     +   workflowTemplate: {[39m
[31m     +     create: WorkflowTemplateCreateWithoutRequestsInput | WorkflowTemplateUncheckedCreateWithoutRequestsInput,[39m
[31m     +     connectOrCreate: WorkflowTemplateCreateOrConnectWithoutRequestsInput,[39m
[31m     +     connect: WorkflowTemplateWhereUniqueInput[39m
[31m     +   }[39m
[31m       }[39m
[31m     })[39m

[31mArgument `workflowTemplate` is missing. - /api/v1/requests - POST - ::ffff:127.0.0.1[39m
[2026-07-13 14:32:44:3244] [[31merror[39m]: [31m500 - [39m
[31mInvalid `prisma.request.create()` invocation in[39m
[31mC:/Users/vimal/OneDrive/Jubilee hospital demo/mediflow-core/server/src/request/request.service.ts:24:45[39m

[31m  21 const referenceNumber = `REQ-${Date.now()}`;[39m
[31m  22 const { requestedById, departmentId, ...cleanData } = data;[39m
[31m  23 [39m
[31m→ 24 const newRequest = await prisma.request.create({[39m
[31m       data: {[39m
[31m         title: "Cancel Test",[39m
[31m         type: "PURCHASE",[39m
[31m         details: {[39m
[31m           estimatedCost: 800[39m
[31m         },[39m
[31m         requestedBy: {[39m
[31m           connect: {[39m
[31m             id: "5a12eef9-2bdd-485f-b56f-64929807c544"[39m
[31m           }[39m
[31m         },[39m
[31m         department: {[39m
[31m           connect: {[39m
[31m             id: "417fc17f-1e85-48e1-9884-3dc2b8c9bd38"[39m
[31m           }[39m
[31m         },[39m
[31m         referenceNumber: "REQ-1783933364757",[39m
[31m         status: "DRAFT",[39m
[31m     +   workflowTemplate: {[39m
[31m     +     create: WorkflowTemplateCreateWithoutRequestsInput | WorkflowTemplateUncheckedCreateWithoutRequestsInput,[39m
[31m     +     connectOrCreate: WorkflowTemplateCreateOrConnectWithoutRequestsInput,[39m
[31m     +     connect: WorkflowTemplateWhereUniqueInput[39m
[31m     +   }[39m
[31m       }[39m
[31m     })[39m

[31mArgument `workflowTemplate` is missing. - /api/v1/requests - POST - ::ffff:127.0.0.1[39m
[2026-07-13 14:33:30:3330] [[31merror[39m]: [31m500 - [39m
[31mInvalid `prisma.request.create()` invocation in[39m
[31mC:/Users/vimal/OneDrive/Jubilee hospital demo/mediflow-core/server/src/request/request.service.ts:34:45[39m

[31m  31 if (cleanData.type === 'PURCHASE' && details) {[39m
[31m  32     requestData.purchaseDetail = { create: details };[39m
[31m  33 }[39m
[31m→ 34 const newRequest = await prisma.request.create({[39m
[31m       data: {[39m
[31m         title: "Stationery Order",[39m
[31m         type: "PURCHASE",[39m
[31m         requestedBy: {[39m
[31m           connect: {[39m
[31m             id: "5a12eef9-2bdd-485f-b56f-64929807c544"[39m
[31m           }[39m
[31m         },[39m
[31m         department: {[39m
[31m           connect: {[39m
[31m             id: "417fc17f-1e85-48e1-9884-3dc2b8c9bd38"[39m
[31m           }[39m
[31m         },[39m
[31m         workflowTemplate: {[39m
[31m           connect: {[39m
[31m             id: undefined,[39m
[31m     ?       AND?: WorkflowTemplateWhereInput | WorkflowTemplateWhereInput[],[39m
[31m     ?       OR?: WorkflowTemplateWhereInput[],[39m
[31m     ?       NOT?: WorkflowTemplateWhereInput | WorkflowTemplateWhereInput[],[39m
[31m     ?       name?: StringFilter | String,[39m
[31m     ?       requestType?: EnumRequestTypeFilter | RequestType,[39m
[31m     ?       isActive?: BoolFilter | Boolean,[39m
[31m     ?       description?: StringNullableFilter | String | Null,[39m
[31m     ?       createdAt?: DateTimeFilter | DateTime,[39m
[31m     ?       updatedAt?: DateTimeFilter | DateTime,[39m
[31m     ?       steps?: WorkflowStepListRelationFilter,[39m
[31m     ?       requests?: RequestListRelationFilter[39m
[31m           }[39m
[31m         },[39m
[31m         referenceNumber: "REQ-1783933410627",[39m
[31m         status: "DRAFT",[39m
[31m         purchaseDetail: {[39m
[31m           create: {[39m
[31m             estimatedCost: 2000[39m
[31m           }[39m
[31m         }[39m
[31m       }[39m
[31m     })[39m

[31mArgument `connect` of type WorkflowTemplateWhereUniqueInput needs at least one of `id` arguments. Available options are marked with ?. - /api/v1/requests - POST - ::ffff:127.0.0.1[39m
[2026-07-13 14:33:30:3330] [[31merror[39m]: [31m500 - [39m
[31mInvalid `prisma.request.create()` invocation in[39m
[31mC:/Users/vimal/OneDrive/Jubilee hospital demo/mediflow-core/server/src/request/request.service.ts:34:45[39m

[31m  31 if (cleanData.type === 'PURCHASE' && details) {[39m
[31m  32     requestData.purchaseDetail = { create: details };[39m
[31m  33 }[39m
[31m→ 34 const newRequest = await prisma.request.create({[39m
[31m       data: {[39m
[31m         title: "Reject Test",[39m
[31m         type: "PURCHASE",[39m
[31m         requestedBy: {[39m
[31m           connect: {[39m
[31m             id: "5a12eef9-2bdd-485f-b56f-64929807c544"[39m
[31m           }[39m
[31m         },[39m
[31m         department: {[39m
[31m           connect: {[39m
[31m             id: "417fc17f-1e85-48e1-9884-3dc2b8c9bd38"[39m
[31m           }[39m
[31m         },[39m
[31m         workflowTemplate: {[39m
[31m           connect: {[39m
[31m             id: undefined,[39m
[31m     ?       AND?: WorkflowTemplateWhereInput | WorkflowTemplateWhereInput[],[39m
[31m     ?       OR?: WorkflowTemplateWhereInput[],[39m
[31m     ?       NOT?: WorkflowTemplateWhereInput | WorkflowTemplateWhereInput[],[39m
[31m     ?       name?: StringFilter | String,[39m
[31m     ?       requestType?: EnumRequestTypeFilter | RequestType,[39m
[31m     ?       isActive?: BoolFilter | Boolean,[39m
[31m     ?       description?: StringNullableFilter | String | Null,[39m
[31m     ?       createdAt?: DateTimeFilter | DateTime,[39m
[31m     ?       updatedAt?: DateTimeFilter | DateTime,[39m
[31m     ?       steps?: WorkflowStepListRelationFilter,[39m
[31m     ?       requests?: RequestListRelationFilter[39m
[31m           }[39m
[31m         },[39m
[31m         referenceNumber: "REQ-1783933410929",[39m
[31m         status: "DRAFT",[39m
[31m         purchaseDetail: {[39m
[31m           create: {[39m
[31m             estimatedCost: 1500[39m
[31m           }[39m
[31m         }[39m
[31m       }[39m
[31m     })[39m

[31mArgument `connect` of type WorkflowTemplateWhereUniqueInput needs at least one of `id` arguments. Available options are marked with ?. - /api/v1/requests - POST - ::ffff:127.0.0.1[39m
[2026-07-13 14:33:31:3331] [[31merror[39m]: [31m500 - [39m
[31mInvalid `prisma.request.create()` invocation in[39m
[31mC:/Users/vimal/OneDrive/Jubilee hospital demo/mediflow-core/server/src/request/request.service.ts:34:45[39m

[31m  31 if (cleanData.type === 'PURCHASE' && details) {[39m
[31m  32     requestData.purchaseDetail = { create: details };[39m
[31m  33 }[39m
[31m→ 34 const newRequest = await prisma.request.create({[39m
[31m       data: {[39m
[31m         title: "Needs Correction",[39m
[31m         type: "PURCHASE",[39m
[31m         requestedBy: {[39m
[31m           connect: {[39m
[31m             id: "5a12eef9-2bdd-485f-b56f-64929807c544"[39m
[31m           }[39m
[31m         },[39m
[31m         department: {[39m
[31m           connect: {[39m
[31m             id: "417fc17f-1e85-48e1-9884-3dc2b8c9bd38"[39m
[31m           }[39m
[31m         },[39m
[31m         workflowTemplate: {[39m
[31m           connect: {[39m
[31m             id: undefined,[39m
[31m     ?       AND?: WorkflowTemplateWhereInput | WorkflowTemplateWhereInput[],[39m
[31m     ?       OR?: WorkflowTemplateWhereInput[],[39m
[31m     ?       NOT?: WorkflowTemplateWhereInput | WorkflowTemplateWhereInput[],[39m
[31m     ?       name?: StringFilter | String,[39m
[31m     ?       requestType?: EnumRequestTypeFilter | RequestType,[39m
[31m     ?       isActive?: BoolFilter | Boolean,[39m
[31m     ?       description?: StringNullableFilter | String | Null,[39m
[31m     ?       createdAt?: DateTimeFilter | DateTime,[39m
[31m     ?       updatedAt?: DateTimeFilter | DateTime,[39m
[31m     ?       steps?: WorkflowStepListRelationFilter,[39m
[31m     ?       requests?: RequestListRelationFilter[39m
[31m           }[39m
[31m         },[39m
[31m         referenceNumber: "REQ-1783933411236",[39m
[31m         status: "DRAFT",[39m
[31m         purchaseDetail: {[39m
[31m           create: {[39m
[31m             estimatedCost: 1200[39m
[31m           }[39m
[31m         }[39m
[31m       }[39m
[31m     })[39m

[31mArgument `connect` of type WorkflowTemplateWhereUniqueInput needs at least one of `id` arguments. Available options are marked with ?. - /api/v1/requests - POST - ::ffff:127.0.0.1[39m
[2026-07-13 14:33:31:3331] [[31merror[39m]: [31m500 - [39m
[31mInvalid `prisma.request.create()` invocation in[39m
[31mC:/Users/vimal/OneDrive/Jubilee hospital demo/mediflow-core/server/src/request/request.service.ts:34:45[39m

[31m  31 if (cleanData.type === 'PURCHASE' && details) {[39m
[31m  32     requestData.purchaseDetail = { create: details };[39m
[31m  33 }[39m
[31m→ 34 const newRequest = await prisma.request.create({[39m
[31m       data: {[39m
[31m         title: "Cancel Test",[39m
[31m         type: "PURCHASE",[39m
[31m         requestedBy: {[39m
[31m           connect: {[39m
[31m             id: "5a12eef9-2bdd-485f-b56f-64929807c544"[39m
[31m           }[39m
[31m         },[39m
[31m         department: {[39m
[31m           connect: {[39m
[31m             id: "417fc17f-1e85-48e1-9884-3dc2b8c9bd38"[39m
[31m           }[39m
[31m         },[39m
[31m         workflowTemplate: {[39m
[31m           connect: {[39m
[31m             id: undefined,[39m
[31m     ?       AND?: WorkflowTemplateWhereInput | WorkflowTemplateWhereInput[],[39m
[31m     ?       OR?: WorkflowTemplateWhereInput[],[39m
[31m     ?       NOT?: WorkflowTemplateWhereInput | WorkflowTemplateWhereInput[],[39m
[31m     ?       name?: StringFilter | String,[39m
[31m     ?       requestType?: EnumRequestTypeFilter | RequestType,[39m
[31m     ?       isActive?: BoolFilter | Boolean,[39m
[31m     ?       description?: StringNullableFilter | String | Null,[39m
[31m     ?       createdAt?: DateTimeFilter | DateTime,[39m
[31m     ?       updatedAt?: DateTimeFilter | DateTime,[39m
[31m     ?       steps?: WorkflowStepListRelationFilter,[39m
[31m     ?       requests?: RequestListRelationFilter[39m
[31m           }[39m
[31m         },[39m
[31m         referenceNumber: "REQ-1783933411497",[39m
[31m         status: "DRAFT",[39m
[31m         purchaseDetail: {[39m
[31m           create: {[39m
[31m             estimatedCost: 800[39m
[31m           }[39m
[31m         }[39m
[31m       }[39m
[31m     })[39m

[31mArgument `connect` of type WorkflowTemplateWhereUniqueInput needs at least one of `id` arguments. Available options are marked with ?. - /api/v1/requests - POST - ::ffff:127.0.0.1[39m
[2026-07-13 14:33:55:3355] [[31merror[39m]: [31m500 - [39m
[31mInvalid `prisma.request.create()` invocation in[39m
[31mC:/Users/vimal/OneDrive/Jubilee hospital demo/mediflow-core/server/src/request/request.service.ts:34:45[39m

[31m  31 if (cleanData.type === 'PURCHASE' && details) {[39m
[31m  32     requestData.purchaseDetail = { create: details };[39m
[31m  33 }[39m
[31m→ 34 const newRequest = await prisma.request.create({[39m
[31m       data: {[39m
[31m         title: "Stationery Order",[39m
[31m         type: "PURCHASE",[39m
[31m         requestedBy: {[39m
[31m           connect: {[39m
[31m             id: "5a12eef9-2bdd-485f-b56f-64929807c544"[39m
[31m           }[39m
[31m         },[39m
[31m         department: {[39m
[31m           connect: {[39m
[31m             id: "417fc17f-1e85-48e1-9884-3dc2b8c9bd38"[39m
[31m           }[39m
[31m         },[39m
[31m         workflowTemplateId: undefined,[39m
[31m         referenceNumber: "REQ-1783933435305",[39m
[31m         status: "DRAFT",[39m
[31m         purchaseDetail: {[39m
[31m           create: {[39m
[31m             estimatedCost: 2000[39m
[31m           }[39m
[31m         },[39m
[31m     +   workflowTemplate: {[39m
[31m     +     create: WorkflowTemplateCreateWithoutRequestsInput | WorkflowTemplateUncheckedCreateWithoutRequestsInput,[39m
[31m     +     connectOrCreate: WorkflowTemplateCreateOrConnectWithoutRequestsInput,[39m
[31m     +     connect: WorkflowTemplateWhereUniqueInput[39m
[31m     +   }[39m
[31m       }[39m
[31m     })[39m

[31mArgument `workflowTemplate` is missing. - /api/v1/requests - POST - ::ffff:127.0.0.1[39m
[2026-07-13 14:33:55:3355] [[31merror[39m]: [31m500 - [39m
[31mInvalid `prisma.request.create()` invocation in[39m
[31mC:/Users/vimal/OneDrive/Jubilee hospital demo/mediflow-core/server/src/request/request.service.ts:34:45[39m

[31m  31 if (cleanData.type === 'PURCHASE' && details) {[39m
[31m  32     requestData.purchaseDetail = { create: details };[39m
[31m  33 }[39m
[31m→ 34 const newRequest = await prisma.request.create({[39m
[31m       data: {[39m
[31m         title: "Reject Test",[39m
[31m         type: "PURCHASE",[39m
[31m         requestedBy: {[39m
[31m           connect: {[39m
[31m             id: "5a12eef9-2bdd-485f-b56f-64929807c544"[39m
[31m           }[39m
[31m         },[39m
[31m         department: {[39m
[31m           connect: {[39m
[31m             id: "417fc17f-1e85-48e1-9884-3dc2b8c9bd38"[39m
[31m           }[39m
[31m         },[39m
[31m         workflowTemplateId: undefined,[39m
[31m         referenceNumber: "REQ-1783933435710",[39m
[31m         status: "DRAFT",[39m
[31m         purchaseDetail: {[39m
[31m           create: {[39m
[31m             estimatedCost: 1500[39m
[31m           }[39m
[31m         },[39m
[31m     +   workflowTemplate: {[39m
[31m     +     create: WorkflowTemplateCreateWithoutRequestsInput | WorkflowTemplateUncheckedCreateWithoutRequestsInput,[39m
[31m     +     connectOrCreate: WorkflowTemplateCreateOrConnectWithoutRequestsInput,[39m
[31m     +     connect: WorkflowTemplateWhereUniqueInput[39m
[31m     +   }[39m
[31m       }[39m
[31m     })[39m

[31mArgument `workflowTemplate` is missing. - /api/v1/requests - POST - ::ffff:127.0.0.1[39m
[2026-07-13 14:33:56:3356] [[31merror[39m]: [31m500 - [39m
[31mInvalid `prisma.request.create()` invocation in[39m
[31mC:/Users/vimal/OneDrive/Jubilee hospital demo/mediflow-core/server/src/request/request.service.ts:34:45[39m

[31m  31 if (cleanData.type === 'PURCHASE' && details) {[39m
[31m  32     requestData.purchaseDetail = { create: details };[39m
[31m  33 }[39m
[31m→ 34 const newRequest = await prisma.request.create({[39m
[31m       data: {[39m
[31m         title: "Needs Correction",[39m
[31m         type: "PURCHASE",[39m
[31m         requestedBy: {[39m
[31m           connect: {[39m
[31m             id: "5a12eef9-2bdd-485f-b56f-64929807c544"[39m
[31m           }[39m
[31m         },[39m
[31m         department: {[39m
[31m           connect: {[39m
[31m             id: "417fc17f-1e85-48e1-9884-3dc2b8c9bd38"[39m
[31m           }[39m
[31m         },[39m
[31m         workflowTemplateId: undefined,[39m
[31m         referenceNumber: "REQ-1783933436017",[39m
[31m         status: "DRAFT",[39m
[31m         purchaseDetail: {[39m
[31m           create: {[39m
[31m             estimatedCost: 1200[39m
[31m           }[39m
[31m         },[39m
[31m     +   workflowTemplate: {[39m
[31m     +     create: WorkflowTemplateCreateWithoutRequestsInput | WorkflowTemplateUncheckedCreateWithoutRequestsInput,[39m
[31m     +     connectOrCreate: WorkflowTemplateCreateOrConnectWithoutRequestsInput,[39m
[31m     +     connect: WorkflowTemplateWhereUniqueInput[39m
[31m     +   }[39m
[31m       }[39m
[31m     })[39m

[31mArgument `workflowTemplate` is missing. - /api/v1/requests - POST - ::ffff:127.0.0.1[39m
[2026-07-13 14:33:56:3356] [[31merror[39m]: [31m500 - [39m
[31mInvalid `prisma.request.create()` invocation in[39m
[31mC:/Users/vimal/OneDrive/Jubilee hospital demo/mediflow-core/server/src/request/request.service.ts:34:45[39m

[31m  31 if (cleanData.type === 'PURCHASE' && details) {[39m
[31m  32     requestData.purchaseDetail = { create: details };[39m
[31m  33 }[39m
[31m→ 34 const newRequest = await prisma.request.create({[39m
[31m       data: {[39m
[31m         title: "Cancel Test",[39m
[31m         type: "PURCHASE",[39m
[31m         requestedBy: {[39m
[31m           connect: {[39m
[31m             id: "5a12eef9-2bdd-485f-b56f-64929807c544"[39m
[31m           }[39m
[31m         },[39m
[31m         department: {[39m
[31m           connect: {[39m
[31m             id: "417fc17f-1e85-48e1-9884-3dc2b8c9bd38"[39m
[31m           }[39m
[31m         },[39m
[31m         workflowTemplateId: undefined,[39m
[31m         referenceNumber: "REQ-1783933436278",[39m
[31m         status: "DRAFT",[39m
[31m         purchaseDetail: {[39m
[31m           create: {[39m
[31m             estimatedCost: 800[39m
[31m           }[39m
[31m         },[39m
[31m     +   workflowTemplate: {[39m
[31m     +     create: WorkflowTemplateCreateWithoutRequestsInput | WorkflowTemplateUncheckedCreateWithoutRequestsInput,[39m
[31m     +     connectOrCreate: WorkflowTemplateCreateOrConnectWithoutRequestsInput,[39m
[31m     +     connect: WorkflowTemplateWhereUniqueInput[39m
[31m     +   }[39m
[31m       }[39m
[31m     })[39m

[31mArgument `workflowTemplate` is missing. - /api/v1/requests - POST - ::ffff:127.0.0.1[39m
[2026-07-13 14:36:50:3650] [[31merror[39m]: [31m500 - [39m
[31mInvalid `prisma.request.create()` invocation in[39m
[31mC:/Users/vimal/OneDrive/Jubilee hospital demo/mediflow-core/server/src/request/request.service.ts:46:45[39m

[31m  43 if (cleanData.type === 'PURCHASE' && details) {[39m
[31m  44     requestData.purchaseDetail = { create: details };[39m
[31m  45 }[39m
[31m→ 46 const newRequest = await prisma.request.create({[39m
[31m       data: {[39m
[31m         title: "Stationery Order",[39m
[31m         type: "PURCHASE",[39m
[31m         requestedBy: {[39m
[31m           connect: {[39m
[31m             id: "5a12eef9-2bdd-485f-b56f-64929807c544"[39m
[31m           }[39m
[31m         },[39m
[31m         department: {[39m
[31m           connect: {[39m
[31m             id: "417fc17f-1e85-48e1-9884-3dc2b8c9bd38"[39m
[31m           }[39m
[31m         },[39m
[31m         workflowTemplateId: "ddecc977-e6e9-4ebe-a021-71483d0dc3a6",[39m
[31m         referenceNumber: "REQ-1783933610721",[39m
[31m         status: "DRAFT",[39m
[31m         purchaseDetail: {[39m
[31m           create: {[39m
[31m             estimatedCost: 2000[39m
[31m           }[39m
[31m         },[39m
[31m     +   workflowTemplate: {[39m
[31m     +     create: WorkflowTemplateCreateWithoutRequestsInput | WorkflowTemplateUncheckedCreateWithoutRequestsInput,[39m
[31m     +     connectOrCreate: WorkflowTemplateCreateOrConnectWithoutRequestsInput,[39m
[31m     +     connect: WorkflowTemplateWhereUniqueInput[39m
[31m     +   }[39m
[31m       }[39m
[31m     })[39m

[31mArgument `workflowTemplate` is missing. - /api/v1/requests - POST - ::ffff:127.0.0.1[39m
[2026-07-13 14:36:51:3651] [[31merror[39m]: [31m500 - [39m
[31mInvalid `prisma.request.create()` invocation in[39m
[31mC:/Users/vimal/OneDrive/Jubilee hospital demo/mediflow-core/server/src/request/request.service.ts:46:45[39m

[31m  43 if (cleanData.type === 'PURCHASE' && details) {[39m
[31m  44     requestData.purchaseDetail = { create: details };[39m
[31m  45 }[39m
[31m→ 46 const newRequest = await prisma.request.create({[39m
[31m       data: {[39m
[31m         title: "Reject Test",[39m
[31m         type: "PURCHASE",[39m
[31m         requestedBy: {[39m
[31m           connect: {[39m
[31m             id: "5a12eef9-2bdd-485f-b56f-64929807c544"[39m
[31m           }[39m
[31m         },[39m
[31m         department: {[39m
[31m           connect: {[39m
[31m             id: "417fc17f-1e85-48e1-9884-3dc2b8c9bd38"[39m
[31m           }[39m
[31m         },[39m
[31m         workflowTemplateId: "ddecc977-e6e9-4ebe-a021-71483d0dc3a6",[39m
[31m         referenceNumber: "REQ-1783933611227",[39m
[31m         status: "DRAFT",[39m
[31m         purchaseDetail: {[39m
[31m           create: {[39m
[31m             estimatedCost: 1500[39m
[31m           }[39m
[31m         },[39m
[31m     +   workflowTemplate: {[39m
[31m     +     create: WorkflowTemplateCreateWithoutRequestsInput | WorkflowTemplateUncheckedCreateWithoutRequestsInput,[39m
[31m     +     connectOrCreate: WorkflowTemplateCreateOrConnectWithoutRequestsInput,[39m
[31m     +     connect: WorkflowTemplateWhereUniqueInput[39m
[31m     +   }[39m
[31m       }[39m
[31m     })[39m

[31mArgument `workflowTemplate` is missing. - /api/v1/requests - POST - ::ffff:127.0.0.1[39m
[2026-07-13 14:36:51:3651] [[31merror[39m]: [31m500 - [39m
[31mInvalid `prisma.request.create()` invocation in[39m
[31mC:/Users/vimal/OneDrive/Jubilee hospital demo/mediflow-core/server/src/request/request.service.ts:46:45[39m

[31m  43 if (cleanData.type === 'PURCHASE' && details) {[39m
[31m  44     requestData.purchaseDetail = { create: details };[39m
[31m  45 }[39m
[31m→ 46 const newRequest = await prisma.request.create({[39m
[31m       data: {[39m
[31m         title: "Needs Correction",[39m
[31m         type: "PURCHASE",[39m
[31m         requestedBy: {[39m
[31m           connect: {[39m
[31m             id: "5a12eef9-2bdd-485f-b56f-64929807c544"[39m
[31m           }[39m
[31m         },[39m
[31m         department: {[39m
[31m           connect: {[39m
[31m             id: "417fc17f-1e85-48e1-9884-3dc2b8c9bd38"[39m
[31m           }[39m
[31m         },[39m
[31m         workflowTemplateId: "ddecc977-e6e9-4ebe-a021-71483d0dc3a6",[39m
[31m         referenceNumber: "REQ-1783933611637",[39m
[31m         status: "DRAFT",[39m
[31m         purchaseDetail: {[39m
[31m           create: {[39m
[31m             estimatedCost: 1200[39m
[31m           }[39m
[31m         },[39m
[31m     +   workflowTemplate: {[39m
[31m     +     create: WorkflowTemplateCreateWithoutRequestsInput | WorkflowTemplateUncheckedCreateWithoutRequestsInput,[39m
[31m     +     connectOrCreate: WorkflowTemplateCreateOrConnectWithoutRequestsInput,[39m
[31m     +     connect: WorkflowTemplateWhereUniqueInput[39m
[31m     +   }[39m
[31m       }[39m
[31m     })[39m

[31mArgument `workflowTemplate` is missing. - /api/v1/requests - POST - ::ffff:127.0.0.1[39m
[2026-07-13 14:36:52:3652] [[31merror[39m]: [31m500 - [39m
[31mInvalid `prisma.request.create()` invocation in[39m
[31mC:/Users/vimal/OneDrive/Jubilee hospital demo/mediflow-core/server/src/request/request.service.ts:46:45[39m

[31m  43 if (cleanData.type === 'PURCHASE' && details) {[39m
[31m  44     requestData.purchaseDetail = { create: details };[39m
[31m  45 }[39m
[31m→ 46 const newRequest = await prisma.request.create({[39m
[31m       data: {[39m
[31m         title: "Cancel Test",[39m
[31m         type: "PURCHASE",[39m
[31m         requestedBy: {[39m
[31m           connect: {[39m
[31m             id: "5a12eef9-2bdd-485f-b56f-64929807c544"[39m
[31m           }[39m
[31m         },[39m
[31m         department: {[39m
[31m           connect: {[39m
[31m             id: "417fc17f-1e85-48e1-9884-3dc2b8c9bd38"[39m
[31m           }[39m
[31m         },[39m
[31m         workflowTemplateId: "ddecc977-e6e9-4ebe-a021-71483d0dc3a6",[39m
[31m         referenceNumber: "REQ-1783933612048",[39m
[31m         status: "DRAFT",[39m
[31m         purchaseDetail: {[39m
[31m           create: {[39m
[31m             estimatedCost: 800[39m
[31m           }[39m
[31m         },[39m
[31m     +   workflowTemplate: {[39m
[31m     +     create: WorkflowTemplateCreateWithoutRequestsInput | WorkflowTemplateUncheckedCreateWithoutRequestsInput,[39m
[31m     +     connectOrCreate: WorkflowTemplateCreateOrConnectWithoutRequestsInput,[39m
[31m     +     connect: WorkflowTemplateWhereUniqueInput[39m
[31m     +   }[39m
[31m       }[39m
[31m     })[39m

[31mArgument `workflowTemplate` is missing. - /api/v1/requests - POST - ::ffff:127.0.0.1[39m
[2026-07-13 14:37:22:3722] [[31merror[39m]: [31m500 - [39m
[31mInvalid `prisma.request.create()` invocation in[39m
[31mC:/Users/vimal/OneDrive/Jubilee hospital demo/mediflow-core/server/src/request/request.service.ts:46:45[39m

[31m  43 if (cleanData.type === 'PURCHASE' && details) {[39m
[31m  44     requestData.purchaseDetail = { create: details };[39m
[31m  45 }[39m
[31m→ 46 const newRequest = await prisma.request.create({[39m
[31m       data: {[39m
[31m         title: "Stationery Order",[39m
[31m         type: "PURCHASE",[39m
[31m         requestedBy: {[39m
[31m           connect: {[39m
[31m             id: "5a12eef9-2bdd-485f-b56f-64929807c544"[39m
[31m           }[39m
[31m         },[39m
[31m         department: {[39m
[31m           connect: {[39m
[31m             id: "417fc17f-1e85-48e1-9884-3dc2b8c9bd38"[39m
[31m           }[39m
[31m         },[39m
[31m         workflowTemplate: {[39m
[31m           connect: {[39m
[31m             id: "ddecc977-e6e9-4ebe-a021-71483d0dc3a6"[39m
[31m           }[39m
[31m         },[39m
[31m         referenceNumber: "REQ-1783933641954",[39m
[31m         status: "DRAFT",[39m
[31m         purchaseDetail: {[39m
[31m           create: {[39m
[31m             estimatedCost: 2000,[39m
[31m     +       itemDescription: String[39m
[31m           }[39m
[31m         }[39m
[31m       }[39m
[31m     })[39m

[31mArgument `itemDescription` is missing. - /api/v1/requests - POST - ::ffff:127.0.0.1[39m
[2026-07-13 14:37:22:3722] [[31merror[39m]: [31m500 - [39m
[31mInvalid `prisma.request.create()` invocation in[39m
[31mC:/Users/vimal/OneDrive/Jubilee hospital demo/mediflow-core/server/src/request/request.service.ts:46:45[39m

[31m  43 if (cleanData.type === 'PURCHASE' && details) {[39m
[31m  44     requestData.purchaseDetail = { create: details };[39m
[31m  45 }[39m
[31m→ 46 const newRequest = await prisma.request.create({[39m
[31m       data: {[39m
[31m         title: "Reject Test",[39m
[31m         type: "PURCHASE",[39m
[31m         requestedBy: {[39m
[31m           connect: {[39m
[31m             id: "5a12eef9-2bdd-485f-b56f-64929807c544"[39m
[31m           }[39m
[31m         },[39m
[31m         department: {[39m
[31m           connect: {[39m
[31m             id: "417fc17f-1e85-48e1-9884-3dc2b8c9bd38"[39m
[31m           }[39m
[31m         },[39m
[31m         workflowTemplate: {[39m
[31m           connect: {[39m
[31m             id: "ddecc977-e6e9-4ebe-a021-71483d0dc3a6"[39m
[31m           }[39m
[31m         },[39m
[31m         referenceNumber: "REQ-1783933642359",[39m
[31m         status: "DRAFT",[39m
[31m         purchaseDetail: {[39m
[31m           create: {[39m
[31m             estimatedCost: 1500,[39m
[31m     +       itemDescription: String[39m
[31m           }[39m
[31m         }[39m
[31m       }[39m
[31m     })[39m

[31mArgument `itemDescription` is missing. - /api/v1/requests - POST - ::ffff:127.0.0.1[39m
[2026-07-13 14:37:22:3722] [[31merror[39m]: [31m500 - [39m
[31mInvalid `prisma.request.create()` invocation in[39m
[31mC:/Users/vimal/OneDrive/Jubilee hospital demo/mediflow-core/server/src/request/request.service.ts:46:45[39m

[31m  43 if (cleanData.type === 'PURCHASE' && details) {[39m
[31m  44     requestData.purchaseDetail = { create: details };[39m
[31m  45 }[39m
[31m→ 46 const newRequest = await prisma.request.create({[39m
[31m       data: {[39m
[31m         title: "Needs Correction",[39m
[31m         type: "PURCHASE",[39m
[31m         requestedBy: {[39m
[31m           connect: {[39m
[31m             id: "5a12eef9-2bdd-485f-b56f-64929807c544"[39m
[31m           }[39m
[31m         },[39m
[31m         department: {[39m
[31m           connect: {[39m
[31m             id: "417fc17f-1e85-48e1-9884-3dc2b8c9bd38"[39m
[31m           }[39m
[31m         },[39m
[31m         workflowTemplate: {[39m
[31m           connect: {[39m
[31m             id: "ddecc977-e6e9-4ebe-a021-71483d0dc3a6"[39m
[31m           }[39m
[31m         },[39m
[31m         referenceNumber: "REQ-1783933642682",[39m
[31m         status: "DRAFT",[39m
[31m         purchaseDetail: {[39m
[31m           create: {[39m
[31m             estimatedCost: 1200,[39m
[31m     +       itemDescription: String[39m
[31m           }[39m
[31m         }[39m
[31m       }[39m
[31m     })[39m

[31mArgument `itemDescription` is missing. - /api/v1/requests - POST - ::ffff:127.0.0.1[39m
[2026-07-13 14:37:23:3723] [[31merror[39m]: [31m500 - [39m
[31mInvalid `prisma.request.create()` invocation in[39m
[31mC:/Users/vimal/OneDrive/Jubilee hospital demo/mediflow-core/server/src/request/request.service.ts:46:45[39m

[31m  43 if (cleanData.type === 'PURCHASE' && details) {[39m
[31m  44     requestData.purchaseDetail = { create: details };[39m
[31m  45 }[39m
[31m→ 46 const newRequest = await prisma.request.create({[39m
[31m       data: {[39m
[31m         title: "Cancel Test",[39m
[31m         type: "PURCHASE",[39m
[31m         requestedBy: {[39m
[31m           connect: {[39m
[31m             id: "5a12eef9-2bdd-485f-b56f-64929807c544"[39m
[31m           }[39m
[31m         },[39m
[31m         department: {[39m
[31m           connect: {[39m
[31m             id: "417fc17f-1e85-48e1-9884-3dc2b8c9bd38"[39m
[31m           }[39m
[31m         },[39m
[31m         workflowTemplate: {[39m
[31m           connect: {[39m
[31m             id: "ddecc977-e6e9-4ebe-a021-71483d0dc3a6"[39m
[31m           }[39m
[31m         },[39m
[31m         referenceNumber: "REQ-1783933643076",[39m
[31m         status: "DRAFT",[39m
[31m         purchaseDetail: {[39m
[31m           create: {[39m
[31m             estimatedCost: 800,[39m
[31m     +       itemDescription: String[39m
[31m           }[39m
[31m         }[39m
[31m       }[39m
[31m     })[39m

[31mArgument `itemDescription` is missing. - /api/v1/requests - POST - ::ffff:127.0.0.1[39m
[2026-07-13 14:38:00:380] [[31merror[39m]: [31m404 - Can't find /api/v1/requests/889b1ec3-6a15-4377-ab33-e840c43cae93/approve on this server! - /api/v1/requests/889b1ec3-6a15-4377-ab33-e840c43cae93/approve - POST - ::ffff:127.0.0.1[39m
[2026-07-13 14:38:02:382] [[31merror[39m]: [31m404 - Can't find /api/v1/requests/eaf53b79-aa92-47ae-beb4-2b9e98b89adc/reject on this server! - /api/v1/requests/eaf53b79-aa92-47ae-beb4-2b9e98b89adc/reject - POST - ::ffff:127.0.0.1[39m
[2026-07-13 14:38:04:384] [[31merror[39m]: [31m404 - Can't find /api/v1/requests/8b38f4c5-ea12-4f33-8204-883b14d1d36b/return on this server! - /api/v1/requests/8b38f4c5-ea12-4f33-8204-883b14d1d36b/return - POST - ::ffff:127.0.0.1[39m
[2026-07-13 22:44:33:4433] [[31merror[39m]: [31m500 - WorkflowEngine is not defined - /api/v1/requests/3a3c8d61-2734-441d-8e9e-099aa344b2fb/submit - POST - ::ffff:127.0.0.1[39m
[2026-07-13 22:44:34:4434] [[31merror[39m]: [31m500 - WorkflowEngine is not defined - /api/v1/requests/a1a70700-ca18-4535-9db5-3592278515e1/submit - POST - ::ffff:127.0.0.1[39m
[2026-07-13 22:44:35:4435] [[31merror[39m]: [31m500 - WorkflowEngine is not defined - /api/v1/requests/ca3c0ddd-116e-4fd6-aba9-306249f43836/submit - POST - ::ffff:127.0.0.1[39m
[2026-07-13 22:44:36:4436] [[31merror[39m]: [31m500 - WorkflowEngine is not defined - /api/v1/requests/2b460347-230e-4c45-964d-6d953eee955f/cancel - POST - ::ffff:127.0.0.1[39m
[2026-07-14 10:06:49:649] [[31merror[39m]: [31m401 - Invalid email or password. - /api/v1/auth/login - POST - ::1[39m
[2026-07-14 10:06:49:649] [[31merror[39m]: [31mError: Invalid email or password.[39m
[31m    at <anonymous> (C:\Users\vimal\OneDrive\Jubilee hospital demo\mediflow-core\server\src\routes\auth.ts:25:19)[39m
[31m    at process.processTicksAndRejections (node:internal/process/task_queues:103:5)[39m
[2026-07-14 10:07:21:721] [[31merror[39m]: [31m401 - Invalid email or password. - /api/v1/auth/login - POST - ::1[39m
[2026-07-14 10:07:21:721] [[31merror[39m]: [31mError: Invalid email or password.[39m
[31m    at <anonymous> (C:\Users\vimal\OneDrive\Jubilee hospital demo\mediflow-core\server\src\routes\auth.ts:25:19)[39m
[31m    at process.processTicksAndRejections (node:internal/process/task_queues:103:5)[39m
[2026-07-14 10:07:46:746] [[31merror[39m]: [31m401 - Invalid email or password. - /api/v1/auth/login - POST - ::1[39m
[2026-07-14 10:07:46:746] [[31merror[39m]: [31mError: Invalid email or password.[39m
[31m    at <anonymous> (C:\Users\vimal\OneDrive\Jubilee hospital demo\mediflow-core\server\src\routes\auth.ts:25:19)[39m
[31m    at process.processTicksAndRejections (node:internal/process/task_queues:103:5)[39m
[2026-07-14 22:38:50:3850] [[31merror[39m]: [31m500 - [39m
[31mInvalid `prisma.approvalAction.findMany()` invocation in[39m
[31mC:\Users\vimal\OneDrive\Jubilee hospital demo\mediflow-core\server\src\request\request.service.ts:296:34[39m

[31m  293 static async getComments(requestId: string, actor: AuthUser) {[39m
[31m  294   // Ensure the user can view the request[39m
[31m  295   await this.getRequestById(requestId, actor);[39m
[31m→ 296   return prisma.approvalAction.findMany({[39m
[31m          where: {[39m
[31m            requestId: "1b377edc-7782-4ed5-9415-d49e75c91365",[39m
[31m            action: undefined[39m
[31m          },[39m
[31m          select: {[39m
[31m            id: true,[39m
[31m            comment: true,[39m
[31m            actorId: true,[39m
[31m            createdAt: true,[39m
[31m            ~~~~~~~~~[39m
[31m        ?   requestId?: true,[39m
[31m        ?   stepId?: true,[39m
[31m        ?   action?: true,[39m
[31m        ?   takenAt?: true,[39m
[31m        ?   request?: true[39m
[31m          }[39m
[31m        })[39m

[31mUnknown field `createdAt` for select statement on model `ApprovalAction`. Available options are marked with ?. - /api/v1/requests/1b377edc-7782-4ed5-9415-d49e75c91365/comments - GET - ::1[39m
[2026-07-14 22:38:50:3850] [[31merror[39m]: [31mPrismaClientValidationError: [39m
[31mInvalid `prisma.approvalAction.findMany()` invocation in[39m
[31mC:\Users\vimal\OneDrive\Jubilee hospital demo\mediflow-core\server\src\request\request.service.ts:296:34[39m

[31m  293 static async getComments(requestId: string, actor: AuthUser) {[39m
[31m  294   // Ensure the user can view the request[39m
[31m  295   await this.getRequestById(requestId, actor);[39m
[31m→ 296   return prisma.approvalAction.findMany({[39m
[31m          where: {[39m
[31m            requestId: "1b377edc-7782-4ed5-9415-d49e75c91365",[39m
[31m            action: undefined[39m
[31m          },[39m
[31m          select: {[39m
[31m            id: true,[39m
[31m            comment: true,[39m
[31m            actorId: true,[39m
[31m            createdAt: true,[39m
[31m            ~~~~~~~~~[39m
[31m        ?   requestId?: true,[39m
[31m        ?   stepId?: true,[39m
[31m        ?   action?: true,[39m
[31m        ?   takenAt?: true,[39m
[31m        ?   request?: true[39m
[31m          }[39m
[31m        })[39m

[31mUnknown field `createdAt` for select statement on model `ApprovalAction`. Available options are marked with ?.[39m
[31m    at throwValidationException (C:\Users\vimal\OneDrive\Jubilee hospital demo\mediflow-core\server\node_modules\@prisma\client\src\runtime\core\errorRendering\throwValidationException.ts:46:9)[39m
[31m    at zr.handleRequestError (C:\Users\vimal\OneDrive\Jubilee hospital demo\mediflow-core\server\node_modules\@prisma\client\src\runtime\RequestHandler.ts:211:7)[39m
[31m    at zr.handleAndLogRequestError (C:\Users\vimal\OneDrive\Jubilee hospital demo\mediflow-core\server\node_modules\@prisma\client\src\runtime\RequestHandler.ts:183:12)[39m
[31m    at zr.request (C:\Users\vimal\OneDrive\Jubilee hospital demo\mediflow-core\server\node_modules\@prisma\client\src\runtime\RequestHandler.ts:152:12)[39m
[31m    at process.processTicksAndRejections (node:internal/process/task_queues:103:5)[39m
[31m    at async a (C:\Users\vimal\OneDrive\Jubilee hospital demo\mediflow-core\server\node_modules\@prisma\client\src\runtime\getPrismaClient.ts:963:24)[39m
[31m    at async getComments (C:\Users\vimal\OneDrive\Jubilee hospital demo\mediflow-core\server\src\controllers\request.controller.ts:104:20)[39m
[2026-07-14 22:38:50:3850] [[31merror[39m]: [31m500 - Cannot read properties of undefined (reading 'findMany') - /api/v1/requests/1b377edc-7782-4ed5-9415-d49e75c91365/documents - GET - ::1[39m
[2026-07-14 22:38:50:3850] [[31merror[39m]: [31mTypeError: Cannot read properties of undefined (reading 'findMany')[39m
[31m    at RequestService.getDocuments (C:\Users\vimal\OneDrive\Jubilee hospital demo\mediflow-core\server\src\request\request.service.ts:312:28)[39m
[31m    at process.processTicksAndRejections (node:internal/process/task_queues:103:5)[39m
[31m    at async getDocuments (C:\Users\vimal\OneDrive\Jubilee hospital demo\mediflow-core\server\src\controllers\request.controller.ts:110:21)[39m
[2026-07-14 22:38:50:3850] [[31merror[39m]: [31m500 - [39m
[31mInvalid `prisma.approvalAction.findMany()` invocation in[39m
[31mC:\Users\vimal\OneDrive\Jubilee hospital demo\mediflow-core\server\src\request\request.service.ts:296:34[39m

[31m  293 static async getComments(requestId: string, actor: AuthUser) {[39m
[31m  294   // Ensure the user can view the request[39m
[31m  295   await this.getRequestById(requestId, actor);[39m
[31m→ 296   return prisma.approvalAction.findMany({[39m
[31m          where: {[39m
[31m            requestId: "1b377edc-7782-4ed5-9415-d49e75c91365",[39m
[31m            action: undefined[39m
[31m          },[39m
[31m          select: {[39m
[31m            id: true,[39m
[31m            comment: true,[39m
[31m            actorId: true,[39m
[31m            createdAt: true,[39m
[31m            ~~~~~~~~~[39m
[31m        ?   requestId?: true,[39m
[31m        ?   stepId?: true,[39m
[31m        ?   action?: true,[39m
[31m        ?   takenAt?: true,[39m
[31m        ?   request?: true[39m
[31m          }[39m
[31m        })[39m

[31mUnknown field `createdAt` for select statement on model `ApprovalAction`. Available options are marked with ?. - /api/v1/requests/1b377edc-7782-4ed5-9415-d49e75c91365/comments - GET - ::1[39m
[2026-07-14 22:38:50:3850] [[31merror[39m]: [31mPrismaClientValidationError: [39m
[31mInvalid `prisma.approvalAction.findMany()` invocation in[39m
[31mC:\Users\vimal\OneDrive\Jubilee hospital demo\mediflow-core\server\src\request\request.service.ts:296:34[39m

[31m  293 static async getComments(requestId: string, actor: AuthUser) {[39m
[31m  294   // Ensure the user can view the request[39m
[31m  295   await this.getRequestById(requestId, actor);[39m
[31m→ 296   return prisma.approvalAction.findMany({[39m
[31m          where: {[39m
[31m            requestId: "1b377edc-7782-4ed5-9415-d49e75c91365",[39m
[31m            action: undefined[39m
[31m          },[39m
[31m          select: {[39m
[31m            id: true,[39m
[31m            comment: true,[39m
[31m            actorId: true,[39m
[31m            createdAt: true,[39m
[31m            ~~~~~~~~~[39m
[31m        ?   requestId?: true,[39m
[31m        ?   stepId?: true,[39m
[31m        ?   action?: true,[39m
[31m        ?   takenAt?: true,[39m
[31m        ?   request?: true[39m
[31m          }[39m
[31m        })[39m

[31mUnknown field `createdAt` for select statement on model `ApprovalAction`. Available options are marked with ?.[39m
[31m    at throwValidationException (C:\Users\vimal\OneDrive\Jubilee hospital demo\mediflow-core\server\node_modules\@prisma\client\src\runtime\core\errorRendering\throwValidationException.ts:46:9)[39m
[31m    at zr.handleRequestError (C:\Users\vimal\OneDrive\Jubilee hospital demo\mediflow-core\server\node_modules\@prisma\client\src\runtime\RequestHandler.ts:211:7)[39m
[31m    at zr.handleAndLogRequestError (C:\Users\vimal\OneDrive\Jubilee hospital demo\mediflow-core\server\node_modules\@prisma\client\src\runtime\RequestHandler.ts:183:12)[39m
[31m    at zr.request (C:\Users\vimal\OneDrive\Jubilee hospital demo\mediflow-core\server\node_modules\@prisma\client\src\runtime\RequestHandler.ts:152:12)[39m
[31m    at process.processTicksAndRejections (node:internal/process/task_queues:103:5)[39m
[31m    at async a (C:\Users\vimal\OneDrive\Jubilee hospital demo\mediflow-core\server\node_modules\@prisma\client\src\runtime\getPrismaClient.ts:963:24)[39m
[31m    at async getComments (C:\Users\vimal\OneDrive\Jubilee hospital demo\mediflow-core\server\src\controllers\request.controller.ts:104:20)[39m
[2026-07-14 22:38:51:3851] [[31merror[39m]: [31m500 - Cannot read properties of undefined (reading 'findMany') - /api/v1/requests/1b377edc-7782-4ed5-9415-d49e75c91365/documents - GET - ::1[39m
[2026-07-14 22:38:51:3851] [[31merror[39m]: [31mTypeError: Cannot read properties of undefined (reading 'findMany')[39m
[31m    at RequestService.getDocuments (C:\Users\vimal\OneDrive\Jubilee hospital demo\mediflow-core\server\src\request\request.service.ts:312:28)[39m
[31m    at process.processTicksAndRejections (node:internal/process/task_queues:103:5)[39m
[31m    at async getDocuments (C:\Users\vimal\OneDrive\Jubilee hospital demo\mediflow-core\server\src\controllers\request.controller.ts:110:21)[39m
[2026-07-14 22:44:02:442] [[31merror[39m]: [31m500 - Cannot read properties of undefined (reading 'findMany') - /api/v1/requests/1b377edc-7782-4ed5-9415-d49e75c91365/documents - GET - ::1[39m
[2026-07-14 22:44:02:442] [[31merror[39m]: [31mTypeError: Cannot read properties of undefined (reading 'findMany')[39m
[31m    at RequestService.getDocuments (C:\Users\vimal\OneDrive\Jubilee hospital demo\mediflow-core\server\src\request\request.service.ts:312:28)[39m
[31m    at process.processTicksAndRejections (node:internal/process/task_queues:103:5)[39m
[31m    at async getDocuments (C:\Users\vimal\OneDrive\Jubilee hospital demo\mediflow-core\server\src\controllers\request.controller.ts:110:21)[39m
[2026-07-14 22:44:03:443] [[31merror[39m]: [31m500 - [39m
[31mInvalid `prisma.approvalAction.findMany()` invocation in[39m
[31mC:\Users\vimal\OneDrive\Jubilee hospital demo\mediflow-core\server\src\request\request.service.ts:296:34[39m

[31m  293 static async getComments(requestId: string, actor: AuthUser) {[39m
[31m  294   // Ensure the user can view the request[39m
[31m  295   await this.getRequestById(requestId, actor);[39m
[31m→ 296   return prisma.approvalAction.findMany({[39m
[31m          where: {[39m
[31m            requestId: "1b377edc-7782-4ed5-9415-d49e75c91365",[39m
[31m            action: undefined[39m
[31m          },[39m
[31m          select: {[39m
[31m            id: true,[39m
[31m            comment: true,[39m
[31m            actorId: true,[39m
[31m            createdAt: true,[39m
[31m            ~~~~~~~~~[39m
[31m        ?   requestId?: true,[39m
[31m        ?   stepId?: true,[39m
[31m        ?   action?: true,[39m
[31m        ?   takenAt?: true,[39m
[31m        ?   request?: true[39m
[31m          }[39m
[31m        })[39m

[31mUnknown field `createdAt` for select statement on model `ApprovalAction`. Available options are marked with ?. - /api/v1/requests/1b377edc-7782-4ed5-9415-d49e75c91365/comments - GET - ::1[39m
[2026-07-14 22:44:03:443] [[31merror[39m]: [31mPrismaClientValidationError: [39m
[31mInvalid `prisma.approvalAction.findMany()` invocation in[39m
[31mC:\Users\vimal\OneDrive\Jubilee hospital demo\mediflow-core\server\src\request\request.service.ts:296:34[39m

[31m  293 static async getComments(requestId: string, actor: AuthUser) {[39m
[31m  294   // Ensure the user can view the request[39m
[31m  295   await this.getRequestById(requestId, actor);[39m
[31m→ 296   return prisma.approvalAction.findMany({[39m
[31m          where: {[39m
[31m            requestId: "1b377edc-7782-4ed5-9415-d49e75c91365",[39m
[31m            action: undefined[39m
[31m          },[39m
[31m          select: {[39m
[31m            id: true,[39m
[31m            comment: true,[39m
[31m            actorId: true,[39m
[31m            createdAt: true,[39m
[31m            ~~~~~~~~~[39m
[31m        ?   requestId?: true,[39m
[31m        ?   stepId?: true,[39m
[31m        ?   action?: true,[39m
[31m        ?   takenAt?: true,[39m
[31m        ?   request?: true[39m
[31m          }[39m
[31m        })[39m

[31mUnknown field `createdAt` for select statement on model `ApprovalAction`. Available options are marked with ?.[39m
[31m    at throwValidationException (C:\Users\vimal\OneDrive\Jubilee hospital demo\mediflow-core\server\node_modules\@prisma\client\src\runtime\core\errorRendering\throwValidationException.ts:46:9)[39m
[31m    at zr.handleRequestError (C:\Users\vimal\OneDrive\Jubilee hospital demo\mediflow-core\server\node_modules\@prisma\client\src\runtime\RequestHandler.ts:211:7)[39m
[31m    at zr.handleAndLogRequestError (C:\Users\vimal\OneDrive\Jubilee hospital demo\mediflow-core\server\node_modules\@prisma\client\src\runtime\RequestHandler.ts:183:12)[39m
[31m    at zr.request (C:\Users\vimal\OneDrive\Jubilee hospital demo\mediflow-core\server\node_modules\@prisma\client\src\runtime\RequestHandler.ts:152:12)[39m
[31m    at process.processTicksAndRejections (node:internal/process/task_queues:103:5)[39m
[31m    at async a (C:\Users\vimal\OneDrive\Jubilee hospital demo\mediflow-core\server\node_modules\@prisma\client\src\runtime\getPrismaClient.ts:963:24)[39m
[31m    at async getComments (C:\Users\vimal\OneDrive\Jubilee hospital demo\mediflow-core\server\src\controllers\request.controller.ts:104:20)[39m
[2026-07-14 22:44:03:443] [[31merror[39m]: [31m500 - Cannot read properties of undefined (reading 'findMany') - /api/v1/requests/1b377edc-7782-4ed5-9415-d49e75c91365/documents - GET - ::1[39m
[2026-07-14 22:44:03:443] [[31merror[39m]: [31mTypeError: Cannot read properties of undefined (reading 'findMany')[39m
[31m    at RequestService.getDocuments (C:\Users\vimal\OneDrive\Jubilee hospital demo\mediflow-core\server\src\request\request.service.ts:312:28)[39m
[31m    at process.processTicksAndRejections (node:internal/process/task_queues:103:5)[39m
[31m    at async getDocuments (C:\Users\vimal\OneDrive\Jubilee hospital demo\mediflow-core\server\src\controllers\request.controller.ts:110:21)[39m
[2026-07-14 22:44:04:444] [[31merror[39m]: [31m500 - [39m
[31mInvalid `prisma.approvalAction.findMany()` invocation in[39m
[31mC:\Users\vimal\OneDrive\Jubilee hospital demo\mediflow-core\server\src\request\request.service.ts:296:34[39m

[31m  293 static async getComments(requestId: string, actor: AuthUser) {[39m
[31m  294   // Ensure the user can view the request[39m
[31m  295   await this.getRequestById(requestId, actor);[39m
[31m→ 296   return prisma.approvalAction.findMany({[39m
[31m          where: {[39m
[31m            requestId: "1b377edc-7782-4ed5-9415-d49e75c91365",[39m
[31m            action: undefined[39m
[31m          },[39m
[31m          select: {[39m
[31m            id: true,[39m
[31m            comment: true,[39m
[31m            actorId: true,[39m
[31m            createdAt: true,[39m
[31m            ~~~~~~~~~[39m
[31m        ?   requestId?: true,[39m
[31m        ?   stepId?: true,[39m
[31m        ?   action?: true,[39m
[31m        ?   takenAt?: true,[39m
[31m        ?   request?: true[39m
[31m          }[39m
[31m        })[39m

[31mUnknown field `createdAt` for select statement on model `ApprovalAction`. Available options are marked with ?. - /api/v1/requests/1b377edc-7782-4ed5-9415-d49e75c91365/comments - GET - ::1[39m
[2026-07-14 22:44:04:444] [[31merror[39m]: [31mPrismaClientValidationError: [39m
[31mInvalid `prisma.approvalAction.findMany()` invocation in[39m
[31mC:\Users\vimal\OneDrive\Jubilee hospital demo\mediflow-core\server\src\request\request.service.ts:296:34[39m

[31m  293 static async getComments(requestId: string, actor: AuthUser) {[39m
[31m  294   // Ensure the user can view the request[39m
[31m  295   await this.getRequestById(requestId, actor);[39m
[31m→ 296   return prisma.approvalAction.findMany({[39m
[31m          where: {[39m
[31m            requestId: "1b377edc-7782-4ed5-9415-d49e75c91365",[39m
[31m            action: undefined[39m
[31m          },[39m
[31m          select: {[39m
[31m            id: true,[39m
[31m            comment: true,[39m
[31m            actorId: true,[39m
[31m            createdAt: true,[39m
[31m            ~~~~~~~~~[39m
[31m        ?   requestId?: true,[39m
[31m        ?   stepId?: true,[39m
[31m        ?   action?: true,[39m
[31m        ?   takenAt?: true,[39m
[31m        ?   request?: true[39m
[31m          }[39m
[31m        })[39m

[31mUnknown field `createdAt` for select statement on model `ApprovalAction`. Available options are marked with ?.[39m
[31m    at throwValidationException (C:\Users\vimal\OneDrive\Jubilee hospital demo\mediflow-core\server\node_modules\@prisma\client\src\runtime\core\errorRendering\throwValidationException.ts:46:9)[39m
[31m    at zr.handleRequestError (C:\Users\vimal\OneDrive\Jubilee hospital demo\mediflow-core\server\node_modules\@prisma\client\src\runtime\RequestHandler.ts:211:7)[39m
[31m    at zr.handleAndLogRequestError (C:\Users\vimal\OneDrive\Jubilee hospital demo\mediflow-core\server\node_modules\@prisma\client\src\runtime\RequestHandler.ts:183:12)[39m
[31m    at zr.request (C:\Users\vimal\OneDrive\Jubilee hospital demo\mediflow-core\server\node_modules\@prisma\client\src\runtime\RequestHandler.ts:152:12)[39m
[31m    at process.processTicksAndRejections (node:internal/process/task_queues:103:5)[39m
[31m    at async a (C:\Users\vimal\OneDrive\Jubilee hospital demo\mediflow-core\server\node_modules\@prisma\client\src\runtime\getPrismaClient.ts:963:24)[39m
[31m    at async getComments (C:\Users\vimal\OneDrive\Jubilee hospital demo\mediflow-core\server\src\controllers\request.controller.ts:104:20)[39m
[2026-07-14 22:46:39:4639] [[31merror[39m]: [31m500 - [39m
[31mInvalid `prisma.approvalAction.findMany()` invocation in[39m
[31mC:\Users\vimal\OneDrive\Jubilee hospital demo\mediflow-core\server\src\request\request.service.ts:296:34[39m

[31m  293 static async getComments(requestId: string, actor: AuthUser) {[39m
[31m  294   // Ensure the user can view the request[39m
[31m  295   await this.getRequestById(requestId, actor);[39m
[31m→ 296   return prisma.approvalAction.findMany({[39m
[31m          where: {[39m
[31m            requestId: "c0aae55d-6917-42ca-859f-928e588cda90",[39m
[31m            action: undefined[39m
[31m          },[39m
[31m          select: {[39m
[31m            id: true,[39m
[31m            comment: true,[39m
[31m            actorId: true,[39m
[31m            createdAt: true,[39m
[31m            ~~~~~~~~~[39m
[31m        ?   requestId?: true,[39m
[31m        ?   stepId?: true,[39m
[31m        ?   action?: true,[39m
[31m        ?   takenAt?: true,[39m
[31m        ?   request?: true[39m
[31m          }[39m
[31m        })[39m

[31mUnknown field `createdAt` for select statement on model `ApprovalAction`. Available options are marked with ?. - /api/v1/requests/c0aae55d-6917-42ca-859f-928e588cda90/comments - GET - ::1[39m
[2026-07-14 22:46:39:4639] [[31merror[39m]: [31mPrismaClientValidationError: [39m
[31mInvalid `prisma.approvalAction.findMany()` invocation in[39m
[31mC:\Users\vimal\OneDrive\Jubilee hospital demo\mediflow-core\server\src\request\request.service.ts:296:34[39m

[31m  293 static async getComments(requestId: string, actor: AuthUser) {[39m
[31m  294   // Ensure the user can view the request[39m
[31m  295   await this.getRequestById(requestId, actor);[39m
[31m→ 296   return prisma.approvalAction.findMany({[39m
[31m          where: {[39m
[31m            requestId: "c0aae55d-6917-42ca-859f-928e588cda90",[39m
[31m            action: undefined[39m
[31m          },[39m
[31m          select: {[39m
[31m            id: true,[39m
[31m            comment: true,[39m
[31m            actorId: true,[39m
[31m            createdAt: true,[39m
[31m            ~~~~~~~~~[39m
[31m        ?   requestId?: true,[39m
[31m        ?   stepId?: true,[39m
[31m        ?   action?: true,[39m
[31m        ?   takenAt?: true,[39m
[31m        ?   request?: true[39m
[31m          }[39m
[31m        })[39m

[31mUnknown field `createdAt` for select statement on model `ApprovalAction`. Available options are marked with ?.[39m
[31m    at throwValidationException (C:\Users\vimal\OneDrive\Jubilee hospital demo\mediflow-core\server\node_modules\@prisma\client\src\runtime\core\errorRendering\throwValidationException.ts:46:9)[39m
[31m    at zr.handleRequestError (C:\Users\vimal\OneDrive\Jubilee hospital demo\mediflow-core\server\node_modules\@prisma\client\src\runtime\RequestHandler.ts:211:7)[39m
[31m    at zr.handleAndLogRequestError (C:\Users\vimal\OneDrive\Jubilee hospital demo\mediflow-core\server\node_modules\@prisma\client\src\runtime\RequestHandler.ts:183:12)[39m
[31m    at zr.request (C:\Users\vimal\OneDrive\Jubilee hospital demo\mediflow-core\server\node_modules\@prisma\client\src\runtime\RequestHandler.ts:152:12)[39m
[31m    at process.processTicksAndRejections (node:internal/process/task_queues:103:5)[39m
[31m    at async a (C:\Users\vimal\OneDrive\Jubilee hospital demo\mediflow-core\server\node_modules\@prisma\client\src\runtime\getPrismaClient.ts:963:24)[39m
[31m    at async getComments (C:\Users\vimal\OneDrive\Jubilee hospital demo\mediflow-core\server\src\controllers\request.controller.ts:104:20)[39m
[2026-07-14 22:46:39:4639] [[31merror[39m]: [31m500 - Cannot read properties of undefined (reading 'findMany') - /api/v1/requests/c0aae55d-6917-42ca-859f-928e588cda90/documents - GET - ::1[39m
[2026-07-14 22:46:39:4639] [[31merror[39m]: [31mTypeError: Cannot read properties of undefined (reading 'findMany')[39m
[31m    at RequestService.getDocuments (C:\Users\vimal\OneDrive\Jubilee hospital demo\mediflow-core\server\src\request\request.service.ts:312:28)[39m
[31m    at process.processTicksAndRejections (node:internal/process/task_queues:103:5)[39m
[31m    at async getDocuments (C:\Users\vimal\OneDrive\Jubilee hospital demo\mediflow-core\server\src\controllers\request.controller.ts:110:21)[39m
[2026-07-14 22:46:40:4640] [[31merror[39m]: [31m500 - [39m
[31mInvalid `prisma.approvalAction.findMany()` invocation in[39m
[31mC:\Users\vimal\OneDrive\Jubilee hospital demo\mediflow-core\server\src\request\request.service.ts:296:34[39m

[31m  293 static async getComments(requestId: string, actor: AuthUser) {[39m
[31m  294   // Ensure the user can view the request[39m
[31m  295   await this.getRequestById(requestId, actor);[39m
[31m→ 296   return prisma.approvalAction.findMany({[39m
[31m          where: {[39m
[31m            requestId: "c0aae55d-6917-42ca-859f-928e588cda90",[39m
[31m            action: undefined[39m
[31m          },[39m
[31m          select: {[39m
[31m            id: true,[39m
[31m            comment: true,[39m
[31m            actorId: true,[39m
[31m            createdAt: true,[39m
[31m            ~~~~~~~~~[39m
[31m        ?   requestId?: true,[39m
[31m        ?   stepId?: true,[39m
[31m        ?   action?: true,[39m
[31m        ?   takenAt?: true,[39m
[31m        ?   request?: true[39m
[31m          }[39m
[31m        })[39m

[31mUnknown field `createdAt` for select statement on model `ApprovalAction`. Available options are marked with ?. - /api/v1/requests/c0aae55d-6917-42ca-859f-928e588cda90/comments - GET - ::1[39m
[2026-07-14 22:46:40:4640] [[31merror[39m]: [31mPrismaClientValidationError: [39m
[31mInvalid `prisma.approvalAction.findMany()` invocation in[39m
[31mC:\Users\vimal\OneDrive\Jubilee hospital demo\mediflow-core\server\src\request\request.service.ts:296:34[39m

[31m  293 static async getComments(requestId: string, actor: AuthUser) {[39m
[31m  294   // Ensure the user can view the request[39m
[31m  295   await this.getRequestById(requestId, actor);[39m
[31m→ 296   return prisma.approvalAction.findMany({[39m
[31m          where: {[39m
[31m            requestId: "c0aae55d-6917-42ca-859f-928e588cda90",[39m
[31m            action: undefined[39m
[31m          },[39m
[31m          select: {[39m
[31m            id: true,[39m
[31m            comment: true,[39m
[31m            actorId: true,[39m
[31m            createdAt: true,[39m
[31m            ~~~~~~~~~[39m
[31m        ?   requestId?: true,[39m
[31m        ?   stepId?: true,[39m
[31m        ?   action?: true,[39m
[31m        ?   takenAt?: true,[39m
[31m        ?   request?: true[39m
[31m          }[39m
[31m        })[39m

[31mUnknown field `createdAt` for select statement on model `ApprovalAction`. Available options are marked with ?.[39m
[31m    at throwValidationException (C:\Users\vimal\OneDrive\Jubilee hospital demo\mediflow-core\server\node_modules\@prisma\client\src\runtime\core\errorRendering\throwValidationException.ts:46:9)[39m
[31m    at zr.handleRequestError (C:\Users\vimal\OneDrive\Jubilee hospital demo\mediflow-core\server\node_modules\@prisma\client\src\runtime\RequestHandler.ts:211:7)[39m
[31m    at zr.handleAndLogRequestError (C:\Users\vimal\OneDrive\Jubilee hospital demo\mediflow-core\server\node_modules\@prisma\client\src\runtime\RequestHandler.ts:183:12)[39m
[31m    at zr.request (C:\Users\vimal\OneDrive\Jubilee hospital demo\mediflow-core\server\node_modules\@prisma\client\src\runtime\RequestHandler.ts:152:12)[39m
[31m    at process.processTicksAndRejections (node:internal/process/task_queues:103:5)[39m
[31m    at async a (C:\Users\vimal\OneDrive\Jubilee hospital demo\mediflow-core\server\node_modules\@prisma\client\src\runtime\getPrismaClient.ts:963:24)[39m
[31m    at async getComments (C:\Users\vimal\OneDrive\Jubilee hospital demo\mediflow-core\server\src\controllers\request.controller.ts:104:20)[39m
[2026-07-14 22:46:42:4642] [[31merror[39m]: [31m500 - Cannot read properties of undefined (reading 'findMany') - /api/v1/requests/c0aae55d-6917-42ca-859f-928e588cda90/documents - GET - ::1[39m
[2026-07-14 22:46:42:4642] [[31merror[39m]: [31mTypeError: Cannot read properties of undefined (reading 'findMany')[39m
[31m    at RequestService.getDocuments (C:\Users\vimal\OneDrive\Jubilee hospital demo\mediflow-core\server\src\request\request.service.ts:312:28)[39m
[31m    at process.processTicksAndRejections (node:internal/process/task_queues:103:5)[39m
[31m    at async getDocuments (C:\Users\vimal\OneDrive\Jubilee hospital demo\mediflow-core\server\src\controllers\request.controller.ts:110:21)[39m
[2026-07-14 22:49:47:4947] [[31merror[39m]: [31m500 - [39m
[31mInvalid `prisma.approvalAction.findMany()` invocation in[39m
[31mC:\Users\vimal\OneDrive\Jubilee hospital demo\mediflow-core\server\src\request\request.service.ts:296:34[39m

[31m  293 static async getComments(requestId: string, actor: AuthUser) {[39m
[31m  294   // Ensure the user can view the request[39m
[31m  295   await this.getRequestById(requestId, actor);[39m
[31m→ 296   return prisma.approvalAction.findMany({[39m
[31m          where: {[39m
[31m            requestId: "c0aae55d-6917-42ca-859f-928e588cda90",[39m
[31m            action: undefined[39m
[31m          },[39m
[31m          select: {[39m
[31m            id: true,[39m
[31m            comment: true,[39m
[31m            actorId: true,[39m
[31m            createdAt: true,[39m
[31m            ~~~~~~~~~[39m
[31m        ?   requestId?: true,[39m
[31m        ?   stepId?: true,[39m
[31m        ?   action?: true,[39m
[31m        ?   takenAt?: true,[39m
[31m        ?   request?: true[39m
[31m          }[39m
[31m        })[39m

[31mUnknown field `createdAt` for select statement on model `ApprovalAction`. Available options are marked with ?. - /api/v1/requests/c0aae55d-6917-42ca-859f-928e588cda90/comments - GET - ::1[39m
[2026-07-14 22:49:47:4947] [[31merror[39m]: [31mPrismaClientValidationError: [39m
[31mInvalid `prisma.approvalAction.findMany()` invocation in[39m
[31mC:\Users\vimal\OneDrive\Jubilee hospital demo\mediflow-core\server\src\request\request.service.ts:296:34[39m

[31m  293 static async getComments(requestId: string, actor: AuthUser) {[39m
[31m  294   // Ensure the user can view the request[39m
[31m  295   await this.getRequestById(requestId, actor);[39m
[31m→ 296   return prisma.approvalAction.findMany({[39m
[31m          where: {[39m
[31m            requestId: "c0aae55d-6917-42ca-859f-928e588cda90",[39m
[31m            action: undefined[39m
[31m          },[39m
[31m          select: {[39m
[31m            id: true,[39m
[31m            comment: true,[39m
[31m            actorId: true,[39m
[31m            createdAt: true,[39m
[31m            ~~~~~~~~~[39m
[31m        ?   requestId?: true,[39m
[31m        ?   stepId?: true,[39m
[31m        ?   action?: true,[39m
[31m        ?   takenAt?: true,[39m
[31m        ?   request?: true[39m
[31m          }[39m
[31m        })[39m

[31mUnknown field `createdAt` for select statement on model `ApprovalAction`. Available options are marked with ?.[39m
[31m    at throwValidationException (C:\Users\vimal\OneDrive\Jubilee hospital demo\mediflow-core\server\node_modules\@prisma\client\src\runtime\core\errorRendering\throwValidationException.ts:46:9)[39m
[31m    at zr.handleRequestError (C:\Users\vimal\OneDrive\Jubilee hospital demo\mediflow-core\server\node_modules\@prisma\client\src\runtime\RequestHandler.ts:211:7)[39m
[31m    at zr.handleAndLogRequestError (C:\Users\vimal\OneDrive\Jubilee hospital demo\mediflow-core\server\node_modules\@prisma\client\src\runtime\RequestHandler.ts:183:12)[39m
[31m    at zr.request (C:\Users\vimal\OneDrive\Jubilee hospital demo\mediflow-core\server\node_modules\@prisma\client\src\runtime\RequestHandler.ts:152:12)[39m
[31m    at process.processTicksAndRejections (node:internal/process/task_queues:103:5)[39m
[31m    at async a (C:\Users\vimal\OneDrive\Jubilee hospital demo\mediflow-core\server\node_modules\@prisma\client\src\runtime\getPrismaClient.ts:963:24)[39m
[31m    at async getComments (C:\Users\vimal\OneDrive\Jubilee hospital demo\mediflow-core\server\src\controllers\request.controller.ts:104:20)[39m
[2026-07-14 22:49:47:4947] [[31merror[39m]: [31m500 - Cannot read properties of undefined (reading 'findMany') - /api/v1/requests/c0aae55d-6917-42ca-859f-928e588cda90/documents - GET - ::1[39m
[2026-07-14 22:49:47:4947] [[31merror[39m]: [31mTypeError: Cannot read properties of undefined (reading 'findMany')[39m
[31m    at RequestService.getDocuments (C:\Users\vimal\OneDrive\Jubilee hospital demo\mediflow-core\server\src\request\request.service.ts:312:28)[39m
[31m    at process.processTicksAndRejections (node:internal/process/task_queues:103:5)[39m
[31m    at async getDocuments (C:\Users\vimal\OneDrive\Jubilee hospital demo\mediflow-core\server\src\controllers\request.controller.ts:110:21)[39m
[2026-07-14 22:49:48:4948] [[31merror[39m]: [31m500 - [39m
[31mInvalid `prisma.approvalAction.findMany()` invocation in[39m
[31mC:\Users\vimal\OneDrive\Jubilee hospital demo\mediflow-core\server\src\request\request.service.ts:296:34[39m

[31m  293 static async getComments(requestId: string, actor: AuthUser) {[39m
[31m  294   // Ensure the user can view the request[39m
[31m  295   await this.getRequestById(requestId, actor);[39m
[31m→ 296   return prisma.approvalAction.findMany({[39m
[31m          where: {[39m
[31m            requestId: "c0aae55d-6917-42ca-859f-928e588cda90",[39m
[31m            action: undefined[39m
[31m          },[39m
[31m          select: {[39m
[31m            id: true,[39m
[31m            comment: true,[39m
[31m            actorId: true,[39m
[31m            createdAt: true,[39m
[31m            ~~~~~~~~~[39m
[31m        ?   requestId?: true,[39m
[31m        ?   stepId?: true,[39m
[31m        ?   action?: true,[39m
[31m        ?   takenAt?: true,[39m
[31m        ?   request?: true[39m
[31m          }[39m
[31m        })[39m

[31mUnknown field `createdAt` for select statement on model `ApprovalAction`. Available options are marked with ?. - /api/v1/requests/c0aae55d-6917-42ca-859f-928e588cda90/comments - GET - ::1[39m
[2026-07-14 22:49:48:4948] [[31merror[39m]: [31mPrismaClientValidationError: [39m
[31mInvalid `prisma.approvalAction.findMany()` invocation in[39m
[31mC:\Users\vimal\OneDrive\Jubilee hospital demo\mediflow-core\server\src\request\request.service.ts:296:34[39m

[31m  293 static async getComments(requestId: string, actor: AuthUser) {[39m
[31m  294   // Ensure the user can view the request[39m
[31m  295   await this.getRequestById(requestId, actor);[39m
[31m→ 296   return prisma.approvalAction.findMany({[39m
[31m          where: {[39m
[31m            requestId: "c0aae55d-6917-42ca-859f-928e588cda90",[39m
[31m            action: undefined[39m
[31m          },[39m
[31m          select: {[39m
[31m            id: true,[39m
[31m            comment: true,[39m
[31m            actorId: true,[39m
[31m            createdAt: true,[39m
[31m            ~~~~~~~~~[39m
[31m        ?   requestId?: true,[39m
[31m        ?   stepId?: true,[39m
[31m        ?   action?: true,[39m
[31m        ?   takenAt?: true,[39m
[31m        ?   request?: true[39m
[31m          }[39m
[31m        })[39m

[31mUnknown field `createdAt` for select statement on model `ApprovalAction`. Available options are marked with ?.[39m
[31m    at throwValidationException (C:\Users\vimal\OneDrive\Jubilee hospital demo\mediflow-core\server\node_modules\@prisma\client\src\runtime\core\errorRendering\throwValidationException.ts:46:9)[39m
[31m    at zr.handleRequestError (C:\Users\vimal\OneDrive\Jubilee hospital demo\mediflow-core\server\node_modules\@prisma\client\src\runtime\RequestHandler.ts:211:7)[39m
[31m    at zr.handleAndLogRequestError (C:\Users\vimal\OneDrive\Jubilee hospital demo\mediflow-core\server\node_modules\@prisma\client\src\runtime\RequestHandler.ts:183:12)[39m
[31m    at zr.request (C:\Users\vimal\OneDrive\Jubilee hospital demo\mediflow-core\server\node_modules\@prisma\client\src\runtime\RequestHandler.ts:152:12)[39m
[31m    at process.processTicksAndRejections (node:internal/process/task_queues:103:5)[39m
[31m    at async a (C:\Users\vimal\OneDrive\Jubilee hospital demo\mediflow-core\server\node_modules\@prisma\client\src\runtime\getPrismaClient.ts:963:24)[39m
[31m    at async getComments (C:\Users\vimal\OneDrive\Jubilee hospital demo\mediflow-core\server\src\controllers\request.controller.ts:104:20)[39m
[2026-07-14 22:49:48:4948] [[31merror[39m]: [31m500 - Cannot read properties of undefined (reading 'findMany') - /api/v1/requests/c0aae55d-6917-42ca-859f-928e588cda90/documents - GET - ::1[39m
[2026-07-14 22:49:48:4948] [[31merror[39m]: [31mTypeError: Cannot read properties of undefined (reading 'findMany')[39m
[31m    at RequestService.getDocuments (C:\Users\vimal\OneDrive\Jubilee hospital demo\mediflow-core\server\src\request\request.service.ts:312:28)[39m
[31m    at process.processTicksAndRejections (node:internal/process/task_queues:103:5)[39m
[31m    at async getDocuments (C:\Users\vimal\OneDrive\Jubilee hospital demo\mediflow-core\server\src\controllers\request.controller.ts:110:21)[39m
[2026-07-14 23:33:04:334] [[31merror[39m]: [31m401 - Invalid email or password. - /api/v1/auth/login - POST - ::1[39m
[2026-07-14 23:33:04:334] [[31merror[39m]: [31mError: Invalid email or password.[39m
[31m    at <anonymous> (C:\Users\vimal\OneDrive\Jubilee hospital demo\mediflow-core\server\src\routes\auth.ts:25:19)[39m
[31m    at process.processTicksAndRejections (node:internal/process/task_queues:103:5)[39m
[2026-07-14 23:33:04:334] [[31merror[39m]: [31m401 - Please sign in to access this page. - /api/v1/users - GET - ::1[39m
[2026-07-14 23:33:04:334] [[31merror[39m]: [31mError: Please sign in to access this page.[39m
[31m    at requireAuth (C:\Users\vimal\OneDrive\Jubilee hospital demo\mediflow-core\server\src\middleware\auth.ts:28:19)[39m
[31m    at Layer.handleRequest (C:\Users\vimal\OneDrive\Jubilee hospital demo\mediflow-core\server\node_modules\router\lib\layer.js:152:17)[39m
[31m    at trimPrefix (C:\Users\vimal\OneDrive\Jubilee hospital demo\mediflow-core\server\node_modules\router\index.js:342:13)[39m
[31m    at C:\Users\vimal\OneDrive\Jubilee hospital demo\mediflow-core\server\node_modules\router\index.js:297:9[39m
[31m    at processParams (C:\Users\vimal\OneDrive\Jubilee hospital demo\mediflow-core\server\node_modules\router\index.js:582:12)[39m
[31m    at next (C:\Users\vimal\OneDrive\Jubilee hospital demo\mediflow-core\server\node_modules\router\index.js:291:5)[39m
[31m    at router.handle (C:\Users\vimal\OneDrive\Jubilee hospital demo\mediflow-core\server\node_modules\router\index.js:186:3)[39m
[31m    at router (C:\Users\vimal\OneDrive\Jubilee hospital demo\mediflow-core\server\node_modules\router\index.js:60:12)[39m
[31m    at Layer.handleRequest (C:\Users\vimal\OneDrive\Jubilee hospital demo\mediflow-core\server\node_modules\router\lib\layer.js:152:17)[39m
[31m    at trimPrefix (C:\Users\vimal\OneDrive\Jubilee hospital demo\mediflow-core\server\node_modules\router\index.js:342:13)[39m
[2026-07-14 23:33:04:334] [[31merror[39m]: [31m401 - Please sign in to access this page. - /api/v1/departments - GET - ::1[39m
[2026-07-14 23:33:04:334] [[31merror[39m]: [31mError: Please sign in to access this page.[39m
[31m    at requireAuth (C:\Users\vimal\OneDrive\Jubilee hospital demo\mediflow-core\server\src\middleware\auth.ts:28:19)[39m
[31m    at Layer.handleRequest (C:\Users\vimal\OneDrive\Jubilee hospital demo\mediflow-core\server\node_modules\router\lib\layer.js:152:17)[39m
[31m    at trimPrefix (C:\Users\vimal\OneDrive\Jubilee hospital demo\mediflow-core\server\node_modules\router\index.js:342:13)[39m
[31m    at C:\Users\vimal\OneDrive\Jubilee hospital demo\mediflow-core\server\node_modules\router\index.js:297:9[39m
[31m    at processParams (C:\Users\vimal\OneDrive\Jubilee hospital demo\mediflow-core\server\node_modules\router\index.js:582:12)[39m
[31m    at next (C:\Users\vimal\OneDrive\Jubilee hospital demo\mediflow-core\server\node_modules\router\index.js:291:5)[39m
[31m    at router.handle (C:\Users\vimal\OneDrive\Jubilee hospital demo\mediflow-core\server\node_modules\router\index.js:186:3)[39m
[31m    at router (C:\Users\vimal\OneDrive\Jubilee hospital demo\mediflow-core\server\node_modules\router\index.js:60:12)[39m
[31m    at Layer.handleRequest (C:\Users\vimal\OneDrive\Jubilee hospital demo\mediflow-core\server\node_modules\router\lib\layer.js:152:17)[39m
[31m    at trimPrefix (C:\Users\vimal\OneDrive\Jubilee hospital demo\mediflow-core\server\node_modules\router\index.js:342:13)[39m
[2026-07-14 23:33:04:334] [[31merror[39m]: [31m401 - Invalid email or password. - /api/v1/auth/login - POST - ::1[39m
[2026-07-14 23:33:04:334] [[31merror[39m]: [31mError: Invalid email or password.[39m
[31m    at <anonymous> (C:\Users\vimal\OneDrive\Jubilee hospital demo\mediflow-core\server\src\routes\auth.ts:25:19)[39m
[31m    at process.processTicksAndRejections (node:internal/process/task_queues:103:5)[39m
[2026-07-14 23:33:04:334] [[31merror[39m]: [31m401 - Please sign in to access this page. - /api/v1/users - GET - ::1[39m
[2026-07-14 23:33:04:334] [[31merror[39m]: [31mError: Please sign in to access this page.[39m
[31m    at requireAuth (C:\Users\vimal\OneDrive\Jubilee hospital demo\mediflow-core\server\src\middleware\auth.ts:28:19)[39m
[31m    at Layer.handleRequest (C:\Users\vimal\OneDrive\Jubilee hospital demo\mediflow-core\server\node_modules\router\lib\layer.js:152:17)[39m
[31m    at trimPrefix (C:\Users\vimal\OneDrive\Jubilee hospital demo\mediflow-core\server\node_modules\router\index.js:342:13)[39m
[31m    at C:\Users\vimal\OneDrive\Jubilee hospital demo\mediflow-core\server\node_modules\router\index.js:297:9[39m
[31m    at processParams (C:\Users\vimal\OneDrive\Jubilee hospital demo\mediflow-core\server\node_modules\router\index.js:582:12)[39m
[31m    at next (C:\Users\vimal\OneDrive\Jubilee hospital demo\mediflow-core\server\node_modules\router\index.js:291:5)[39m
[31m    at router.handle (C:\Users\vimal\OneDrive\Jubilee hospital demo\mediflow-core\server\node_modules\router\index.js:186:3)[39m
[31m    at router (C:\Users\vimal\OneDrive\Jubilee hospital demo\mediflow-core\server\node_modules\router\index.js:60:12)[39m
[31m    at Layer.handleRequest (C:\Users\vimal\OneDrive\Jubilee hospital demo\mediflow-core\server\node_modules\router\lib\layer.js:152:17)[39m
[31m    at trimPrefix (C:\Users\vimal\OneDrive\Jubilee hospital demo\mediflow-core\server\node_modules\router\index.js:342:13)[39m
[2026-07-14 23:33:04:334] [[31merror[39m]: [31m401 - Please sign in to access this page. - /api/v1/departments - GET - ::1[39m
[2026-07-14 23:33:04:334] [[31merror[39m]: [31mError: Please sign in to access this page.[39m
[31m    at requireAuth (C:\Users\vimal\OneDrive\Jubilee hospital demo\mediflow-core\server\src\middleware\auth.ts:28:19)[39m
[31m    at Layer.handleRequest (C:\Users\vimal\OneDrive\Jubilee hospital demo\mediflow-core\server\node_modules\router\lib\layer.js:152:17)[39m
[31m    at trimPrefix (C:\Users\vimal\OneDrive\Jubilee hospital demo\mediflow-core\server\node_modules\router\index.js:342:13)[39m
[31m    at C:\Users\vimal\OneDrive\Jubilee hospital demo\mediflow-core\server\node_modules\router\index.js:297:9[39m
[31m    at processParams (C:\Users\vimal\OneDrive\Jubilee hospital demo\mediflow-core\server\node_modules\router\index.js:582:12)[39m
[31m    at next (C:\Users\vimal\OneDrive\Jubilee hospital demo\mediflow-core\server\node_modules\router\index.js:291:5)[39m
[31m    at router.handle (C:\Users\vimal\OneDrive\Jubilee hospital demo\mediflow-core\server\node_modules\router\index.js:186:3)[39m
[31m    at router (C:\Users\vimal\OneDrive\Jubilee hospital demo\mediflow-core\server\node_modules\router\index.js:60:12)[39m
[31m    at Layer.handleRequest (C:\Users\vimal\OneDrive\Jubilee hospital demo\mediflow-core\server\node_modules\router\lib\layer.js:152:17)[39m
[31m    at trimPrefix (C:\Users\vimal\OneDrive\Jubilee hospital demo\mediflow-core\server\node_modules\router\index.js:342:13)[39m
[2026-07-14 23:34:11:3411] [[31merror[39m]: [31m403 - Access denied. You do not have permission to view this section. - /api/v1/users - GET - ::1[39m
[2026-07-14 23:34:11:3411] [[31merror[39m]: [31mError: Access denied. You do not have permission to view this section.[39m
[31m    at <anonymous> (C:\Users\vimal\OneDrive\Jubilee hospital demo\mediflow-core\server\src\middleware\auth.ts:69:9)[39m
[31m    at Layer.handleRequest (C:\Users\vimal\OneDrive\Jubilee hospital demo\mediflow-core\server\node_modules\router\lib\layer.js:152:17)[39m
[31m    at trimPrefix (C:\Users\vimal\OneDrive\Jubilee hospital demo\mediflow-core\server\node_modules\router\index.js:342:13)[39m
[31m    at C:\Users\vimal\OneDrive\Jubilee hospital demo\mediflow-core\server\node_modules\router\index.js:297:9[39m
[31m    at processParams (C:\Users\vimal\OneDrive\Jubilee hospital demo\mediflow-core\server\node_modules\router\index.js:582:12)[39m
[31m    at next (C:\Users\vimal\OneDrive\Jubilee hospital demo\mediflow-core\server\node_modules\router\index.js:291:5)[39m
[31m    at requireAuth (C:\Users\vimal\OneDrive\Jubilee hospital demo\mediflow-core\server\src\middleware\auth.ts:55:5)[39m
[31m    at process.processTicksAndRejections (node:internal/process/task_queues:103:5)[39m
[2026-07-14 23:34:11:3411] [[31merror[39m]: [31m403 - Access denied. You do not have permission to view this section. - /api/v1/departments - GET - ::1[39m
[2026-07-14 23:34:11:3411] [[31merror[39m]: [31mError: Access denied. You do not have permission to view this section.[39m
[31m    at <anonymous> (C:\Users\vimal\OneDrive\Jubilee hospital demo\mediflow-core\server\src\middleware\auth.ts:69:9)[39m
[31m    at Layer.handleRequest (C:\Users\vimal\OneDrive\Jubilee hospital demo\mediflow-core\server\node_modules\router\lib\layer.js:152:17)[39m
[31m    at trimPrefix (C:\Users\vimal\OneDrive\Jubilee hospital demo\mediflow-core\server\node_modules\router\index.js:342:13)[39m
[31m    at C:\Users\vimal\OneDrive\Jubilee hospital demo\mediflow-core\server\node_modules\router\index.js:297:9[39m
[31m    at processParams (C:\Users\vimal\OneDrive\Jubilee hospital demo\mediflow-core\server\node_modules\router\index.js:582:12)[39m
[31m    at next (C:\Users\vimal\OneDrive\Jubilee hospital demo\mediflow-core\server\node_modules\router\index.js:291:5)[39m
[31m    at requireAuth (C:\Users\vimal\OneDrive\Jubilee hospital demo\mediflow-core\server\src\middleware\auth.ts:55:5)[39m
[31m    at process.processTicksAndRejections (node:internal/process/task_queues:103:5)[39m
[2026-07-14 23:49:13:4913] [[31merror[39m]: [31m401 - Please sign in to access this page. - /api/v1/notifications - GET - ::1[39m
[2026-07-14 23:49:13:4913] [[31merror[39m]: [31mError: Please sign in to access this page.[39m
[31m    at requireAuth (C:\Users\vimal\OneDrive\Jubilee hospital demo\mediflow-core\server\src\middleware\auth.ts:28:19)[39m
[31m    at Layer.handleRequest (C:\Users\vimal\OneDrive\Jubilee hospital demo\mediflow-core\server\node_modules\router\lib\layer.js:152:17)[39m
[31m    at trimPrefix (C:\Users\vimal\OneDrive\Jubilee hospital demo\mediflow-core\server\node_modules\router\index.js:342:13)[39m
[31m    at C:\Users\vimal\OneDrive\Jubilee hospital demo\mediflow-core\server\node_modules\router\index.js:297:9[39m
[31m    at processParams (C:\Users\vimal\OneDrive\Jubilee hospital demo\mediflow-core\server\node_modules\router\index.js:582:12)[39m
[31m    at next (C:\Users\vimal\OneDrive\Jubilee hospital demo\mediflow-core\server\node_modules\router\index.js:291:5)[39m
[31m    at router.handle (C:\Users\vimal\OneDrive\Jubilee hospital demo\mediflow-core\server\node_modules\router\index.js:186:3)[39m
[31m    at router (C:\Users\vimal\OneDrive\Jubilee hospital demo\mediflow-core\server\node_modules\router\index.js:60:12)[39m
[31m    at Layer.handleRequest (C:\Users\vimal\OneDrive\Jubilee hospital demo\mediflow-core\server\node_modules\router\lib\layer.js:152:17)[39m
[31m    at trimPrefix (C:\Users\vimal\OneDrive\Jubilee hospital demo\mediflow-core\server\node_modules\router\index.js:342:13)[39m
[2026-07-14 23:49:13:4913] [[31merror[39m]: [31m401 - Please sign in to access this page. - /api/v1/notifications - GET - ::1[39m
[2026-07-14 23:49:13:4913] [[31merror[39m]: [31mError: Please sign in to access this page.[39m
[31m    at requireAuth (C:\Users\vimal\OneDrive\Jubilee hospital demo\mediflow-core\server\src\middleware\auth.ts:28:19)[39m
[31m    at Layer.handleRequest (C:\Users\vimal\OneDrive\Jubilee hospital demo\mediflow-core\server\node_modules\router\lib\layer.js:152:17)[39m
[31m    at trimPrefix (C:\Users\vimal\OneDrive\Jubilee hospital demo\mediflow-core\server\node_modules\router\index.js:342:13)[39m
[31m    at C:\Users\vimal\OneDrive\Jubilee hospital demo\mediflow-core\server\node_modules\router\index.js:297:9[39m
[31m    at processParams (C:\Users\vimal\OneDrive\Jubilee hospital demo\mediflow-core\server\node_modules\router\index.js:582:12)[39m
[31m    at next (C:\Users\vimal\OneDrive\Jubilee hospital demo\mediflow-core\server\node_modules\router\index.js:291:5)[39m
[31m    at router.handle (C:\Users\vimal\OneDrive\Jubilee hospital demo\mediflow-core\server\node_modules\router\index.js:186:3)[39m
[31m    at router (C:\Users\vimal\OneDrive\Jubilee hospital demo\mediflow-core\server\node_modules\router\index.js:60:12)[39m
[31m    at Layer.handleRequest (C:\Users\vimal\OneDrive\Jubilee hospital demo\mediflow-core\server\node_modules\router\lib\layer.js:152:17)[39m
[31m    at trimPrefix (C:\Users\vimal\OneDrive\Jubilee hospital demo\mediflow-core\server\node_modules\router\index.js:342:13)[39m
[2026-07-14 23:49:20:4920] [[31merror[39m]: [31m401 - Invalid email or password. - /api/v1/auth/login - POST - ::1[39m
[2026-07-14 23:49:20:4920] [[31merror[39m]: [31mError: Invalid email or password.[39m
[31m    at <anonymous> (C:\Users\vimal\OneDrive\Jubilee hospital demo\mediflow-core\server\src\routes\auth.ts:25:19)[39m
[2026-07-14 23:49:36:4936] [[31merror[39m]: [31m500 - Cannot read properties of undefined (reading 'findMany') - /api/v1/requests/4503a7a7-9bd1-4ee8-a0cd-0746cb2477b3/documents - GET - ::1[39m
[2026-07-14 23:49:36:4936] [[31merror[39m]: [31mTypeError: Cannot read properties of undefined (reading 'findMany')[39m
[31m    at RequestService.getDocuments (C:\Users\vimal\OneDrive\Jubilee hospital demo\mediflow-core\server\src\request\request.service.ts:332:28)[39m
[31m    at process.processTicksAndRejections (node:internal/process/task_queues:103:5)[39m
[31m    at async getDocuments (C:\Users\vimal\OneDrive\Jubilee hospital demo\mediflow-core\server\src\controllers\request.controller.ts:110:21)[39m
[2026-07-14 23:49:36:4936] [[31merror[39m]: [31m500 - [39m
[31mInvalid `prisma.approvalAction.findMany()` invocation in[39m
[31mC:\Users\vimal\OneDrive\Jubilee hospital demo\mediflow-core\server\src\request\request.service.ts:316:34[39m

[31m  313 static async getComments(requestId: string, actor: AuthUser) {[39m
[31m  314   // Ensure the user can view the request[39m
[31m  315   await this.getRequestById(requestId, actor);[39m
[31m→ 316   return prisma.approvalAction.findMany({[39m
[31m          where: {[39m
[31m            requestId: "4503a7a7-9bd1-4ee8-a0cd-0746cb2477b3",[39m
[31m            action: undefined[39m
[31m          },[39m
[31m          select: {[39m
[31m            id: true,[39m
[31m            comment: true,[39m
[31m            actorId: true,[39m
[31m            createdAt: true,[39m
[31m            ~~~~~~~~~[39m
[31m        ?   requestId?: true,[39m
[31m        ?   stepId?: true,[39m
[31m        ?   action?: true,[39m
[31m        ?   takenAt?: true,[39m
[31m        ?   request?: true[39m
[31m          }[39m
[31m        })[39m

[31mUnknown field `createdAt` for select statement on model `ApprovalAction`. Available options are marked with ?. - /api/v1/requests/4503a7a7-9bd1-4ee8-a0cd-0746cb2477b3/comments - GET - ::1[39m
[2026-07-14 23:49:36:4936] [[31merror[39m]: [31mPrismaClientValidationError: [39m
[31mInvalid `prisma.approvalAction.findMany()` invocation in[39m
[31mC:\Users\vimal\OneDrive\Jubilee hospital demo\mediflow-core\server\src\request\request.service.ts:316:34[39m

[31m  313 static async getComments(requestId: string, actor: AuthUser) {[39m
[31m  314   // Ensure the user can view the request[39m
[31m  315   await this.getRequestById(requestId, actor);[39m
[31m→ 316   return prisma.approvalAction.findMany({[39m
[31m          where: {[39m
[31m            requestId: "4503a7a7-9bd1-4ee8-a0cd-0746cb2477b3",[39m
[31m            action: undefined[39m
[31m          },[39m
[31m          select: {[39m
[31m            id: true,[39m
[31m            comment: true,[39m
[31m            actorId: true,[39m
[31m            createdAt: true,[39m
[31m            ~~~~~~~~~[39m
[31m        ?   requestId?: true,[39m
[31m        ?   stepId?: true,[39m
[31m        ?   action?: true,[39m
[31m        ?   takenAt?: true,[39m
[31m        ?   request?: true[39m
[31m          }[39m
[31m        })[39m

[31mUnknown field `createdAt` for select statement on model `ApprovalAction`. Available options are marked with ?.[39m
[31m    at throwValidationException (C:\Users\vimal\OneDrive\Jubilee hospital demo\mediflow-core\server\node_modules\@prisma\client\src\runtime\core\errorRendering\throwValidationException.ts:46:9)[39m
[31m    at zr.handleRequestError (C:\Users\vimal\OneDrive\Jubilee hospital demo\mediflow-core\server\node_modules\@prisma\client\src\runtime\RequestHandler.ts:211:7)[39m
[31m    at zr.handleAndLogRequestError (C:\Users\vimal\OneDrive\Jubilee hospital demo\mediflow-core\server\node_modules\@prisma\client\src\runtime\RequestHandler.ts:183:12)[39m
[31m    at zr.request (C:\Users\vimal\OneDrive\Jubilee hospital demo\mediflow-core\server\node_modules\@prisma\client\src\runtime\RequestHandler.ts:152:12)[39m
[31m    at process.processTicksAndRejections (node:internal/process/task_queues:103:5)[39m
[31m    at async a (C:\Users\vimal\OneDrive\Jubilee hospital demo\mediflow-core\server\node_modules\@prisma\client\src\runtime\getPrismaClient.ts:963:24)[39m
[31m    at async getComments (C:\Users\vimal\OneDrive\Jubilee hospital demo\mediflow-core\server\src\controllers\request.controller.ts:104:20)[39m
[2026-07-14 23:49:38:4938] [[31merror[39m]: [31m500 - Cannot read properties of undefined (reading 'findMany') - /api/v1/requests/4503a7a7-9bd1-4ee8-a0cd-0746cb2477b3/documents - GET - ::1[39m
[2026-07-14 23:49:38:4938] [[31merror[39m]: [31mTypeError: Cannot read properties of undefined (reading 'findMany')[39m
[31m    at RequestService.getDocuments (C:\Users\vimal\OneDrive\Jubilee hospital demo\mediflow-core\server\src\request\request.service.ts:332:28)[39m
[31m    at process.processTicksAndRejections (node:internal/process/task_queues:103:5)[39m
[31m    at async getDocuments (C:\Users\vimal\OneDrive\Jubilee hospital demo\mediflow-core\server\src\controllers\request.controller.ts:110:21)[39m
[2026-07-14 23:49:38:4938] [[31merror[39m]: [31m500 - [39m
[31mInvalid `prisma.approvalAction.findMany()` invocation in[39m
[31mC:\Users\vimal\OneDrive\Jubilee hospital demo\mediflow-core\server\src\request\request.service.ts:316:34[39m

[31m  313 static async getComments(requestId: string, actor: AuthUser) {[39m
[31m  314   // Ensure the user can view the request[39m
[31m  315   await this.getRequestById(requestId, actor);[39m
[31m→ 316   return prisma.approvalAction.findMany({[39m
[31m          where: {[39m
[31m            requestId: "4503a7a7-9bd1-4ee8-a0cd-0746cb2477b3",[39m
[31m            action: undefined[39m
[31m          },[39m
[31m          select: {[39m
[31m            id: true,[39m
[31m            comment: true,[39m
[31m            actorId: true,[39m
[31m            createdAt: true,[39m
[31m            ~~~~~~~~~[39m
[31m        ?   requestId?: true,[39m
[31m        ?   stepId?: true,[39m
[31m        ?   action?: true,[39m
[31m        ?   takenAt?: true,[39m
[31m        ?   request?: true[39m
[31m          }[39m
[31m        })[39m

[31mUnknown field `createdAt` for select statement on model `ApprovalAction`. Available options are marked with ?. - /api/v1/requests/4503a7a7-9bd1-4ee8-a0cd-0746cb2477b3/comments - GET - ::1[39m
[2026-07-14 23:49:38:4938] [[31merror[39m]: [31mPrismaClientValidationError: [39m
[31mInvalid `prisma.approvalAction.findMany()` invocation in[39m
[31mC:\Users\vimal\OneDrive\Jubilee hospital demo\mediflow-core\server\src\request\request.service.ts:316:34[39m

[31m  313 static async getComments(requestId: string, actor: AuthUser) {[39m
[31m  314   // Ensure the user can view the request[39m
[31m  315   await this.getRequestById(requestId, actor);[39m
[31m→ 316   return prisma.approvalAction.findMany({[39m
[31m          where: {[39m
[31m            requestId: "4503a7a7-9bd1-4ee8-a0cd-0746cb2477b3",[39m
[31m            action: undefined[39m
[31m          },[39m
[31m          select: {[39m
[31m            id: true,[39m
[31m            comment: true,[39m
[31m            actorId: true,[39m
[31m            createdAt: true,[39m
[31m            ~~~~~~~~~[39m
[31m        ?   requestId?: true,[39m
[31m        ?   stepId?: true,[39m
[31m        ?   action?: true,[39m
[31m        ?   takenAt?: true,[39m
[31m        ?   request?: true[39m
[31m          }[39m
[31m        })[39m

[31mUnknown field `createdAt` for select statement on model `ApprovalAction`. Available options are marked with ?.[39m
[31m    at throwValidationException (C:\Users\vimal\OneDrive\Jubilee hospital demo\mediflow-core\server\node_modules\@prisma\client\src\runtime\core\errorRendering\throwValidationException.ts:46:9)[39m
[31m    at zr.handleRequestError (C:\Users\vimal\OneDrive\Jubilee hospital demo\mediflow-core\server\node_modules\@prisma\client\src\runtime\RequestHandler.ts:211:7)[39m
[31m    at zr.handleAndLogRequestError (C:\Users\vimal\OneDrive\Jubilee hospital demo\mediflow-core\server\node_modules\@prisma\client\src\runtime\RequestHandler.ts:183:12)[39m
[31m    at zr.request (C:\Users\vimal\OneDrive\Jubilee hospital demo\mediflow-core\server\node_modules\@prisma\client\src\runtime\RequestHandler.ts:152:12)[39m
[31m    at process.processTicksAndRejections (node:internal/process/task_queues:103:5)[39m
[31m    at async a (C:\Users\vimal\OneDrive\Jubilee hospital demo\mediflow-core\server\node_modules\@prisma\client\src\runtime\getPrismaClient.ts:963:24)[39m
[31m    at async getComments (C:\Users\vimal\OneDrive\Jubilee hospital demo\mediflow-core\server\src\controllers\request.controller.ts:104:20)[39m
[2026-07-14 23:49:43:4943] [[31merror[39m]: [31m401 - Please sign in to access this page. - /api/v1/notifications - GET - ::1[39m
[2026-07-14 23:49:43:4943] [[31merror[39m]: [31mError: Please sign in to access this page.[39m
[31m    at requireAuth (C:\Users\vimal\OneDrive\Jubilee hospital demo\mediflow-core\server\src\middleware\auth.ts:28:19)[39m
[31m    at Layer.handleRequest (C:\Users\vimal\OneDrive\Jubilee hospital demo\mediflow-core\server\node_modules\router\lib\layer.js:152:17)[39m
[31m    at trimPrefix (C:\Users\vimal\OneDrive\Jubilee hospital demo\mediflow-core\server\node_modules\router\index.js:342:13)[39m
[31m    at C:\Users\vimal\OneDrive\Jubilee hospital demo\mediflow-core\server\node_modules\router\index.js:297:9[39m
[31m    at processParams (C:\Users\vimal\OneDrive\Jubilee hospital demo\mediflow-core\server\node_modules\router\index.js:582:12)[39m
[31m    at next (C:\Users\vimal\OneDrive\Jubilee hospital demo\mediflow-core\server\node_modules\router\index.js:291:5)[39m
[31m    at router.handle (C:\Users\vimal\OneDrive\Jubilee hospital demo\mediflow-core\server\node_modules\router\index.js:186:3)[39m
[31m    at router (C:\Users\vimal\OneDrive\Jubilee hospital demo\mediflow-core\server\node_modules\router\index.js:60:12)[39m
[31m    at Layer.handleRequest (C:\Users\vimal\OneDrive\Jubilee hospital demo\mediflow-core\server\node_modules\router\lib\layer.js:152:17)[39m
[31m    at trimPrefix (C:\Users\vimal\OneDrive\Jubilee hospital demo\mediflow-core\server\node_modules\router\index.js:342:13)[39m
[2026-07-14 23:49:59:4959] [[31merror[39m]: [31m401 - Invalid email or password. - /api/v1/auth/login - POST - ::1[39m
[2026-07-14 23:49:59:4959] [[31merror[39m]: [31mError: Invalid email or password.[39m
[31m    at <anonymous> (C:\Users\vimal\OneDrive\Jubilee hospital demo\mediflow-core\server\src\routes\auth.ts:25:19)[39m
[2026-07-15 00:13:35:1335] [[31merror[39m]: [31m500 - Cannot read properties of undefined (reading 'findMany') - /api/v1/requests/fca9b7da-a577-4953-b0f1-de61b9a1b979/documents - GET - ::1[39m
[2026-07-15 00:13:35:1335] [[31merror[39m]: [31mTypeError: Cannot read properties of undefined (reading 'findMany')[39m
[31m    at RequestService.getDocuments (C:\Users\vimal\OneDrive\Jubilee hospital demo\mediflow-core\server\src\request\request.service.ts:332:28)[39m
[31m    at process.processTicksAndRejections (node:internal/process/task_queues:103:5)[39m
[31m    at async getDocuments (C:\Users\vimal\OneDrive\Jubilee hospital demo\mediflow-core\server\src\controllers\request.controller.ts:110:21)[39m
[2026-07-15 00:13:35:1335] [[31merror[39m]: [31m500 - [39m
[31mInvalid `prisma.approvalAction.findMany()` invocation in[39m
[31mC:\Users\vimal\OneDrive\Jubilee hospital demo\mediflow-core\server\src\request\request.service.ts:316:34[39m

[31m  313 static async getComments(requestId: string, actor: AuthUser) {[39m
[31m  314   // Ensure the user can view the request[39m
[31m  315   await this.getRequestById(requestId, actor);[39m
[31m→ 316   return prisma.approvalAction.findMany({[39m
[31m          where: {[39m
[31m            requestId: "fca9b7da-a577-4953-b0f1-de61b9a1b979",[39m
[31m            action: undefined[39m
[31m          },[39m
[31m          select: {[39m
[31m            id: true,[39m
[31m            comment: true,[39m
[31m            actorId: true,[39m
[31m            createdAt: true,[39m
[31m            ~~~~~~~~~[39m
[31m        ?   requestId?: true,[39m
[31m        ?   stepId?: true,[39m
[31m        ?   action?: true,[39m
[31m        ?   takenAt?: true,[39m
[31m        ?   request?: true[39m
[31m          }[39m
[31m        })[39m

[31mUnknown field `createdAt` for select statement on model `ApprovalAction`. Available options are marked with ?. - /api/v1/requests/fca9b7da-a577-4953-b0f1-de61b9a1b979/comments - GET - ::1[39m
[2026-07-15 00:13:35:1335] [[31merror[39m]: [31mPrismaClientValidationError: [39m
[31mInvalid `prisma.approvalAction.findMany()` invocation in[39m
[31mC:\Users\vimal\OneDrive\Jubilee hospital demo\mediflow-core\server\src\request\request.service.ts:316:34[39m

[31m  313 static async getComments(requestId: string, actor: AuthUser) {[39m
[31m  314   // Ensure the user can view the request[39m
[31m  315   await this.getRequestById(requestId, actor);[39m
[31m→ 316   return prisma.approvalAction.findMany({[39m
[31m          where: {[39m
[31m            requestId: "fca9b7da-a577-4953-b0f1-de61b9a1b979",[39m
[31m            action: undefined[39m
[31m          },[39m
[31m          select: {[39m
[31m            id: true,[39m
[31m            comment: true,[39m
[31m            actorId: true,[39m
[31m            createdAt: true,[39m
[31m            ~~~~~~~~~[39m
[31m        ?   requestId?: true,[39m
[31m        ?   stepId?: true,[39m
[31m        ?   action?: true,[39m
[31m        ?   takenAt?: true,[39m
[31m        ?   request?: true[39m
[31m          }[39m
[31m        })[39m

[31mUnknown field `createdAt` for select statement on model `ApprovalAction`. Available options are marked with ?.[39m
[31m    at throwValidationException (C:\Users\vimal\OneDrive\Jubilee hospital demo\mediflow-core\server\node_modules\@prisma\client\src\runtime\core\errorRendering\throwValidationException.ts:46:9)[39m
[31m    at zr.handleRequestError (C:\Users\vimal\OneDrive\Jubilee hospital demo\mediflow-core\server\node_modules\@prisma\client\src\runtime\RequestHandler.ts:211:7)[39m
[31m    at zr.handleAndLogRequestError (C:\Users\vimal\OneDrive\Jubilee hospital demo\mediflow-core\server\node_modules\@prisma\client\src\runtime\RequestHandler.ts:183:12)[39m
[31m    at zr.request (C:\Users\vimal\OneDrive\Jubilee hospital demo\mediflow-core\server\node_modules\@prisma\client\src\runtime\RequestHandler.ts:152:12)[39m
[31m    at process.processTicksAndRejections (node:internal/process/task_queues:103:5)[39m
[31m    at async a (C:\Users\vimal\OneDrive\Jubilee hospital demo\mediflow-core\server\node_modules\@prisma\client\src\runtime\getPrismaClient.ts:963:24)[39m
[31m    at async getComments (C:\Users\vimal\OneDrive\Jubilee hospital demo\mediflow-core\server\src\controllers\request.controller.ts:104:20)[39m
[2026-07-15 00:13:35:1335] [[31merror[39m]: [31m500 - [39m
[31mInvalid `prisma.approvalAction.findMany()` invocation in[39m
[31mC:\Users\vimal\OneDrive\Jubilee hospital demo\mediflow-core\server\src\request\request.service.ts:316:34[39m

[31m  313 static async getComments(requestId: string, actor: AuthUser) {[39m
[31m  314   // Ensure the user can view the request[39m
[31m  315   await this.getRequestById(requestId, actor);[39m
[31m→ 316   return prisma.approvalAction.findMany({[39m
[31m          where: {[39m
[31m            requestId: "fca9b7da-a577-4953-b0f1-de61b9a1b979",[39m
[31m            action: undefined[39m
[31m          },[39m
[31m          select: {[39m
[31m            id: true,[39m
[31m            comment: true,[39m
[31m            actorId: true,[39m
[31m            createdAt: true,[39m
[31m            ~~~~~~~~~[39m
[31m        ?   requestId?: true,[39m
[31m        ?   stepId?: true,[39m
[31m        ?   action?: true,[39m
[31m        ?   takenAt?: true,[39m
[31m        ?   request?: true[39m
[31m          }[39m
[31m        })[39m

[31mUnknown field `createdAt` for select statement on model `ApprovalAction`. Available options are marked with ?. - /api/v1/requests/fca9b7da-a577-4953-b0f1-de61b9a1b979/comments - GET - ::1[39m
[2026-07-15 00:13:35:1335] [[31merror[39m]: [31mPrismaClientValidationError: [39m
[31mInvalid `prisma.approvalAction.findMany()` invocation in[39m
[31mC:\Users\vimal\OneDrive\Jubilee hospital demo\mediflow-core\server\src\request\request.service.ts:316:34[39m

[31m  313 static async getComments(requestId: string, actor: AuthUser) {[39m
[31m  314   // Ensure the user can view the request[39m
[31m  315   await this.getRequestById(requestId, actor);[39m
[31m→ 316   return prisma.approvalAction.findMany({[39m
[31m          where: {[39m
[31m            requestId: "fca9b7da-a577-4953-b0f1-de61b9a1b979",[39m
[31m            action: undefined[39m
[31m          },[39m
[31m          select: {[39m
[31m            id: true,[39m
[31m            comment: true,[39m
[31m            actorId: true,[39m
[31m            createdAt: true,[39m
[31m            ~~~~~~~~~[39m
[31m        ?   requestId?: true,[39m
[31m        ?   stepId?: true,[39m
[31m        ?   action?: true,[39m
[31m        ?   takenAt?: true,[39m
[31m        ?   request?: true[39m
[31m          }[39m
[31m        })[39m

[31mUnknown field `createdAt` for select statement on model `ApprovalAction`. Available options are marked with ?.[39m
[31m    at throwValidationException (C:\Users\vimal\OneDrive\Jubilee hospital demo\mediflow-core\server\node_modules\@prisma\client\src\runtime\core\errorRendering\throwValidationException.ts:46:9)[39m
[31m    at zr.handleRequestError (C:\Users\vimal\OneDrive\Jubilee hospital demo\mediflow-core\server\node_modules\@prisma\client\src\runtime\RequestHandler.ts:211:7)[39m
[31m    at zr.handleAndLogRequestError (C:\Users\vimal\OneDrive\Jubilee hospital demo\mediflow-core\server\node_modules\@prisma\client\src\runtime\RequestHandler.ts:183:12)[39m
[31m    at zr.request (C:\Users\vimal\OneDrive\Jubilee hospital demo\mediflow-core\server\node_modules\@prisma\client\src\runtime\RequestHandler.ts:152:12)[39m
[31m    at process.processTicksAndRejections (node:internal/process/task_queues:103:5)[39m
[31m    at async a (C:\Users\vimal\OneDrive\Jubilee hospital demo\mediflow-core\server\node_modules\@prisma\client\src\runtime\getPrismaClient.ts:963:24)[39m
[31m    at async getComments (C:\Users\vimal\OneDrive\Jubilee hospital demo\mediflow-core\server\src\controllers\request.controller.ts:104:20)[39m
[2026-07-15 00:13:35:1335] [[31merror[39m]: [31m500 - Cannot read properties of undefined (reading 'findMany') - /api/v1/requests/fca9b7da-a577-4953-b0f1-de61b9a1b979/documents - GET - ::1[39m
[2026-07-15 00:13:35:1335] [[31merror[39m]: [31mTypeError: Cannot read properties of undefined (reading 'findMany')[39m
[31m    at RequestService.getDocuments (C:\Users\vimal\OneDrive\Jubilee hospital demo\mediflow-core\server\src\request\request.service.ts:332:28)[39m
[31m    at process.processTicksAndRejections (node:internal/process/task_queues:103:5)[39m
[31m    at async getDocuments (C:\Users\vimal\OneDrive\Jubilee hospital demo\mediflow-core\server\src\controllers\request.controller.ts:110:21)[39m
[2026-07-15 00:13:43:1343] [[31merror[39m]: [31m500 - Cannot read properties of undefined (reading 'findMany') - /api/v1/requests/1b377edc-7782-4ed5-9415-d49e75c91365/documents - GET - ::1[39m
[2026-07-15 00:13:43:1343] [[31merror[39m]: [31mTypeError: Cannot read properties of undefined (reading 'findMany')[39m
[31m    at RequestService.getDocuments (C:\Users\vimal\OneDrive\Jubilee hospital demo\mediflow-core\server\src\request\request.service.ts:332:28)[39m
[31m    at process.processTicksAndRejections (node:internal/process/task_queues:103:5)[39m
[31m    at async getDocuments (C:\Users\vimal\OneDrive\Jubilee hospital demo\mediflow-core\server\src\controllers\request.controller.ts:110:21)[39m
[2026-07-15 00:13:43:1343] [[31merror[39m]: [31m500 - [39m
[31mInvalid `prisma.approvalAction.findMany()` invocation in[39m
[31mC:\Users\vimal\OneDrive\Jubilee hospital demo\mediflow-core\server\src\request\request.service.ts:316:34[39m

[31m  313 static async getComments(requestId: string, actor: AuthUser) {[39m
[31m  314   // Ensure the user can view the request[39m
[31m  315   await this.getRequestById(requestId, actor);[39m
[31m→ 316   return prisma.approvalAction.findMany({[39m
[31m          where: {[39m
[31m            requestId: "1b377edc-7782-4ed5-9415-d49e75c91365",[39m
[31m            action: undefined[39m
[31m          },[39m
[31m          select: {[39m
[31m            id: true,[39m
[31m            comment: true,[39m
[31m            actorId: true,[39m
[31m            createdAt: true,[39m
[31m            ~~~~~~~~~[39m
[31m        ?   requestId?: true,[39m
[31m        ?   stepId?: true,[39m
[31m        ?   action?: true,[39m
[31m        ?   takenAt?: true,[39m
[31m        ?   request?: true[39m
[31m          }[39m
[31m        })[39m

[31mUnknown field `createdAt` for select statement on model `ApprovalAction`. Available options are marked with ?. - /api/v1/requests/1b377edc-7782-4ed5-9415-d49e75c91365/comments - GET - ::1[39m
[2026-07-15 00:13:43:1343] [[31merror[39m]: [31mPrismaClientValidationError: [39m
[31mInvalid `prisma.approvalAction.findMany()` invocation in[39m
[31mC:\Users\vimal\OneDrive\Jubilee hospital demo\mediflow-core\server\src\request\request.service.ts:316:34[39m

[31m  313 static async getComments(requestId: string, actor: AuthUser) {[39m
[31m  314   // Ensure the user can view the request[39m
[31m  315   await this.getRequestById(requestId, actor);[39m
[31m→ 316   return prisma.approvalAction.findMany({[39m
[31m          where: {[39m
[31m            requestId: "1b377edc-7782-4ed5-9415-d49e75c91365",[39m
[31m            action: undefined[39m
[31m          },[39m
[31m          select: {[39m
[31m            id: true,[39m
[31m            comment: true,[39m
[31m            actorId: true,[39m
[31m            createdAt: true,[39m
[31m            ~~~~~~~~~[39m
[31m        ?   requestId?: true,[39m
[31m        ?   stepId?: true,[39m
[31m        ?   action?: true,[39m
[31m        ?   takenAt?: true,[39m
[31m        ?   request?: true[39m
[31m          }[39m
[31m        })[39m

[31mUnknown field `createdAt` for select statement on model `ApprovalAction`. Available options are marked with ?.[39m
[31m    at throwValidationException (C:\Users\vimal\OneDrive\Jubilee hospital demo\mediflow-core\server\node_modules\@prisma\client\src\runtime\core\errorRendering\throwValidationException.ts:46:9)[39m
[31m    at zr.handleRequestError (C:\Users\vimal\OneDrive\Jubilee hospital demo\mediflow-core\server\node_modules\@prisma\client\src\runtime\RequestHandler.ts:211:7)[39m
[31m    at zr.handleAndLogRequestError (C:\Users\vimal\OneDrive\Jubilee hospital demo\mediflow-core\server\node_modules\@prisma\client\src\runtime\RequestHandler.ts:183:12)[39m
[31m    at zr.request (C:\Users\vimal\OneDrive\Jubilee hospital demo\mediflow-core\server\node_modules\@prisma\client\src\runtime\RequestHandler.ts:152:12)[39m
[31m    at process.processTicksAndRejections (node:internal/process/task_queues:103:5)[39m
[31m    at async a (C:\Users\vimal\OneDrive\Jubilee hospital demo\mediflow-core\server\node_modules\@prisma\client\src\runtime\getPrismaClient.ts:963:24)[39m
[31m    at async getComments (C:\Users\vimal\OneDrive\Jubilee hospital demo\mediflow-core\server\src\controllers\request.controller.ts:104:20)[39m
[2026-07-15 00:13:43:1343] [[31merror[39m]: [31m500 - Cannot read properties of undefined (reading 'findMany') - /api/v1/requests/1b377edc-7782-4ed5-9415-d49e75c91365/documents - GET - ::1[39m
[2026-07-15 00:13:43:1343] [[31merror[39m]: [31mTypeError: Cannot read properties of undefined (reading 'findMany')[39m
[31m    at RequestService.getDocuments (C:\Users\vimal\OneDrive\Jubilee hospital demo\mediflow-core\server\src\request\request.service.ts:332:28)[39m
[31m    at process.processTicksAndRejections (node:internal/process/task_queues:103:5)[39m
[31m    at async getDocuments (C:\Users\vimal\OneDrive\Jubilee hospital demo\mediflow-core\server\src\controllers\request.controller.ts:110:21)[39m
[2026-07-15 00:13:43:1343] [[31merror[39m]: [31m500 - [39m
[31mInvalid `prisma.approvalAction.findMany()` invocation in[39m
[31mC:\Users\vimal\OneDrive\Jubilee hospital demo\mediflow-core\server\src\request\request.service.ts:316:34[39m

[31m  313 static async getComments(requestId: string, actor: AuthUser) {[39m
[31m  314   // Ensure the user can view the request[39m
[31m  315   await this.getRequestById(requestId, actor);[39m
[31m→ 316   return prisma.approvalAction.findMany({[39m
[31m          where: {[39m
[31m            requestId: "1b377edc-7782-4ed5-9415-d49e75c91365",[39m
[31m            action: undefined[39m
[31m          },[39m
[31m          select: {[39m
[31m            id: true,[39m
[31m            comment: true,[39m
[31m            actorId: true,[39m
[31m            createdAt: true,[39m
[31m            ~~~~~~~~~[39m
[31m        ?   requestId?: true,[39m
[31m        ?   stepId?: true,[39m
[31m        ?   action?: true,[39m
[31m        ?   takenAt?: true,[39m
[31m        ?   request?: true[39m
[31m          }[39m
[31m        })[39m

[31mUnknown field `createdAt` for select statement on model `ApprovalAction`. Available options are marked with ?. - /api/v1/requests/1b377edc-7782-4ed5-9415-d49e75c91365/comments - GET - ::1[39m
[2026-07-15 00:13:43:1343] [[31merror[39m]: [31mPrismaClientValidationError: [39m
[31mInvalid `prisma.approvalAction.findMany()` invocation in[39m
[31mC:\Users\vimal\OneDrive\Jubilee hospital demo\mediflow-core\server\src\request\request.service.ts:316:34[39m

[31m  313 static async getComments(requestId: string, actor: AuthUser) {[39m
[31m  314   // Ensure the user can view the request[39m
[31m  315   await this.getRequestById(requestId, actor);[39m
[31m→ 316   return prisma.approvalAction.findMany({[39m
[31m          where: {[39m
[31m            requestId: "1b377edc-7782-4ed5-9415-d49e75c91365",[39m
[31m            action: undefined[39m
[31m          },[39m
[31m          select: {[39m
[31m            id: true,[39m
[31m            comment: true,[39m
[31m            actorId: true,[39m
[31m            createdAt: true,[39m
[31m            ~~~~~~~~~[39m
[31m        ?   requestId?: true,[39m
[31m        ?   stepId?: true,[39m
[31m        ?   action?: true,[39m
[31m        ?   takenAt?: true,[39m
[31m        ?   request?: true[39m
[31m          }[39m
[31m        })[39m

[31mUnknown field `createdAt` for select statement on model `ApprovalAction`. Available options are marked with ?.[39m
[31m    at throwValidationException (C:\Users\vimal\OneDrive\Jubilee hospital demo\mediflow-core\server\node_modules\@prisma\client\src\runtime\core\errorRendering\throwValidationException.ts:46:9)[39m
[31m    at zr.handleRequestError (C:\Users\vimal\OneDrive\Jubilee hospital demo\mediflow-core\server\node_modules\@prisma\client\src\runtime\RequestHandler.ts:211:7)[39m
[31m    at zr.handleAndLogRequestError (C:\Users\vimal\OneDrive\Jubilee hospital demo\mediflow-core\server\node_modules\@prisma\client\src\runtime\RequestHandler.ts:183:12)[39m
[31m    at zr.request (C:\Users\vimal\OneDrive\Jubilee hospital demo\mediflow-core\server\node_modules\@prisma\client\src\runtime\RequestHandler.ts:152:12)[39m
[31m    at process.processTicksAndRejections (node:internal/process/task_queues:103:5)[39m
[31m    at async a (C:\Users\vimal\OneDrive\Jubilee hospital demo\mediflow-core\server\node_modules\@prisma\client\src\runtime\getPrismaClient.ts:963:24)[39m
[31m    at async getComments (C:\Users\vimal\OneDrive\Jubilee hospital demo\mediflow-core\server\src\controllers\request.controller.ts:104:20)[39m
[2026-07-15 00:13:51:1351] [[31merror[39m]: [31m500 - [39m
[31mInvalid `prisma.approvalAction.findMany()` invocation in[39m
[31mC:\Users\vimal\OneDrive\Jubilee hospital demo\mediflow-core\server\src\request\request.service.ts:316:34[39m

[31m  313 static async getComments(requestId: string, actor: AuthUser) {[39m
[31m  314   // Ensure the user can view the request[39m
[31m  315   await this.getRequestById(requestId, actor);[39m
[31m→ 316   return prisma.approvalAction.findMany({[39m
[31m          where: {[39m
[31m            requestId: "1b377edc-7782-4ed5-9415-d49e75c91365",[39m
[31m            action: undefined[39m
[31m          },[39m
[31m          select: {[39m
[31m            id: true,[39m
[31m            comment: true,[39m
[31m            actorId: true,[39m
[31m            createdAt: true,[39m
[31m            ~~~~~~~~~[39m
[31m        ?   requestId?: true,[39m
[31m        ?   stepId?: true,[39m
[31m        ?   action?: true,[39m
[31m        ?   takenAt?: true,[39m
[31m        ?   request?: true[39m
[31m          }[39m
[31m        })[39m

[31mUnknown field `createdAt` for select statement on model `ApprovalAction`. Available options are marked with ?. - /api/v1/requests/1b377edc-7782-4ed5-9415-d49e75c91365/comments - GET - ::1[39m
[2026-07-15 00:13:51:1351] [[31merror[39m]: [31mPrismaClientValidationError: [39m
[31mInvalid `prisma.approvalAction.findMany()` invocation in[39m
[31mC:\Users\vimal\OneDrive\Jubilee hospital demo\mediflow-core\server\src\request\request.service.ts:316:34[39m

[31m  313 static async getComments(requestId: string, actor: AuthUser) {[39m
[31m  314   // Ensure the user can view the request[39m
[31m  315   await this.getRequestById(requestId, actor);[39m
[31m→ 316   return prisma.approvalAction.findMany({[39m
[31m          where: {[39m
[31m            requestId: "1b377edc-7782-4ed5-9415-d49e75c91365",[39m
[31m            action: undefined[39m
[31m          },[39m
[31m          select: {[39m
[31m            id: true,[39m
[31m            comment: true,[39m
[31m            actorId: true,[39m
[31m            createdAt: true,[39m
[31m            ~~~~~~~~~[39m
[31m        ?   requestId?: true,[39m
[31m        ?   stepId?: true,[39m
[31m        ?   action?: true,[39m
[31m        ?   takenAt?: true,[39m
[31m        ?   request?: true[39m
[31m          }[39m
[31m        })[39m

[31mUnknown field `createdAt` for select statement on model `ApprovalAction`. Available options are marked with ?.[39m
[31m    at throwValidationException (C:\Users\vimal\OneDrive\Jubilee hospital demo\mediflow-core\server\node_modules\@prisma\client\src\runtime\core\errorRendering\throwValidationException.ts:46:9)[39m
[31m    at zr.handleRequestError (C:\Users\vimal\OneDrive\Jubilee hospital demo\mediflow-core\server\node_modules\@prisma\client\src\runtime\RequestHandler.ts:211:7)[39m
[31m    at zr.handleAndLogRequestError (C:\Users\vimal\OneDrive\Jubilee hospital demo\mediflow-core\server\node_modules\@prisma\client\src\runtime\RequestHandler.ts:183:12)[39m
[31m    at zr.request (C:\Users\vimal\OneDrive\Jubilee hospital demo\mediflow-core\server\node_modules\@prisma\client\src\runtime\RequestHandler.ts:152:12)[39m
[31m    at process.processTicksAndRejections (node:internal/process/task_queues:103:5)[39m
[31m    at async a (C:\Users\vimal\OneDrive\Jubilee hospital demo\mediflow-core\server\node_modules\@prisma\client\src\runtime\getPrismaClient.ts:963:24)[39m
[31m    at async getComments (C:\Users\vimal\OneDrive\Jubilee hospital demo\mediflow-core\server\src\controllers\request.controller.ts:104:20)[39m
[2026-07-15 00:13:51:1351] [[31merror[39m]: [31m500 - Cannot read properties of undefined (reading 'findMany') - /api/v1/requests/1b377edc-7782-4ed5-9415-d49e75c91365/documents - GET - ::1[39m
[2026-07-15 00:13:51:1351] [[31merror[39m]: [31mTypeError: Cannot read properties of undefined (reading 'findMany')[39m
[31m    at RequestService.getDocuments (C:\Users\vimal\OneDrive\Jubilee hospital demo\mediflow-core\server\src\request\request.service.ts:332:28)[39m
[31m    at process.processTicksAndRejections (node:internal/process/task_queues:103:5)[39m
[31m    at async getDocuments (C:\Users\vimal\OneDrive\Jubilee hospital demo\mediflow-core\server\src\controllers\request.controller.ts:110:21)[39m
[2026-07-15 00:13:51:1351] [[31merror[39m]: [31m500 - [39m
[31mInvalid `prisma.approvalAction.findMany()` invocation in[39m
[31mC:\Users\vimal\OneDrive\Jubilee hospital demo\mediflow-core\server\src\request\request.service.ts:316:34[39m

[31m  313 static async getComments(requestId: string, actor: AuthUser) {[39m
[31m  314   // Ensure the user can view the request[39m
[31m  315   await this.getRequestById(requestId, actor);[39m
[31m→ 316   return prisma.approvalAction.findMany({[39m
[31m          where: {[39m
[31m            requestId: "1b377edc-7782-4ed5-9415-d49e75c91365",[39m
[31m            action: undefined[39m
[31m          },[39m
[31m          select: {[39m
[31m            id: true,[39m
[31m            comment: true,[39m
[31m            actorId: true,[39m
[31m            createdAt: true,[39m
[31m            ~~~~~~~~~[39m
[31m        ?   requestId?: true,[39m
[31m        ?   stepId?: true,[39m
[31m        ?   action?: true,[39m
[31m        ?   takenAt?: true,[39m
[31m        ?   request?: true[39m
[31m          }[39m
[31m        })[39m

[31mUnknown field `createdAt` for select statement on model `ApprovalAction`. Available options are marked with ?. - /api/v1/requests/1b377edc-7782-4ed5-9415-d49e75c91365/comments - GET - ::1[39m
[2026-07-15 00:13:51:1351] [[31merror[39m]: [31mPrismaClientValidationError: [39m
[31mInvalid `prisma.approvalAction.findMany()` invocation in[39m
[31mC:\Users\vimal\OneDrive\Jubilee hospital demo\mediflow-core\server\src\request\request.service.ts:316:34[39m

[31m  313 static async getComments(requestId: string, actor: AuthUser) {[39m
[31m  314   // Ensure the user can view the request[39m
[31m  315   await this.getRequestById(requestId, actor);[39m
[31m→ 316   return prisma.approvalAction.findMany({[39m
[31m          where: {[39m
[31m            requestId: "1b377edc-7782-4ed5-9415-d49e75c91365",[39m
[31m            action: undefined[39m
[31m          },[39m
[31m          select: {[39m
[31m            id: true,[39m
[31m            comment: true,[39m
[31m            actorId: true,[39m
[31m            createdAt: true,[39m
[31m            ~~~~~~~~~[39m
[31m        ?   requestId?: true,[39m
[31m        ?   stepId?: true,[39m
[31m        ?   action?: true,[39m
[31m        ?   takenAt?: true,[39m
[31m        ?   request?: true[39m
[31m          }[39m
[31m        })[39m

[31mUnknown field `createdAt` for select statement on model `ApprovalAction`. Available options are marked with ?.[39m
[31m    at throwValidationException (C:\Users\vimal\OneDrive\Jubilee hospital demo\mediflow-core\server\node_modules\@prisma\client\src\runtime\core\errorRendering\throwValidationException.ts:46:9)[39m
[31m    at zr.handleRequestError (C:\Users\vimal\OneDrive\Jubilee hospital demo\mediflow-core\server\node_modules\@prisma\client\src\runtime\RequestHandler.ts:211:7)[39m
[31m    at zr.handleAndLogRequestError (C:\Users\vimal\OneDrive\Jubilee hospital demo\mediflow-core\server\node_modules\@prisma\client\src\runtime\RequestHandler.ts:183:12)[39m
[31m    at zr.request (C:\Users\vimal\OneDrive\Jubilee hospital demo\mediflow-core\server\node_modules\@prisma\client\src\runtime\RequestHandler.ts:152:12)[39m
[31m    at process.processTicksAndRejections (node:internal/process/task_queues:103:5)[39m
[31m    at async a (C:\Users\vimal\OneDrive\Jubilee hospital demo\mediflow-core\server\node_modules\@prisma\client\src\runtime\getPrismaClient.ts:963:24)[39m
[31m    at async getComments (C:\Users\vimal\OneDrive\Jubilee hospital demo\mediflow-core\server\src\controllers\request.controller.ts:104:20)[39m
[2026-07-15 00:13:51:1351] [[31merror[39m]: [31m500 - Cannot read properties of undefined (reading 'findMany') - /api/v1/requests/1b377edc-7782-4ed5-9415-d49e75c91365/documents - GET - ::1[39m
[2026-07-15 00:13:51:1351] [[31merror[39m]: [31mTypeError: Cannot read properties of undefined (reading 'findMany')[39m
[31m    at RequestService.getDocuments (C:\Users\vimal\OneDrive\Jubilee hospital demo\mediflow-core\server\src\request\request.service.ts:332:28)[39m
[31m    at process.processTicksAndRejections (node:internal/process/task_queues:103:5)[39m
[31m    at async getDocuments (C:\Users\vimal\OneDrive\Jubilee hospital demo\mediflow-core\server\src\controllers\request.controller.ts:110:21)[39m
[2026-07-15 00:13:53:1353] [[31merror[39m]: [31m500 - [39m
[31mInvalid `prisma.approvalAction.findMany()` invocation in[39m
[31mC:\Users\vimal\OneDrive\Jubilee hospital demo\mediflow-core\server\src\request\request.service.ts:316:34[39m

[31m  313 static async getComments(requestId: string, actor: AuthUser) {[39m
[31m  314   // Ensure the user can view the request[39m
[31m  315   await this.getRequestById(requestId, actor);[39m
[31m→ 316   return prisma.approvalAction.findMany({[39m
[31m          where: {[39m
[31m            requestId: "fca9b7da-a577-4953-b0f1-de61b9a1b979",[39m
[31m            action: undefined[39m
[31m          },[39m
[31m          select: {[39m
[31m            id: true,[39m
[31m            comment: true,[39m
[31m            actorId: true,[39m
[31m            createdAt: true,[39m
[31m            ~~~~~~~~~[39m
[31m        ?   requestId?: true,[39m
[31m        ?   stepId?: true,[39m
[31m        ?   action?: true,[39m
[31m        ?   takenAt?: true,[39m
[31m        ?   request?: true[39m
[31m          }[39m
[31m        })[39m

[31mUnknown field `createdAt` for select statement on model `ApprovalAction`. Available options are marked with ?. - /api/v1/requests/fca9b7da-a577-4953-b0f1-de61b9a1b979/comments - GET - ::1[39m
[2026-07-15 00:13:53:1353] [[31merror[39m]: [31mPrismaClientValidationError: [39m
[31mInvalid `prisma.approvalAction.findMany()` invocation in[39m
[31mC:\Users\vimal\OneDrive\Jubilee hospital demo\mediflow-core\server\src\request\request.service.ts:316:34[39m

[31m  313 static async getComments(requestId: string, actor: AuthUser) {[39m
[31m  314   // Ensure the user can view the request[39m
[31m  315   await this.getRequestById(requestId, actor);[39m
[31m→ 316   return prisma.approvalAction.findMany({[39m
[31m          where: {[39m
[31m            requestId: "fca9b7da-a577-4953-b0f1-de61b9a1b979",[39m
[31m            action: undefined[39m
[31m          },[39m
[31m          select: {[39m
[31m            id: true,[39m
[31m            comment: true,[39m
[31m            actorId: true,[39m
[31m            createdAt: true,[39m
[31m            ~~~~~~~~~[39m
[31m        ?   requestId?: true,[39m
[31m        ?   stepId?: true,[39m
[31m        ?   action?: true,[39m
[31m        ?   takenAt?: true,[39m
[31m        ?   request?: true[39m
[31m          }[39m
[31m        })[39m

[31mUnknown field `createdAt` for select statement on model `ApprovalAction`. Available options are marked with ?.[39m
[31m    at throwValidationException (C:\Users\vimal\OneDrive\Jubilee hospital demo\mediflow-core\server\node_modules\@prisma\client\src\runtime\core\errorRendering\throwValidationException.ts:46:9)[39m
[31m    at zr.handleRequestError (C:\Users\vimal\OneDrive\Jubilee hospital demo\mediflow-core\server\node_modules\@prisma\client\src\runtime\RequestHandler.ts:211:7)[39m
[31m    at zr.handleAndLogRequestError (C:\Users\vimal\OneDrive\Jubilee hospital demo\mediflow-core\server\node_modules\@prisma\client\src\runtime\RequestHandler.ts:183:12)[39m
[31m    at zr.request (C:\Users\vimal\OneDrive\Jubilee hospital demo\mediflow-core\server\node_modules\@prisma\client\src\runtime\RequestHandler.ts:152:12)[39m
[31m    at process.processTicksAndRejections (node:internal/process/task_queues:103:5)[39m
[31m    at async a (C:\Users\vimal\OneDrive\Jubilee hospital demo\mediflow-core\server\node_modules\@prisma\client\src\runtime\getPrismaClient.ts:963:24)[39m
[31m    at async getComments (C:\Users\vimal\OneDrive\Jubilee hospital demo\mediflow-core\server\src\controllers\request.controller.ts:104:20)[39m
[2026-07-15 00:13:53:1353] [[31merror[39m]: [31m500 - Cannot read properties of undefined (reading 'findMany') - /api/v1/requests/fca9b7da-a577-4953-b0f1-de61b9a1b979/documents - GET - ::1[39m
[2026-07-15 00:13:53:1353] [[31merror[39m]: [31mTypeError: Cannot read properties of undefined (reading 'findMany')[39m
[31m    at RequestService.getDocuments (C:\Users\vimal\OneDrive\Jubilee hospital demo\mediflow-core\server\src\request\request.service.ts:332:28)[39m
[31m    at process.processTicksAndRejections (node:internal/process/task_queues:103:5)[39m
[31m    at async getDocuments (C:\Users\vimal\OneDrive\Jubilee hospital demo\mediflow-core\server\src\controllers\request.controller.ts:110:21)[39m
[2026-07-15 00:13:54:1354] [[31merror[39m]: [31m500 - [39m
[31mInvalid `prisma.approvalAction.findMany()` invocation in[39m
[31mC:\Users\vimal\OneDrive\Jubilee hospital demo\mediflow-core\server\src\request\request.service.ts:316:34[39m

[31m  313 static async getComments(requestId: string, actor: AuthUser) {[39m
[31m  314   // Ensure the user can view the request[39m
[31m  315   await this.getRequestById(requestId, actor);[39m
[31m→ 316   return prisma.approvalAction.findMany({[39m
[31m          where: {[39m
[31m            requestId: "fca9b7da-a577-4953-b0f1-de61b9a1b979",[39m
[31m            action: undefined[39m
[31m          },[39m
[31m          select: {[39m
[31m            id: true,[39m
[31m            comment: true,[39m
[31m            actorId: true,[39m
[31m            createdAt: true,[39m
[31m            ~~~~~~~~~[39m
[31m        ?   requestId?: true,[39m
[31m        ?   stepId?: true,[39m
[31m        ?   action?: true,[39m
[31m        ?   takenAt?: true,[39m
[31m        ?   request?: true[39m
[31m          }[39m
[31m        })[39m

[31mUnknown field `createdAt` for select statement on model `ApprovalAction`. Available options are marked with ?. - /api/v1/requests/fca9b7da-a577-4953-b0f1-de61b9a1b979/comments - GET - ::1[39m
[2026-07-15 00:13:54:1354] [[31merror[39m]: [31mPrismaClientValidationError: [39m
[31mInvalid `prisma.approvalAction.findMany()` invocation in[39m
[31mC:\Users\vimal\OneDrive\Jubilee hospital demo\mediflow-core\server\src\request\request.service.ts:316:34[39m

[31m  313 static async getComments(requestId: string, actor: AuthUser) {[39m
[31m  314   // Ensure the user can view the request[39m
[31m  315   await this.getRequestById(requestId, actor);[39m
[31m→ 316   return prisma.approvalAction.findMany({[39m
[31m          where: {[39m
[31m            requestId: "fca9b7da-a577-4953-b0f1-de61b9a1b979",[39m
[31m            action: undefined[39m
[31m          },[39m
[31m          select: {[39m
[31m            id: true,[39m
[31m            comment: true,[39m
[31m            actorId: true,[39m
[31m            createdAt: true,[39m
[31m            ~~~~~~~~~[39m
[31m        ?   requestId?: true,[39m
[31m        ?   stepId?: true,[39m
[31m        ?   action?: true,[39m
[31m        ?   takenAt?: true,[39m
[31m        ?   request?: true[39m
[31m          }[39m
[31m        })[39m

[31mUnknown field `createdAt` for select statement on model `ApprovalAction`. Available options are marked with ?.[39m
[31m    at throwValidationException (C:\Users\vimal\OneDrive\Jubilee hospital demo\mediflow-core\server\node_modules\@prisma\client\src\runtime\core\errorRendering\throwValidationException.ts:46:9)[39m
[31m    at zr.handleRequestError (C:\Users\vimal\OneDrive\Jubilee hospital demo\mediflow-core\server\node_modules\@prisma\client\src\runtime\RequestHandler.ts:211:7)[39m
[31m    at zr.handleAndLogRequestError (C:\Users\vimal\OneDrive\Jubilee hospital demo\mediflow-core\server\node_modules\@prisma\client\src\runtime\RequestHandler.ts:183:12)[39m
[31m    at zr.request (C:\Users\vimal\OneDrive\Jubilee hospital demo\mediflow-core\server\node_modules\@prisma\client\src\runtime\RequestHandler.ts:152:12)[39m
[31m    at process.processTicksAndRejections (node:internal/process/task_queues:103:5)[39m
[31m    at async a (C:\Users\vimal\OneDrive\Jubilee hospital demo\mediflow-core\server\node_modules\@prisma\client\src\runtime\getPrismaClient.ts:963:24)[39m
[31m    at async getComments (C:\Users\vimal\OneDrive\Jubilee hospital demo\mediflow-core\server\src\controllers\request.controller.ts:104:20)[39m
[2026-07-15 00:13:54:1354] [[31merror[39m]: [31m500 - Cannot read properties of undefined (reading 'findMany') - /api/v1/requests/fca9b7da-a577-4953-b0f1-de61b9a1b979/documents - GET - ::1[39m
[2026-07-15 00:13:54:1354] [[31merror[39m]: [31mTypeError: Cannot read properties of undefined (reading 'findMany')[39m
[31m    at RequestService.getDocuments (C:\Users\vimal\OneDrive\Jubilee hospital demo\mediflow-core\server\src\request\request.service.ts:332:28)[39m
[31m    at process.processTicksAndRejections (node:internal/process/task_queues:103:5)[39m
[31m    at async getDocuments (C:\Users\vimal\OneDrive\Jubilee hospital demo\mediflow-core\server\src\controllers\request.controller.ts:110:21)[39m
[2026-07-15 00:14:02:142] [[31merror[39m]: [31m500 - [39m
[31mInvalid `prisma.approvalAction.findMany()` invocation in[39m
[31mC:\Users\vimal\OneDrive\Jubilee hospital demo\mediflow-core\server\src\request\request.service.ts:316:34[39m

[31m  313 static async getComments(requestId: string, actor: AuthUser) {[39m
[31m  314   // Ensure the user can view the request[39m
[31m  315   await this.getRequestById(requestId, actor);[39m
[31m→ 316   return prisma.approvalAction.findMany({[39m
[31m          where: {[39m
[31m            requestId: "fca9b7da-a577-4953-b0f1-de61b9a1b979",[39m
[31m            action: undefined[39m
[31m          },[39m
[31m          select: {[39m
[31m            id: true,[39m
[31m            comment: true,[39m
[31m            actorId: true,[39m
[31m            createdAt: true,[39m
[31m            ~~~~~~~~~[39m
[31m        ?   requestId?: true,[39m
[31m        ?   stepId?: true,[39m
[31m        ?   action?: true,[39m
[31m        ?   takenAt?: true,[39m
[31m        ?   request?: true[39m
[31m          }[39m
[31m        })[39m

[31mUnknown field `createdAt` for select statement on model `ApprovalAction`. Available options are marked with ?. - /api/v1/requests/fca9b7da-a577-4953-b0f1-de61b9a1b979/comments - GET - ::1[39m
[2026-07-15 00:14:02:142] [[31merror[39m]: [31mPrismaClientValidationError: [39m
[31mInvalid `prisma.approvalAction.findMany()` invocation in[39m
[31mC:\Users\vimal\OneDrive\Jubilee hospital demo\mediflow-core\server\src\request\request.service.ts:316:34[39m

[31m  313 static async getComments(requestId: string, actor: AuthUser) {[39m
[31m  314   // Ensure the user can view the request[39m
[31m  315   await this.getRequestById(requestId, actor);[39m
[31m→ 316   return prisma.approvalAction.findMany({[39m
[31m          where: {[39m
[31m            requestId: "fca9b7da-a577-4953-b0f1-de61b9a1b979",[39m
[31m            action: undefined[39m
[31m          },[39m
[31m          select: {[39m
[31m            id: true,[39m
[31m            comment: true,[39m
[31m            actorId: true,[39m
[31m            createdAt: true,[39m
[31m            ~~~~~~~~~[39m
[31m        ?   requestId?: true,[39m
[31m        ?   stepId?: true,[39m
[31m        ?   action?: true,[39m
[31m        ?   takenAt?: true,[39m
[31m        ?   request?: true[39m
[31m          }[39m
[31m        })[39m

[31mUnknown field `createdAt` for select statement on model `ApprovalAction`. Available options are marked with ?.[39m
[31m    at throwValidationException (C:\Users\vimal\OneDrive\Jubilee hospital demo\mediflow-core\server\node_modules\@prisma\client\src\runtime\core\errorRendering\throwValidationException.ts:46:9)[39m
[31m    at zr.handleRequestError (C:\Users\vimal\OneDrive\Jubilee hospital demo\mediflow-core\server\node_modules\@prisma\client\src\runtime\RequestHandler.ts:211:7)[39m
[31m    at zr.handleAndLogRequestError (C:\Users\vimal\OneDrive\Jubilee hospital demo\mediflow-core\server\node_modules\@prisma\client\src\runtime\RequestHandler.ts:183:12)[39m
[31m    at zr.request (C:\Users\vimal\OneDrive\Jubilee hospital demo\mediflow-core\server\node_modules\@prisma\client\src\runtime\RequestHandler.ts:152:12)[39m
[31m    at process.processTicksAndRejections (node:internal/process/task_queues:103:5)[39m
[31m    at async a (C:\Users\vimal\OneDrive\Jubilee hospital demo\mediflow-core\server\node_modules\@prisma\client\src\runtime\getPrismaClient.ts:963:24)[39m
[31m    at async getComments (C:\Users\vimal\OneDrive\Jubilee hospital demo\mediflow-core\server\src\controllers\request.controller.ts:104:20)[39m
[2026-07-15 00:14:02:142] [[31merror[39m]: [31m500 - Cannot read properties of undefined (reading 'findMany') - /api/v1/requests/fca9b7da-a577-4953-b0f1-de61b9a1b979/documents - GET - ::1[39m
[2026-07-15 00:14:02:142] [[31merror[39m]: [31mTypeError: Cannot read properties of undefined (reading 'findMany')[39m
[31m    at RequestService.getDocuments (C:\Users\vimal\OneDrive\Jubilee hospital demo\mediflow-core\server\src\request\request.service.ts:332:28)[39m
[31m    at process.processTicksAndRejections (node:internal/process/task_queues:103:5)[39m
[31m    at async getDocuments (C:\Users\vimal\OneDrive\Jubilee hospital demo\mediflow-core\server\src\controllers\request.controller.ts:110:21)[39m
[2026-07-15 00:14:02:142] [[31merror[39m]: [31m500 - [39m
[31mInvalid `prisma.approvalAction.findMany()` invocation in[39m
[31mC:\Users\vimal\OneDrive\Jubilee hospital demo\mediflow-core\server\src\request\request.service.ts:316:34[39m

[31m  313 static async getComments(requestId: string, actor: AuthUser) {[39m
[31m  314   // Ensure the user can view the request[39m
[31m  315   await this.getRequestById(requestId, actor);[39m
[31m→ 316   return prisma.approvalAction.findMany({[39m
[31m          where: {[39m
[31m            requestId: "fca9b7da-a577-4953-b0f1-de61b9a1b979",[39m
[31m            action: undefined[39m
[31m          },[39m
[31m          select: {[39m
[31m            id: true,[39m
[31m            comment: true,[39m
[31m            actorId: true,[39m
[31m            createdAt: true,[39m
[31m            ~~~~~~~~~[39m
[31m        ?   requestId?: true,[39m
[31m        ?   stepId?: true,[39m
[31m        ?   action?: true,[39m
[31m        ?   takenAt?: true,[39m
[31m        ?   request?: true[39m
[31m          }[39m
[31m        })[39m

[31mUnknown field `createdAt` for select statement on model `ApprovalAction`. Available options are marked with ?. - /api/v1/requests/fca9b7da-a577-4953-b0f1-de61b9a1b979/comments - GET - ::1[39m
[2026-07-15 00:14:02:142] [[31merror[39m]: [31mPrismaClientValidationError: [39m
[31mInvalid `prisma.approvalAction.findMany()` invocation in[39m
[31mC:\Users\vimal\OneDrive\Jubilee hospital demo\mediflow-core\server\src\request\request.service.ts:316:34[39m

[31m  313 static async getComments(requestId: string, actor: AuthUser) {[39m
[31m  314   // Ensure the user can view the request[39m
[31m  315   await this.getRequestById(requestId, actor);[39m
[31m→ 316   return prisma.approvalAction.findMany({[39m
[31m          where: {[39m
[31m            requestId: "fca9b7da-a577-4953-b0f1-de61b9a1b979",[39m
[31m            action: undefined[39m
[31m          },[39m
[31m          select: {[39m
[31m            id: true,[39m
[31m            comment: true,[39m
[31m            actorId: true,[39m
[31m            createdAt: true,[39m
[31m            ~~~~~~~~~[39m
[31m        ?   requestId?: true,[39m
[31m        ?   stepId?: true,[39m
[31m        ?   action?: true,[39m
[31m        ?   takenAt?: true,[39m
[31m        ?   request?: true[39m
[31m          }[39m
[31m        })[39m

[31mUnknown field `createdAt` for select statement on model `ApprovalAction`. Available options are marked with ?.[39m
[31m    at throwValidationException (C:\Users\vimal\OneDrive\Jubilee hospital demo\mediflow-core\server\node_modules\@prisma\client\src\runtime\core\errorRendering\throwValidationException.ts:46:9)[39m
[31m    at zr.handleRequestError (C:\Users\vimal\OneDrive\Jubilee hospital demo\mediflow-core\server\node_modules\@prisma\client\src\runtime\RequestHandler.ts:211:7)[39m
[31m    at zr.handleAndLogRequestError (C:\Users\vimal\OneDrive\Jubilee hospital demo\mediflow-core\server\node_modules\@prisma\client\src\runtime\RequestHandler.ts:183:12)[39m
[31m    at zr.request (C:\Users\vimal\OneDrive\Jubilee hospital demo\mediflow-core\server\node_modules\@prisma\client\src\runtime\RequestHandler.ts:152:12)[39m
[31m    at process.processTicksAndRejections (node:internal/process/task_queues:103:5)[39m
[31m    at async a (C:\Users\vimal\OneDrive\Jubilee hospital demo\mediflow-core\server\node_modules\@prisma\client\src\runtime\getPrismaClient.ts:963:24)[39m
[31m    at async getComments (C:\Users\vimal\OneDrive\Jubilee hospital demo\mediflow-core\server\src\controllers\request.controller.ts:104:20)[39m
[2026-07-15 00:14:02:142] [[31merror[39m]: [31m500 - Cannot read properties of undefined (reading 'findMany') - /api/v1/requests/fca9b7da-a577-4953-b0f1-de61b9a1b979/documents - GET - ::1[39m
[2026-07-15 00:14:02:142] [[31merror[39m]: [31mTypeError: Cannot read properties of undefined (reading 'findMany')[39m
[31m    at RequestService.getDocuments (C:\Users\vimal\OneDrive\Jubilee hospital demo\mediflow-core\server\src\request\request.service.ts:332:28)[39m
[31m    at process.processTicksAndRejections (node:internal/process/task_queues:103:5)[39m
[31m    at async getDocuments (C:\Users\vimal\OneDrive\Jubilee hospital demo\mediflow-core\server\src\controllers\request.controller.ts:110:21)[39m
[2026-07-15 00:14:14:1414] [[31merror[39m]: [31m500 - [39m
[31mInvalid `prisma.approvalAction.findMany()` invocation in[39m
[31mC:\Users\vimal\OneDrive\Jubilee hospital demo\mediflow-core\server\src\request\request.service.ts:316:34[39m

[31m  313 static async getComments(requestId: string, actor: AuthUser) {[39m
[31m  314   // Ensure the user can view the request[39m
[31m  315   await this.getRequestById(requestId, actor);[39m
[31m→ 316   return prisma.approvalAction.findMany({[39m
[31m          where: {[39m
[31m            requestId: "dd8e6c59-98a6-4555-88ad-0b646b97d296",[39m
[31m            action: undefined[39m
[31m          },[39m
[31m          select: {[39m
[31m            id: true,[39m
[31m            comment: true,[39m
[31m            actorId: true,[39m
[31m            createdAt: true,[39m
[31m            ~~~~~~~~~[39m
[31m        ?   requestId?: true,[39m
[31m        ?   stepId?: true,[39m
[31m        ?   action?: true,[39m
[31m        ?   takenAt?: true,[39m
[31m        ?   request?: true[39m
[31m          }[39m
[31m        })[39m

[31mUnknown field `createdAt` for select statement on model `ApprovalAction`. Available options are marked with ?. - /api/v1/requests/dd8e6c59-98a6-4555-88ad-0b646b97d296/comments - GET - ::1[39m
[2026-07-15 00:14:14:1414] [[31merror[39m]: [31mPrismaClientValidationError: [39m
[31mInvalid `prisma.approvalAction.findMany()` invocation in[39m
[31mC:\Users\vimal\OneDrive\Jubilee hospital demo\mediflow-core\server\src\request\request.service.ts:316:34[39m

[31m  313 static async getComments(requestId: string, actor: AuthUser) {[39m
[31m  314   // Ensure the user can view the request[39m
[31m  315   await this.getRequestById(requestId, actor);[39m
[31m→ 316   return prisma.approvalAction.findMany({[39m
[31m          where: {[39m
[31m            requestId: "dd8e6c59-98a6-4555-88ad-0b646b97d296",[39m
[31m            action: undefined[39m
[31m          },[39m
[31m          select: {[39m
[31m            id: true,[39m
[31m            comment: true,[39m
[31m            actorId: true,[39m
[31m            createdAt: true,[39m
[31m            ~~~~~~~~~[39m
[31m        ?   requestId?: true,[39m
[31m        ?   stepId?: true,[39m
[31m        ?   action?: true,[39m
[31m        ?   takenAt?: true,[39m
[31m        ?   request?: true[39m
[31m          }[39m
[31m        })[39m

[31mUnknown field `createdAt` for select statement on model `ApprovalAction`. Available options are marked with ?.[39m
[31m    at throwValidationException (C:\Users\vimal\OneDrive\Jubilee hospital demo\mediflow-core\server\node_modules\@prisma\client\src\runtime\core\errorRendering\throwValidationException.ts:46:9)[39m
[31m    at zr.handleRequestError (C:\Users\vimal\OneDrive\Jubilee hospital demo\mediflow-core\server\node_modules\@prisma\client\src\runtime\RequestHandler.ts:211:7)[39m
[31m    at zr.handleAndLogRequestError (C:\Users\vimal\OneDrive\Jubilee hospital demo\mediflow-core\server\node_modules\@prisma\client\src\runtime\RequestHandler.ts:183:12)[39m
[31m    at zr.request (C:\Users\vimal\OneDrive\Jubilee hospital demo\mediflow-core\server\node_modules\@prisma\client\src\runtime\RequestHandler.ts:152:12)[39m
[31m    at process.processTicksAndRejections (node:internal/process/task_queues:103:5)[39m
[31m    at async a (C:\Users\vimal\OneDrive\Jubilee hospital demo\mediflow-core\server\node_modules\@prisma\client\src\runtime\getPrismaClient.ts:963:24)[39m
[31m    at async getComments (C:\Users\vimal\OneDrive\Jubilee hospital demo\mediflow-core\server\src\controllers\request.controller.ts:104:20)[39m
[2026-07-15 00:14:14:1414] [[31merror[39m]: [31m500 - Cannot read properties of undefined (reading 'findMany') - /api/v1/requests/dd8e6c59-98a6-4555-88ad-0b646b97d296/documents - GET - ::1[39m
[2026-07-15 00:14:14:1414] [[31merror[39m]: [31mTypeError: Cannot read properties of undefined (reading 'findMany')[39m
[31m    at RequestService.getDocuments (C:\Users\vimal\OneDrive\Jubilee hospital demo\mediflow-core\server\src\request\request.service.ts:332:28)[39m
[31m    at process.processTicksAndRejections (node:internal/process/task_queues:103:5)[39m
[31m    at async getDocuments (C:\Users\vimal\OneDrive\Jubilee hospital demo\mediflow-core\server\src\controllers\request.controller.ts:110:21)[39m
[2026-07-15 00:14:15:1415] [[31merror[39m]: [31m500 - [39m
[31mInvalid `prisma.approvalAction.findMany()` invocation in[39m
[31mC:\Users\vimal\OneDrive\Jubilee hospital demo\mediflow-core\server\src\request\request.service.ts:316:34[39m

[31m  313 static async getComments(requestId: string, actor: AuthUser) {[39m
[31m  314   // Ensure the user can view the request[39m
[31m  315   await this.getRequestById(requestId, actor);[39m
[31m→ 316   return prisma.approvalAction.findMany({[39m
[31m          where: {[39m
[31m            requestId: "dd8e6c59-98a6-4555-88ad-0b646b97d296",[39m
[31m            action: undefined[39m
[31m          },[39m
[31m          select: {[39m
[31m            id: true,[39m
[31m            comment: true,[39m
[31m            actorId: true,[39m
[31m            createdAt: true,[39m
[31m            ~~~~~~~~~[39m
[31m        ?   requestId?: true,[39m
[31m        ?   stepId?: true,[39m
[31m        ?   action?: true,[39m
[31m        ?   takenAt?: true,[39m
[31m        ?   request?: true[39m
[31m          }[39m
[31m        })[39m

[31mUnknown field `createdAt` for select statement on model `ApprovalAction`. Available options are marked with ?. - /api/v1/requests/dd8e6c59-98a6-4555-88ad-0b646b97d296/comments - GET - ::1[39m
[2026-07-15 00:14:15:1415] [[31merror[39m]: [31mPrismaClientValidationError: [39m
[31mInvalid `prisma.approvalAction.findMany()` invocation in[39m
[31mC:\Users\vimal\OneDrive\Jubilee hospital demo\mediflow-core\server\src\request\request.service.ts:316:34[39m

[31m  313 static async getComments(requestId: string, actor: AuthUser) {[39m
[31m  314   // Ensure the user can view the request[39m
[31m  315   await this.getRequestById(requestId, actor);[39m
[31m→ 316   return prisma.approvalAction.findMany({[39m
[31m          where: {[39m
[31m            requestId: "dd8e6c59-98a6-4555-88ad-0b646b97d296",[39m
[31m            action: undefined[39m
[31m          },[39m
[31m          select: {[39m
[31m            id: true,[39m
[31m            comment: true,[39m
[31m            actorId: true,[39m
[31m            createdAt: true,[39m
[31m            ~~~~~~~~~[39m
[31m        ?   requestId?: true,[39m
[31m        ?   stepId?: true,[39m
[31m        ?   action?: true,[39m
[31m        ?   takenAt?: true,[39m
[31m        ?   request?: true[39m
[31m          }[39m
[31m        })[39m

[31mUnknown field `createdAt` for select statement on model `ApprovalAction`. Available options are marked with ?.[39m
[31m    at throwValidationException (C:\Users\vimal\OneDrive\Jubilee hospital demo\mediflow-core\server\node_modules\@prisma\client\src\runtime\core\errorRendering\throwValidationException.ts:46:9)[39m
[31m    at zr.handleRequestError (C:\Users\vimal\OneDrive\Jubilee hospital demo\mediflow-core\server\node_modules\@prisma\client\src\runtime\RequestHandler.ts:211:7)[39m
[31m    at zr.handleAndLogRequestError (C:\Users\vimal\OneDrive\Jubilee hospital demo\mediflow-core\server\node_modules\@prisma\client\src\runtime\RequestHandler.ts:183:12)[39m
[31m    at zr.request (C:\Users\vimal\OneDrive\Jubilee hospital demo\mediflow-core\server\node_modules\@prisma\client\src\runtime\RequestHandler.ts:152:12)[39m
[31m    at process.processTicksAndRejections (node:internal/process/task_queues:103:5)[39m
[31m    at async a (C:\Users\vimal\OneDrive\Jubilee hospital demo\mediflow-core\server\node_modules\@prisma\client\src\runtime\getPrismaClient.ts:963:24)[39m
[31m    at async getComments (C:\Users\vimal\OneDrive\Jubilee hospital demo\mediflow-core\server\src\controllers\request.controller.ts:104:20)[39m
[2026-07-15 00:14:15:1415] [[31merror[39m]: [31m500 - Cannot read properties of undefined (reading 'findMany') - /api/v1/requests/dd8e6c59-98a6-4555-88ad-0b646b97d296/documents - GET - ::1[39m
[2026-07-15 00:14:15:1415] [[31merror[39m]: [31mTypeError: Cannot read properties of undefined (reading 'findMany')[39m
[31m    at RequestService.getDocuments (C:\Users\vimal\OneDrive\Jubilee hospital demo\mediflow-core\server\src\request\request.service.ts:332:28)[39m
[31m    at process.processTicksAndRejections (node:internal/process/task_queues:103:5)[39m
[31m    at async getDocuments (C:\Users\vimal\OneDrive\Jubilee hospital demo\mediflow-core\server\src\controllers\request.controller.ts:110:21)[39m
[2026-07-15 00:15:14:1514] [[31merror[39m]: [31m500 - [39m
[31mInvalid `prisma.approvalAction.findMany()` invocation in[39m
[31mC:\Users\vimal\OneDrive\Jubilee hospital demo\mediflow-core\server\src\request\request.service.ts:316:34[39m

[31m  313 static async getComments(requestId: string, actor: AuthUser) {[39m
[31m  314   // Ensure the user can view the request[39m
[31m  315   await this.getRequestById(requestId, actor);[39m
[31m→ 316   return prisma.approvalAction.findMany({[39m
[31m          where: {[39m
[31m            requestId: "dd8e6c59-98a6-4555-88ad-0b646b97d296",[39m
[31m            action: undefined[39m
[31m          },[39m
[31m          select: {[39m
[31m            id: true,[39m
[31m            comment: true,[39m
[31m            actorId: true,[39m
[31m            createdAt: true,[39m
[31m            ~~~~~~~~~[39m
[31m        ?   requestId?: true,[39m
[31m        ?   stepId?: true,[39m
[31m        ?   action?: true,[39m
[31m        ?   takenAt?: true,[39m
[31m        ?   request?: true[39m
[31m          }[39m
[31m        })[39m

[31mUnknown field `createdAt` for select statement on model `ApprovalAction`. Available options are marked with ?. - /api/v1/requests/dd8e6c59-98a6-4555-88ad-0b646b97d296/comments - GET - ::1[39m
[2026-07-15 00:15:14:1514] [[31merror[39m]: [31mPrismaClientValidationError: [39m
[31mInvalid `prisma.approvalAction.findMany()` invocation in[39m
[31mC:\Users\vimal\OneDrive\Jubilee hospital demo\mediflow-core\server\src\request\request.service.ts:316:34[39m

[31m  313 static async getComments(requestId: string, actor: AuthUser) {[39m
[31m  314   // Ensure the user can view the request[39m
[31m  315   await this.getRequestById(requestId, actor);[39m
[31m→ 316   return prisma.approvalAction.findMany({[39m
[31m          where: {[39m
[31m            requestId: "dd8e6c59-98a6-4555-88ad-0b646b97d296",[39m
[31m            action: undefined[39m
[31m          },[39m
[31m          select: {[39m
[31m            id: true,[39m
[31m            comment: true,[39m
[31m            actorId: true,[39m
[31m            createdAt: true,[39m
[31m            ~~~~~~~~~[39m
[31m        ?   requestId?: true,[39m
[31m        ?   stepId?: true,[39m
[31m        ?   action?: true,[39m
[31m        ?   takenAt?: true,[39m
[31m        ?   request?: true[39m
[31m          }[39m
[31m        })[39m

[31mUnknown field `createdAt` for select statement on model `ApprovalAction`. Available options are marked with ?.[39m
[31m    at throwValidationException (C:\Users\vimal\OneDrive\Jubilee hospital demo\mediflow-core\server\node_modules\@prisma\client\src\runtime\core\errorRendering\throwValidationException.ts:46:9)[39m
[31m    at zr.handleRequestError (C:\Users\vimal\OneDrive\Jubilee hospital demo\mediflow-core\server\node_modules\@prisma\client\src\runtime\RequestHandler.ts:211:7)[39m
[31m    at zr.handleAndLogRequestError (C:\Users\vimal\OneDrive\Jubilee hospital demo\mediflow-core\server\node_modules\@prisma\client\src\runtime\RequestHandler.ts:183:12)[39m
[31m    at zr.request (C:\Users\vimal\OneDrive\Jubilee hospital demo\mediflow-core\server\node_modules\@prisma\client\src\runtime\RequestHandler.ts:152:12)[39m
[31m    at process.processTicksAndRejections (node:internal/process/task_queues:103:5)[39m
[31m    at async a (C:\Users\vimal\OneDrive\Jubilee hospital demo\mediflow-core\server\node_modules\@prisma\client\src\runtime\getPrismaClient.ts:963:24)[39m
[31m    at async getComments (C:\Users\vimal\OneDrive\Jubilee hospital demo\mediflow-core\server\src\controllers\request.controller.ts:104:20)[39m
[2026-07-15 00:15:14:1514] [[31merror[39m]: [31m500 - Cannot read properties of undefined (reading 'findMany') - /api/v1/requests/dd8e6c59-98a6-4555-88ad-0b646b97d296/documents - GET - ::1[39m
[2026-07-15 00:15:14:1514] [[31merror[39m]: [31mTypeError: Cannot read properties of undefined (reading 'findMany')[39m
[31m    at RequestService.getDocuments (C:\Users\vimal\OneDrive\Jubilee hospital demo\mediflow-core\server\src\request\request.service.ts:332:28)[39m
[31m    at process.processTicksAndRejections (node:internal/process/task_queues:103:5)[39m
[31m    at async getDocuments (C:\Users\vimal\OneDrive\Jubilee hospital demo\mediflow-core\server\src\controllers\request.controller.ts:110:21)[39m
[2026-07-15 00:15:15:1515] [[31merror[39m]: [31m500 - [39m
[31mInvalid `prisma.approvalAction.findMany()` invocation in[39m
[31mC:\Users\vimal\OneDrive\Jubilee hospital demo\mediflow-core\server\src\request\request.service.ts:316:34[39m

[31m  313 static async getComments(requestId: string, actor: AuthUser) {[39m
[31m  314   // Ensure the user can view the request[39m
[31m  315   await this.getRequestById(requestId, actor);[39m
[31m→ 316   return prisma.approvalAction.findMany({[39m
[31m          where: {[39m
[31m            requestId: "dd8e6c59-98a6-4555-88ad-0b646b97d296",[39m
[31m            action: undefined[39m
[31m          },[39m
[31m          select: {[39m
[31m            id: true,[39m
[31m            comment: true,[39m
[31m            actorId: true,[39m
[31m            createdAt: true,[39m
[31m            ~~~~~~~~~[39m
[31m        ?   requestId?: true,[39m
[31m        ?   stepId?: true,[39m
[31m        ?   action?: true,[39m
[31m        ?   takenAt?: true,[39m
[31m        ?   request?: true[39m
[31m          }[39m
[31m        })[39m

[31mUnknown field `createdAt` for select statement on model `ApprovalAction`. Available options are marked with ?. - /api/v1/requests/dd8e6c59-98a6-4555-88ad-0b646b97d296/comments - GET - ::1[39m
[2026-07-15 00:15:15:1515] [[31merror[39m]: [31mPrismaClientValidationError: [39m
[31mInvalid `prisma.approvalAction.findMany()` invocation in[39m
[31mC:\Users\vimal\OneDrive\Jubilee hospital demo\mediflow-core\server\src\request\request.service.ts:316:34[39m

[31m  313 static async getComments(requestId: string, actor: AuthUser) {[39m
[31m  314   // Ensure the user can view the request[39m
[31m  315   await this.getRequestById(requestId, actor);[39m
[31m→ 316   return prisma.approvalAction.findMany({[39m
[31m          where: {[39m
[31m            requestId: "dd8e6c59-98a6-4555-88ad-0b646b97d296",[39m
[31m            action: undefined[39m
[31m          },[39m
[31m          select: {[39m
[31m            id: true,[39m
[31m            comment: true,[39m
[31m            actorId: true,[39m
[31m            createdAt: true,[39m
[31m            ~~~~~~~~~[39m
[31m        ?   requestId?: true,[39m
[31m        ?   stepId?: true,[39m
[31m        ?   action?: true,[39m
[31m        ?   takenAt?: true,[39m
[31m        ?   request?: true[39m
[31m          }[39m
[31m        })[39m

[31mUnknown field `createdAt` for select statement on model `ApprovalAction`. Available options are marked with ?.[39m
[31m    at throwValidationException (C:\Users\vimal\OneDrive\Jubilee hospital demo\mediflow-core\server\node_modules\@prisma\client\src\runtime\core\errorRendering\throwValidationException.ts:46:9)[39m
[31m    at zr.handleRequestError (C:\Users\vimal\OneDrive\Jubilee hospital demo\mediflow-core\server\node_modules\@prisma\client\src\runtime\RequestHandler.ts:211:7)[39m
[31m    at zr.handleAndLogRequestError (C:\Users\vimal\OneDrive\Jubilee hospital demo\mediflow-core\server\node_modules\@prisma\client\src\runtime\RequestHandler.ts:183:12)[39m
[31m    at zr.request (C:\Users\vimal\OneDrive\Jubilee hospital demo\mediflow-core\server\node_modules\@prisma\client\src\runtime\RequestHandler.ts:152:12)[39m
[31m    at process.processTicksAndRejections (node:internal/process/task_queues:103:5)[39m
[31m    at async a (C:\Users\vimal\OneDrive\Jubilee hospital demo\mediflow-core\server\node_modules\@prisma\client\src\runtime\getPrismaClient.ts:963:24)[39m
[31m    at async getComments (C:\Users\vimal\OneDrive\Jubilee hospital demo\mediflow-core\server\src\controllers\request.controller.ts:104:20)[39m
[2026-07-15 00:15:15:1515] [[31merror[39m]: [31m500 - [39m
[31mInvalid `prisma.approvalAction.findMany()` invocation in[39m
[31mC:\Users\vimal\OneDrive\Jubilee hospital demo\mediflow-core\server\src\request\request.service.ts:316:34[39m

[31m  313 static async getComments(requestId: string, actor: AuthUser) {[39m
[31m  314   // Ensure the user can view the request[39m
[31m  315   await this.getRequestById(requestId, actor);[39m
[31m→ 316   return prisma.approvalAction.findMany({[39m
[31m          where: {[39m
[31m            requestId: "fca9b7da-a577-4953-b0f1-de61b9a1b979",[39m
[31m            action: undefined[39m
[31m          },[39m
[31m          select: {[39m
[31m            id: true,[39m
[31m            comment: true,[39m
[31m            actorId: true,[39m
[31m            createdAt: true,[39m
[31m            ~~~~~~~~~[39m
[31m        ?   requestId?: true,[39m
[31m        ?   stepId?: true,[39m
[31m        ?   action?: true,[39m
[31m        ?   takenAt?: true,[39m
[31m        ?   request?: true[39m
[31m          }[39m
[31m        })[39m

[31mUnknown field `createdAt` for select statement on model `ApprovalAction`. Available options are marked with ?. - /api/v1/requests/fca9b7da-a577-4953-b0f1-de61b9a1b979/comments - GET - ::1[39m
[2026-07-15 00:15:15:1515] [[31merror[39m]: [31mPrismaClientValidationError: [39m
[31mInvalid `prisma.approvalAction.findMany()` invocation in[39m
[31mC:\Users\vimal\OneDrive\Jubilee hospital demo\mediflow-core\server\src\request\request.service.ts:316:34[39m

[31m  313 static async getComments(requestId: string, actor: AuthUser) {[39m
[31m  314   // Ensure the user can view the request[39m
[31m  315   await this.getRequestById(requestId, actor);[39m
[31m→ 316   return prisma.approvalAction.findMany({[39m
[31m          where: {[39m
[31m            requestId: "fca9b7da-a577-4953-b0f1-de61b9a1b979",[39m
[31m            action: undefined[39m
[31m          },[39m
[31m          select: {[39m
[31m            id: true,[39m
[31m            comment: true,[39m
[31m            actorId: true,[39m
[31m            createdAt: true,[39m
[31m            ~~~~~~~~~[39m
[31m        ?   requestId?: true,[39m
[31m        ?   stepId?: true,[39m
[31m        ?   action?: true,[39m
[31m        ?   takenAt?: true,[39m
[31m        ?   request?: true[39m
[31m          }[39m
[31m        })[39m

[31mUnknown field `createdAt` for select statement on model `ApprovalAction`. Available options are marked with ?.[39m
[31m    at throwValidationException (C:\Users\vimal\OneDrive\Jubilee hospital demo\mediflow-core\server\node_modules\@prisma\client\src\runtime\core\errorRendering\throwValidationException.ts:46:9)[39m
[31m    at zr.handleRequestError (C:\Users\vimal\OneDrive\Jubilee hospital demo\mediflow-core\server\node_modules\@prisma\client\src\runtime\RequestHandler.ts:211:7)[39m
[31m    at zr.handleAndLogRequestError (C:\Users\vimal\OneDrive\Jubilee hospital demo\mediflow-core\server\node_modules\@prisma\client\src\runtime\RequestHandler.ts:183:12)[39m
[31m    at zr.request (C:\Users\vimal\OneDrive\Jubilee hospital demo\mediflow-core\server\node_modules\@prisma\client\src\runtime\RequestHandler.ts:152:12)[39m
[31m    at process.processTicksAndRejections (node:internal/process/task_queues:103:5)[39m
[31m    at async a (C:\Users\vimal\OneDrive\Jubilee hospital demo\mediflow-core\server\node_modules\@prisma\client\src\runtime\getPrismaClient.ts:963:24)[39m
[31m    at async getComments (C:\Users\vimal\OneDrive\Jubilee hospital demo\mediflow-core\server\src\controllers\request.controller.ts:104:20)[39m
[2026-07-15 00:15:15:1515] [[31merror[39m]: [31m500 - Cannot read properties of undefined (reading 'findMany') - /api/v1/requests/fca9b7da-a577-4953-b0f1-de61b9a1b979/documents - GET - ::1[39m
[2026-07-15 00:15:15:1515] [[31merror[39m]: [31mTypeError: Cannot read properties of undefined (reading 'findMany')[39m
[31m    at RequestService.getDocuments (C:\Users\vimal\OneDrive\Jubilee hospital demo\mediflow-core\server\src\request\request.service.ts:332:28)[39m
[31m    at process.processTicksAndRejections (node:internal/process/task_queues:103:5)[39m
[31m    at async getDocuments (C:\Users\vimal\OneDrive\Jubilee hospital demo\mediflow-core\server\src\controllers\request.controller.ts:110:21)[39m
[2026-07-15 00:15:15:1515] [[31merror[39m]: [31m500 - Cannot read properties of undefined (reading 'findMany') - /api/v1/requests/dd8e6c59-98a6-4555-88ad-0b646b97d296/documents - GET - ::1[39m
[2026-07-15 00:15:15:1515] [[31merror[39m]: [31mTypeError: Cannot read properties of undefined (reading 'findMany')[39m
[31m    at RequestService.getDocuments (C:\Users\vimal\OneDrive\Jubilee hospital demo\mediflow-core\server\src\request\request.service.ts:332:28)[39m
[31m    at process.processTicksAndRejections (node:internal/process/task_queues:103:5)[39m
[31m    at async getDocuments (C:\Users\vimal\OneDrive\Jubilee hospital demo\mediflow-core\server\src\controllers\request.controller.ts:110:21)[39m
[2026-07-15 00:15:15:1515] [[31merror[39m]: [31m500 - [39m
[31mInvalid `prisma.approvalAction.findMany()` invocation in[39m
[31mC:\Users\vimal\OneDrive\Jubilee hospital demo\mediflow-core\server\src\request\request.service.ts:316:34[39m

[31m  313 static async getComments(requestId: string, actor: AuthUser) {[39m
[31m  314   // Ensure the user can view the request[39m
[31m  315   await this.getRequestById(requestId, actor);[39m
[31m→ 316   return prisma.approvalAction.findMany({[39m
[31m          where: {[39m
[31m            requestId: "fca9b7da-a577-4953-b0f1-de61b9a1b979",[39m
[31m            action: undefined[39m
[31m          },[39m
[31m          select: {[39m
[31m            id: true,[39m
[31m            comment: true,[39m
[31m            actorId: true,[39m
[31m            createdAt: true,[39m
[31m            ~~~~~~~~~[39m
[31m        ?   requestId?: true,[39m
[31m        ?   stepId?: true,[39m
[31m        ?   action?: true,[39m
[31m        ?   takenAt?: true,[39m
[31m        ?   request?: true[39m
[31m          }[39m
[31m        })[39m

[31mUnknown field `createdAt` for select statement on model `ApprovalAction`. Available options are marked with ?. - /api/v1/requests/fca9b7da-a577-4953-b0f1-de61b9a1b979/comments - GET - ::1[39m
[2026-07-15 00:15:15:1515] [[31merror[39m]: [31mPrismaClientValidationError: [39m
[31mInvalid `prisma.approvalAction.findMany()` invocation in[39m
[31mC:\Users\vimal\OneDrive\Jubilee hospital demo\mediflow-core\server\src\request\request.service.ts:316:34[39m

[31m  313 static async getComments(requestId: string, actor: AuthUser) {[39m
[31m  314   // Ensure the user can view the request[39m
[31m  315   await this.getRequestById(requestId, actor);[39m
[31m→ 316   return prisma.approvalAction.findMany({[39m
[31m          where: {[39m
[31m            requestId: "fca9b7da-a577-4953-b0f1-de61b9a1b979",[39m
[31m            action: undefined[39m
[31m          },[39m
[31m          select: {[39m
[31m            id: true,[39m
[31m            comment: true,[39m
[31m            actorId: true,[39m
[31m            createdAt: true,[39m
[31m            ~~~~~~~~~[39m
[31m        ?   requestId?: true,[39m
[31m        ?   stepId?: true,[39m
[31m        ?   action?: true,[39m
[31m        ?   takenAt?: true,[39m
[31m        ?   request?: true[39m
[31m          }[39m
[31m        })[39m

[31mUnknown field `createdAt` for select statement on model `ApprovalAction`. Available options are marked with ?.[39m
[31m    at throwValidationException (C:\Users\vimal\OneDrive\Jubilee hospital demo\mediflow-core\server\node_modules\@prisma\client\src\runtime\core\errorRendering\throwValidationException.ts:46:9)[39m
[31m    at zr.handleRequestError (C:\Users\vimal\OneDrive\Jubilee hospital demo\mediflow-core\server\node_modules\@prisma\client\src\runtime\RequestHandler.ts:211:7)[39m
[31m    at zr.handleAndLogRequestError (C:\Users\vimal\OneDrive\Jubilee hospital demo\mediflow-core\server\node_modules\@prisma\client\src\runtime\RequestHandler.ts:183:12)[39m
[31m    at zr.request (C:\Users\vimal\OneDrive\Jubilee hospital demo\mediflow-core\server\node_modules\@prisma\client\src\runtime\RequestHandler.ts:152:12)[39m
[31m    at process.processTicksAndRejections (node:internal/process/task_queues:103:5)[39m
[31m    at async a (C:\Users\vimal\OneDrive\Jubilee hospital demo\mediflow-core\server\node_modules\@prisma\client\src\runtime\getPrismaClient.ts:963:24)[39m
[31m    at async getComments (C:\Users\vimal\OneDrive\Jubilee hospital demo\mediflow-core\server\src\controllers\request.controller.ts:104:20)[39m
[2026-07-15 00:15:15:1515] [[31merror[39m]: [31m500 - Cannot read properties of undefined (reading 'findMany') - /api/v1/requests/fca9b7da-a577-4953-b0f1-de61b9a1b979/documents - GET - ::1[39m
[2026-07-15 00:15:15:1515] [[31merror[39m]: [31mTypeError: Cannot read properties of undefined (reading 'findMany')[39m
[31m    at RequestService.getDocuments (C:\Users\vimal\OneDrive\Jubilee hospital demo\mediflow-core\server\src\request\request.service.ts:332:28)[39m
[31m    at process.processTicksAndRejections (node:internal/process/task_queues:103:5)[39m
[31m    at async getDocuments (C:\Users\vimal\OneDrive\Jubilee hospital demo\mediflow-core\server\src\controllers\request.controller.ts:110:21)[39m
[2026-07-15 00:17:38:1738] [[31merror[39m]: [31m403 - You are not allowed to submit this request. - /api/v1/requests/fca9b7da-a577-4953-b0f1-de61b9a1b979/submit - POST - ::1[39m
[2026-07-15 00:17:38:1738] [[31merror[39m]: [31mError: You are not allowed to submit this request.[39m
[31m    at WorkflowEngine.submitRequest (C:\Users\vimal\OneDrive\Jubilee hospital demo\mediflow-core\server\src\core\WorkflowEngine.ts:46:13)[39m
[31m    at process.processTicksAndRejections (node:internal/process/task_queues:103:5)[39m
[31m    at async submitRequest (C:\Users\vimal\OneDrive\Jubilee hospital demo\mediflow-core\server\src\controllers\request.controller.ts:33:18)[39m
[2026-07-15 00:17:45:1745] [[31merror[39m]: [31m403 - You are not allowed to submit this request. - /api/v1/requests/fca9b7da-a577-4953-b0f1-de61b9a1b979/submit - POST - ::1[39m
[2026-07-15 00:17:45:1745] [[31merror[39m]: [31mError: You are not allowed to submit this request.[39m
[31m    at WorkflowEngine.submitRequest (C:\Users\vimal\OneDrive\Jubilee hospital demo\mediflow-core\server\src\core\WorkflowEngine.ts:46:13)[39m
[31m    at process.processTicksAndRejections (node:internal/process/task_queues:103:5)[39m
[31m    at async submitRequest (C:\Users\vimal\OneDrive\Jubilee hospital demo\mediflow-core\server\src\controllers\request.controller.ts:33:18)[39m
[2026-07-15 00:17:56:1756] [[31merror[39m]: [31m403 - You are not allowed to submit this request. - /api/v1/requests/4503a7a7-9bd1-4ee8-a0cd-0746cb2477b3/submit - POST - ::1[39m
[2026-07-15 00:17:56:1756] [[31merror[39m]: [31mError: You are not allowed to submit this request.[39m
[31m    at WorkflowEngine.submitRequest (C:\Users\vimal\OneDrive\Jubilee hospital demo\mediflow-core\server\src\core\WorkflowEngine.ts:46:13)[39m
[31m    at process.processTicksAndRejections (node:internal/process/task_queues:103:5)[39m
[31m    at async submitRequest (C:\Users\vimal\OneDrive\Jubilee hospital demo\mediflow-core\server\src\controllers\request.controller.ts:33:18)[39m
[2026-07-15 03:08:23:823] [[31merror[39m]: [31m401 - Invalid email or password. - /api/v1/auth/login - POST - ::1[39m
[2026-07-15 03:08:23:823] [[31merror[39m]: [31mError: Invalid email or password.[39m
[31m    at <anonymous> (C:\Users\vimal\OneDrive\Jubilee hospital demo\mediflow-core\server\src\routes\auth.ts:25:19)[39m
[31m    at process.processTicksAndRejections (node:internal/process/task_queues:103:5)[39m
[2026-07-15 03:08:28:828] [[31merror[39m]: [31m401 - Invalid email or password. - /api/v1/auth/login - POST - ::1[39m
[2026-07-15 03:08:28:828] [[31merror[39m]: [31mError: Invalid email or password.[39m
[31m    at <anonymous> (C:\Users\vimal\OneDrive\Jubilee hospital demo\mediflow-core\server\src\routes\auth.ts:25:19)[39m
[31m    at process.processTicksAndRejections (node:internal/process/task_queues:103:5)[39m
[2026-07-15 03:09:33:933] [[31merror[39m]: [31m401 - Invalid email or password. - /api/v1/auth/login - POST - ::1[39m
[2026-07-15 03:09:33:933] [[31merror[39m]: [31mError: Invalid email or password.[39m
[31m    at <anonymous> (C:\Users\vimal\OneDrive\Jubilee hospital demo\mediflow-core\server\src\routes\auth.ts:25:19)[39m
[2026-07-15 03:09:50:950] [[31merror[39m]: [31m401 - Invalid email or password. - /api/v1/auth/login - POST - ::1[39m
[2026-07-15 03:09:50:950] [[31merror[39m]: [31mError: Invalid email or password.[39m
[31m    at <anonymous> (C:\Users\vimal\OneDrive\Jubilee hospital demo\mediflow-core\server\src\routes\auth.ts:25:19)[39m
[31m    at process.processTicksAndRejections (node:internal/process/task_queues:103:5)[39m
[2026-07-15 03:12:00:120] [[31merror[39m]: [31m401 - Invalid email or password. - /api/v1/auth/login - POST - ::1[39m
[2026-07-15 03:12:00:120] [[31merror[39m]: [31mError: Invalid email or password.[39m
[31m    at <anonymous> (C:\Users\vimal\OneDrive\Jubilee hospital demo\mediflow-core\server\src\routes\auth.ts:25:19)[39m
[31m    at process.processTicksAndRejections (node:internal/process/task_queues:103:5)[39m
[2026-07-15 03:15:26:1526] [[31merror[39m]: [31m403 - You are not allowed to view this request. - /api/v1/requests/fca9b7da-a577-4953-b0f1-de61b9a1b979/comments - GET - ::1[39m
[2026-07-15 03:15:26:1526] [[31merror[39m]: [31mError: You are not allowed to view this request.[39m
[31m    at RequestService.getRequestById (C:\Users\vimal\OneDrive\Jubilee hospital demo\mediflow-core\server\src\request\request.service.ts:227:13)[39m
[31m    at process.processTicksAndRejections (node:internal/process/task_queues:103:5)[39m
[31m    at async RequestService.getComments (C:\Users\vimal\OneDrive\Jubilee hospital demo\mediflow-core\server\src\request\request.service.ts:322:5)[39m
[31m    at async getComments (C:\Users\vimal\OneDrive\Jubilee hospital demo\mediflow-core\server\src\controllers\request.controller.ts:104:20)[39m
[2026-07-15 03:15:27:1527] [[31merror[39m]: [31m403 - You are not allowed to view this request. - /api/v1/requests/fca9b7da-a577-4953-b0f1-de61b9a1b979 - GET - ::1[39m
[2026-07-15 03:15:27:1527] [[31merror[39m]: [31mError: You are not allowed to view this request.[39m
[31m    at RequestService.getRequestById (C:\Users\vimal\OneDrive\Jubilee hospital demo\mediflow-core\server\src\request\request.service.ts:227:13)[39m
[31m    at process.processTicksAndRejections (node:internal/process/task_queues:103:5)[39m
[31m    at async getRequestById (C:\Users\vimal\OneDrive\Jubilee hospital demo\mediflow-core\server\src\controllers\request.controller.ts:46:18)[39m
[2026-07-15 03:15:27:1527] [[31merror[39m]: [31m403 - You are not allowed to view this request. - /api/v1/requests/fca9b7da-a577-4953-b0f1-de61b9a1b979/documents - GET - ::1[39m
[2026-07-15 03:15:27:1527] [[31merror[39m]: [31mError: You are not allowed to view this request.[39m
[31m    at RequestService.getRequestById (C:\Users\vimal\OneDrive\Jubilee hospital demo\mediflow-core\server\src\request\request.service.ts:227:13)[39m
[31m    at process.processTicksAndRejections (node:internal/process/task_queues:103:5)[39m
[31m    at async RequestService.getDocuments (C:\Users\vimal\OneDrive\Jubilee hospital demo\mediflow-core\server\src\request\request.service.ts:344:5)[39m
[31m    at async getDocuments (C:\Users\vimal\OneDrive\Jubilee hospital demo\mediflow-core\server\src\controllers\request.controller.ts:110:21)[39m
[2026-07-15 03:19:01:191] [[31merror[39m]: [31m403 - You are not allowed to view this request. - /api/v1/requests/fca9b7da-a577-4953-b0f1-de61b9a1b979/documents - GET - ::1[39m
[2026-07-15 03:19:01:191] [[31merror[39m]: [31mError: You are not allowed to view this request.[39m
[31m    at RequestService.getRequestById (C:\Users\vimal\OneDrive\Jubilee hospital demo\mediflow-core\server\src\request\request.service.ts:227:13)[39m
[31m    at process.processTicksAndRejections (node:internal/process/task_queues:103:5)[39m
[31m    at async RequestService.getDocuments (C:\Users\vimal\OneDrive\Jubilee hospital demo\mediflow-core\server\src\request\request.service.ts:344:5)[39m
[31m    at async getDocuments (C:\Users\vimal\OneDrive\Jubilee hospital demo\mediflow-core\server\src\controllers\request.controller.ts:110:21)[39m
[2026-07-15 03:19:01:191] [[31merror[39m]: [31m403 - You are not allowed to view this request. - /api/v1/requests/fca9b7da-a577-4953-b0f1-de61b9a1b979/comments - GET - ::1[39m
[2026-07-15 03:19:01:191] [[31merror[39m]: [31mError: You are not allowed to view this request.[39m
[31m    at RequestService.getRequestById (C:\Users\vimal\OneDrive\Jubilee hospital demo\mediflow-core\server\src\request\request.service.ts:227:13)[39m
[31m    at process.processTicksAndRejections (node:internal/process/task_queues:103:5)[39m
[31m    at async RequestService.getComments (C:\Users\vimal\OneDrive\Jubilee hospital demo\mediflow-core\server\src\request\request.service.ts:322:5)[39m
[31m    at async getComments (C:\Users\vimal\OneDrive\Jubilee hospital demo\mediflow-core\server\src\controllers\request.controller.ts:104:20)[39m
[2026-07-15 03:19:01:191] [[31merror[39m]: [31m403 - You are not allowed to view this request. - /api/v1/requests/fca9b7da-a577-4953-b0f1-de61b9a1b979 - GET - ::1[39m
[2026-07-15 03:19:01:191] [[31merror[39m]: [31mError: You are not allowed to view this request.[39m
[31m    at RequestService.getRequestById (C:\Users\vimal\OneDrive\Jubilee hospital demo\mediflow-core\server\src\request\request.service.ts:227:13)[39m
[31m    at process.processTicksAndRejections (node:internal/process/task_queues:103:5)[39m
[31m    at async getRequestById (C:\Users\vimal\OneDrive\Jubilee hospital demo\mediflow-core\server\src\controllers\request.controller.ts:46:18)[39m
[2026-07-15 15:21:31:2131] [[31merror[39m]: [31m401 - Invalid email or password. - /api/v1/auth/login - POST - ::1[39m
[2026-07-15 15:21:31:2131] [[31merror[39m]: [31mError: Invalid email or password.[39m
[31m    at <anonymous> (C:\Users\vimal\OneDrive\Jubilee hospital demo\mediflow-core\server\src\routes\auth.ts:25:19)[39m
[31m    at process.processTicksAndRejections (node:internal/process/task_queues:103:5)[39m
[2026-07-15 15:22:43:2243] [[31merror[39m]: [31m500 - [39m
[31mInvalid `prisma.approvalAction.create()` invocation in[39m
[31mC:\Users\vimal\OneDrive\Jubilee hospital demo\mediflow-core\server\src\request\request.service.ts:138:33[39m

[31m  135 static async addComment(requestId: string, comment: string, actor: AuthUser) {[39m
[31m  136   const request = await prisma.request.findUniqueOrThrow({ where: { id: requestId } });[39m
[31m  137   // Any participant can comment; no extra check needed beyond auth[39m
[31m→ 138   await prisma.approvalAction.create({[39m
[31m          data: {[39m
[31m            requestId: "d47aca99-70f9-4e06-909d-a26af45475fa",[39m
[31m            actorId: "23b45a9b-063d-44da-b337-4fbde0e83484",[39m
[31m            action: "COMMENTED",[39m
[31m            comment: "ok",[39m
[31m        +   stepId: String[39m
[31m          }[39m
[31m        })[39m

[31mArgument `stepId` is missing. - /api/v1/requests/d47aca99-70f9-4e06-909d-a26af45475fa/comments - POST - ::1[39m
[2026-07-15 15:22:43:2243] [[31merror[39m]: [31mPrismaClientValidationError: [39m
[31mInvalid `prisma.approvalAction.create()` invocation in[39m
[31mC:\Users\vimal\OneDrive\Jubilee hospital demo\mediflow-core\server\src\request\request.service.ts:138:33[39m

[31m  135 static async addComment(requestId: string, comment: string, actor: AuthUser) {[39m
[31m  136   const request = await prisma.request.findUniqueOrThrow({ where: { id: requestId } });[39m
[31m  137   // Any participant can comment; no extra check needed beyond auth[39m
[31m→ 138   await prisma.approvalAction.create({[39m
[31m          data: {[39m
[31m            requestId: "d47aca99-70f9-4e06-909d-a26af45475fa",[39m
[31m            actorId: "23b45a9b-063d-44da-b337-4fbde0e83484",[39m
[31m            action: "COMMENTED",[39m
[31m            comment: "ok",[39m
[31m        +   stepId: String[39m
[31m          }[39m
[31m        })[39m

[31mArgument `stepId` is missing.[39m
[31m    at throwValidationException (C:\Users\vimal\OneDrive\Jubilee hospital demo\mediflow-core\server\node_modules\@prisma\client\src\runtime\core\errorRendering\throwValidationException.ts:46:9)[39m
[31m    at zr.handleRequestError (C:\Users\vimal\OneDrive\Jubilee hospital demo\mediflow-core\server\node_modules\@prisma\client\src\runtime\RequestHandler.ts:211:7)[39m
[31m    at zr.handleAndLogRequestError (C:\Users\vimal\OneDrive\Jubilee hospital demo\mediflow-core\server\node_modules\@prisma\client\src\runtime\RequestHandler.ts:183:12)[39m
[31m    at zr.request (C:\Users\vimal\OneDrive\Jubilee hospital demo\mediflow-core\server\node_modules\@prisma\client\src\runtime\RequestHandler.ts:152:12)[39m
[31m    at process.processTicksAndRejections (node:internal/process/task_queues:103:5)[39m
[31m    at async a (C:\Users\vimal\OneDrive\Jubilee hospital demo\mediflow-core\server\node_modules\@prisma\client\src\runtime\getPrismaClient.ts:963:24)[39m
[31m    at async RequestService.addComment (C:\Users\vimal\OneDrive\Jubilee hospital demo\mediflow-core\server\src\request\request.service.ts:138:5)[39m
[31m    at async addComment (C:\Users\vimal\OneDrive\Jubilee hospital demo\mediflow-core\server\src\controllers\request.controller.ts:62:3)[39m
[2026-07-15 15:22:59:2259] [[31merror[39m]: [31m500 - [39m
[31mInvalid `prisma.approvalAction.create()` invocation in[39m
[31mC:\Users\vimal\OneDrive\Jubilee hospital demo\mediflow-core\server\src\request\request.service.ts:138:33[39m

[31m  135 static async addComment(requestId: string, comment: string, actor: AuthUser) {[39m
[31m  136   const request = await prisma.request.findUniqueOrThrow({ where: { id: requestId } });[39m
[31m  137   // Any participant can comment; no extra check needed beyond auth[39m
[31m→ 138   await prisma.approvalAction.create({[39m
[31m          data: {[39m
[31m            requestId: "d47aca99-70f9-4e06-909d-a26af45475fa",[39m
[31m            actorId: "23b45a9b-063d-44da-b337-4fbde0e83484",[39m
[31m            action: "COMMENTED",[39m
[31m            comment: "ok",[39m
[31m        +   stepId: String[39m
[31m          }[39m
[31m        })[39m

[31mArgument `stepId` is missing. - /api/v1/requests/d47aca99-70f9-4e06-909d-a26af45475fa/comments - POST - ::1[39m
[2026-07-15 15:22:59:2259] [[31merror[39m]: [31mPrismaClientValidationError: [39m
[31mInvalid `prisma.approvalAction.create()` invocation in[39m
[31mC:\Users\vimal\OneDrive\Jubilee hospital demo\mediflow-core\server\src\request\request.service.ts:138:33[39m

[31m  135 static async addComment(requestId: string, comment: string, actor: AuthUser) {[39m
[31m  136   const request = await prisma.request.findUniqueOrThrow({ where: { id: requestId } });[39m
[31m  137   // Any participant can comment; no extra check needed beyond auth[39m
[31m→ 138   await prisma.approvalAction.create({[39m
[31m          data: {[39m
[31m            requestId: "d47aca99-70f9-4e06-909d-a26af45475fa",[39m
[31m            actorId: "23b45a9b-063d-44da-b337-4fbde0e83484",[39m
[31m            action: "COMMENTED",[39m
[31m            comment: "ok",[39m
[31m        +   stepId: String[39m
[31m          }[39m
[31m        })[39m

[31mArgument `stepId` is missing.[39m
[31m    at throwValidationException (C:\Users\vimal\OneDrive\Jubilee hospital demo\mediflow-core\server\node_modules\@prisma\client\src\runtime\core\errorRendering\throwValidationException.ts:46:9)[39m
[31m    at zr.handleRequestError (C:\Users\vimal\OneDrive\Jubilee hospital demo\mediflow-core\server\node_modules\@prisma\client\src\runtime\RequestHandler.ts:211:7)[39m
[31m    at zr.handleAndLogRequestError (C:\Users\vimal\OneDrive\Jubilee hospital demo\mediflow-core\server\node_modules\@prisma\client\src\runtime\RequestHandler.ts:183:12)[39m
[31m    at zr.request (C:\Users\vimal\OneDrive\Jubilee hospital demo\mediflow-core\server\node_modules\@prisma\client\src\runtime\RequestHandler.ts:152:12)[39m
[31m    at process.processTicksAndRejections (node:internal/process/task_queues:103:5)[39m
[31m    at async a (C:\Users\vimal\OneDrive\Jubilee hospital demo\mediflow-core\server\node_modules\@prisma\client\src\runtime\getPrismaClient.ts:963:24)[39m
[31m    at async RequestService.addComment (C:\Users\vimal\OneDrive\Jubilee hospital demo\mediflow-core\server\src\request\request.service.ts:138:5)[39m
[31m    at async addComment (C:\Users\vimal\OneDrive\Jubilee hospital demo\mediflow-core\server\src\controllers\request.controller.ts:62:3)[39m
[2026-07-15 15:23:19:2319] [[31merror[39m]: [31m401 - Invalid email or password. - /api/v1/auth/login - POST - ::1[39m
[2026-07-15 15:23:19:2319] [[31merror[39m]: [31mError: Invalid email or password.[39m
[31m    at <anonymous> (C:\Users\vimal\OneDrive\Jubilee hospital demo\mediflow-core\server\src\routes\auth.ts:25:19)[39m
[31m    at process.processTicksAndRejections (node:internal/process/task_queues:103:5)[39m
[2026-07-15 15:23:36:2336] [[31merror[39m]: [31m401 - Invalid email or password. - /api/v1/auth/login - POST - ::1[39m
[2026-07-15 15:23:36:2336] [[31merror[39m]: [31mError: Invalid email or password.[39m
[31m    at <anonymous> (C:\Users\vimal\OneDrive\Jubilee hospital demo\mediflow-core\server\src\routes\auth.ts:25:19)[39m
[31m    at process.processTicksAndRejections (node:internal/process/task_queues:103:5)[39m
[2026-07-15 15:25:13:2513] [[31merror[39m]: [31m401 - Invalid email or password. - /api/v1/auth/login - POST - ::1[39m
[2026-07-15 15:25:13:2513] [[31merror[39m]: [31mError: Invalid email or password.[39m
[31m    at <anonymous> (C:\Users\vimal\OneDrive\Jubilee hospital demo\mediflow-core\server\src\routes\auth.ts:25:19)[39m
[2026-07-15 15:28:47:2847] [[31merror[39m]: [31m401 - Invalid email or password. - /api/v1/auth/login - POST - ::1[39m
[2026-07-15 15:28:47:2847] [[31merror[39m]: [31mError: Invalid email or password.[39m
[31m    at <anonymous> (C:\Users\vimal\OneDrive\Jubilee hospital demo\mediflow-core\server\src\routes\auth.ts:25:19)[39m
[31m    at process.processTicksAndRejections (node:internal/process/task_queues:103:5)[39m
[2026-07-15 15:29:55:2955] [[31merror[39m]: [31m403 - You are not allowed to view this request. - /api/v1/requests/d47aca99-70f9-4e06-909d-a26af45475fa - GET - ::1[39m
[2026-07-15 15:29:55:2955] [[31merror[39m]: [31mError: You are not allowed to view this request.[39m
[31m    at RequestService.getRequestById (C:\Users\vimal\OneDrive\Jubilee hospital demo\mediflow-core\server\src\request\request.service.ts:227:13)[39m
[31m    at process.processTicksAndRejections (node:internal/process/task_queues:103:5)[39m
[31m    at async getRequestById (C:\Users\vimal\OneDrive\Jubilee hospital demo\mediflow-core\server\src\controllers\request.controller.ts:46:18)[39m
[2026-07-15 15:29:56:2956] [[31merror[39m]: [31m403 - You are not allowed to view this request. - /api/v1/requests/d47aca99-70f9-4e06-909d-a26af45475fa/comments - GET - ::1[39m
[2026-07-15 15:29:56:2956] [[31merror[39m]: [31mError: You are not allowed to view this request.[39m
[31m    at RequestService.getRequestById (C:\Users\vimal\OneDrive\Jubilee hospital demo\mediflow-core\server\src\request\request.service.ts:227:13)[39m
[31m    at process.processTicksAndRejections (node:internal/process/task_queues:103:5)[39m
[31m    at async RequestService.getComments (C:\Users\vimal\OneDrive\Jubilee hospital demo\mediflow-core\server\src\request\request.service.ts:322:5)[39m
[31m    at async getComments (C:\Users\vimal\OneDrive\Jubilee hospital demo\mediflow-core\server\src\controllers\request.controller.ts:104:20)[39m
[2026-07-15 15:29:56:2956] [[31merror[39m]: [31m403 - You are not allowed to view this request. - /api/v1/requests/d47aca99-70f9-4e06-909d-a26af45475fa/documents - GET - ::1[39m
[2026-07-15 15:29:56:2956] [[31merror[39m]: [31mError: You are not allowed to view this request.[39m
[31m    at RequestService.getRequestById (C:\Users\vimal\OneDrive\Jubilee hospital demo\mediflow-core\server\src\request\request.service.ts:227:13)[39m
[31m    at process.processTicksAndRejections (node:internal/process/task_queues:103:5)[39m
[31m    at async RequestService.getDocuments (C:\Users\vimal\OneDrive\Jubilee hospital demo\mediflow-core\server\src\request\request.service.ts:344:5)[39m
[31m    at async getDocuments (C:\Users\vimal\OneDrive\Jubilee hospital demo\mediflow-core\server\src\controllers\request.controller.ts:110:21)[39m
[2026-07-15 15:34:50:3450] [[31merror[39m]: [31m403 - You are not allowed to view this request. - /api/v1/requests/4a870878-eb7c-403d-8082-ca8fcb07c837/comments - GET - ::1[39m
[2026-07-15 15:34:50:3450] [[31merror[39m]: [31mError: You are not allowed to view this request.[39m
[31m    at RequestService.getRequestById (C:\Users\vimal\OneDrive\Jubilee hospital demo\mediflow-core\server\src\request\request.service.ts:227:13)[39m
[31m    at process.processTicksAndRejections (node:internal/process/task_queues:103:5)[39m
[31m    at async RequestService.getComments (C:\Users\vimal\OneDrive\Jubilee hospital demo\mediflow-core\server\src\request\request.service.ts:322:5)[39m
[31m    at async getComments (C:\Users\vimal\OneDrive\Jubilee hospital demo\mediflow-core\server\src\controllers\request.controller.ts:104:20)[39m
[2026-07-15 15:34:51:3451] [[31merror[39m]: [31m403 - You are not allowed to view this request. - /api/v1/requests/4a870878-eb7c-403d-8082-ca8fcb07c837/documents - GET - ::1[39m
[2026-07-15 15:34:51:3451] [[31merror[39m]: [31mError: You are not allowed to view this request.[39m
[31m    at RequestService.getRequestById (C:\Users\vimal\OneDrive\Jubilee hospital demo\mediflow-core\server\src\request\request.service.ts:227:13)[39m
[31m    at process.processTicksAndRejections (node:internal/process/task_queues:103:5)[39m
[31m    at async RequestService.getDocuments (C:\Users\vimal\OneDrive\Jubilee hospital demo\mediflow-core\server\src\request\request.service.ts:344:5)[39m
[31m    at async getDocuments (C:\Users\vimal\OneDrive\Jubilee hospital demo\mediflow-core\server\src\controllers\request.controller.ts:110:21)[39m
[2026-07-15 15:34:51:3451] [[31merror[39m]: [31m403 - You are not allowed to view this request. - /api/v1/requests/4a870878-eb7c-403d-8082-ca8fcb07c837 - GET - ::1[39m
[2026-07-15 15:34:51:3451] [[31merror[39m]: [31mError: You are not allowed to view this request.[39m
[31m    at RequestService.getRequestById (C:\Users\vimal\OneDrive\Jubilee hospital demo\mediflow-core\server\src\request\request.service.ts:227:13)[39m
[31m    at process.processTicksAndRejections (node:internal/process/task_queues:103:5)[39m
[31m    at async getRequestById (C:\Users\vimal\OneDrive\Jubilee hospital demo\mediflow-core\server\src\controllers\request.controller.ts:46:18)[39m
[2026-07-15 15:36:51:3651] [[31merror[39m]: [31m403 - You are not allowed to view this request. - /api/v1/requests/4a870878-eb7c-403d-8082-ca8fcb07c837 - GET - ::1[39m
[2026-07-15 15:36:51:3651] [[31merror[39m]: [31mError: You are not allowed to view this request.[39m
[31m    at RequestService.getRequestById (C:\Users\vimal\OneDrive\Jubilee hospital demo\mediflow-core\server\src\request\request.service.ts:227:13)[39m
[31m    at process.processTicksAndRejections (node:internal/process/task_queues:103:5)[39m
[31m    at async getRequestById (C:\Users\vimal\OneDrive\Jubilee hospital demo\mediflow-core\server\src\controllers\request.controller.ts:46:18)[39m
[2026-07-15 15:36:51:3651] [[31merror[39m]: [31m403 - You are not allowed to view this request. - /api/v1/requests/4a870878-eb7c-403d-8082-ca8fcb07c837/comments - GET - ::1[39m
[2026-07-15 15:36:51:3651] [[31merror[39m]: [31mError: You are not allowed to view this request.[39m
[31m    at RequestService.getRequestById (C:\Users\vimal\OneDrive\Jubilee hospital demo\mediflow-core\server\src\request\request.service.ts:227:13)[39m
[31m    at process.processTicksAndRejections (node:internal/process/task_queues:103:5)[39m
[31m    at async RequestService.getComments (C:\Users\vimal\OneDrive\Jubilee hospital demo\mediflow-core\server\src\request\request.service.ts:322:5)[39m
[31m    at async getComments (C:\Users\vimal\OneDrive\Jubilee hospital demo\mediflow-core\server\src\controllers\request.controller.ts:104:20)[39m
[2026-07-15 15:36:51:3651] [[31merror[39m]: [31m403 - You are not allowed to view this request. - /api/v1/requests/4a870878-eb7c-403d-8082-ca8fcb07c837/documents - GET - ::1[39m
[2026-07-15 15:36:51:3651] [[31merror[39m]: [31mError: You are not allowed to view this request.[39m
[31m    at RequestService.getRequestById (C:\Users\vimal\OneDrive\Jubilee hospital demo\mediflow-core\server\src\request\request.service.ts:227:13)[39m
[31m    at process.processTicksAndRejections (node:internal/process/task_queues:103:5)[39m
[31m    at async RequestService.getDocuments (C:\Users\vimal\OneDrive\Jubilee hospital demo\mediflow-core\server\src\request\request.service.ts:344:5)[39m
[31m    at async getDocuments (C:\Users\vimal\OneDrive\Jubilee hospital demo\mediflow-core\server\src\controllers\request.controller.ts:110:21)[39m
[2026-07-15 15:42:09:429] [[31merror[39m]: [31m403 - You are not allowed to view this request. - /api/v1/requests/d47aca99-70f9-4e06-909d-a26af45475fa - GET - ::1[39m
[2026-07-15 15:42:09:429] [[31merror[39m]: [31mError: You are not allowed to view this request.[39m
[31m    at RequestService.getRequestById (C:\Users\vimal\OneDrive\Jubilee hospital demo\mediflow-core\server\src\request\request.service.ts:227:13)[39m
[31m    at process.processTicksAndRejections (node:internal/process/task_queues:103:5)[39m
[31m    at async getRequestById (C:\Users\vimal\OneDrive\Jubilee hospital demo\mediflow-core\server\src\controllers\request.controller.ts:46:18)[39m
[2026-07-15 15:42:10:4210] [[31merror[39m]: [31m403 - You are not allowed to view this request. - /api/v1/requests/d47aca99-70f9-4e06-909d-a26af45475fa/documents - GET - ::1[39m
[2026-07-15 15:42:10:4210] [[31merror[39m]: [31mError: You are not allowed to view this request.[39m
[31m    at RequestService.getRequestById (C:\Users\vimal\OneDrive\Jubilee hospital demo\mediflow-core\server\src\request\request.service.ts:227:13)[39m
[31m    at process.processTicksAndRejections (node:internal/process/task_queues:103:5)[39m
[31m    at async RequestService.getDocuments (C:\Users\vimal\OneDrive\Jubilee hospital demo\mediflow-core\server\src\request\request.service.ts:344:5)[39m
[31m    at async getDocuments (C:\Users\vimal\OneDrive\Jubilee hospital demo\mediflow-core\server\src\controllers\request.controller.ts:110:21)[39m
[2026-07-15 15:42:10:4210] [[31merror[39m]: [31m403 - You are not allowed to view this request. - /api/v1/requests/d47aca99-70f9-4e06-909d-a26af45475fa/comments - GET - ::1[39m
[2026-07-15 15:42:10:4210] [[31merror[39m]: [31mError: You are not allowed to view this request.[39m
[31m    at RequestService.getRequestById (C:\Users\vimal\OneDrive\Jubilee hospital demo\mediflow-core\server\src\request\request.service.ts:227:13)[39m
[31m    at process.processTicksAndRejections (node:internal/process/task_queues:103:5)[39m
[31m    at async RequestService.getComments (C:\Users\vimal\OneDrive\Jubilee hospital demo\mediflow-core\server\src\request\request.service.ts:322:5)[39m
[31m    at async getComments (C:\Users\vimal\OneDrive\Jubilee hospital demo\mediflow-core\server\src\controllers\request.controller.ts:104:20)[39m
[2026-07-15 23:10:38:1038] [[31merror[39m]: [31m403 - You are not allowed to view this request. - /api/v1/requests/ccd89e46-85e3-4a6e-847d-ad5167b5258c/comments - GET - ::1[39m
[2026-07-15 23:10:38:1038] [[31merror[39m]: [31mError: You are not allowed to view this request.[39m
[31m    at RequestService.getRequestById (C:\Users\vimal\OneDrive\Jubilee hospital demo\mediflow-core\server\src\request\request.service.ts:227:13)[39m
[31m    at process.processTicksAndRejections (node:internal/process/task_queues:103:5)[39m
[31m    at async RequestService.getComments (C:\Users\vimal\OneDrive\Jubilee hospital demo\mediflow-core\server\src\request\request.service.ts:320:5)[39m
[31m    at async <anonymous> (C:\Users\vimal\OneDrive\Jubilee hospital demo\mediflow-core\server\src\controllers\request.controller.ts:117:20)[39m
[2026-07-15 23:10:38:1038] [[31merror[39m]: [31m403 - You are not allowed to view this request. - /api/v1/requests/ccd89e46-85e3-4a6e-847d-ad5167b5258c/documents - GET - ::1[39m
[2026-07-15 23:10:38:1038] [[31merror[39m]: [31mError: You are not allowed to view this request.[39m
[31m    at RequestService.getRequestById (C:\Users\vimal\OneDrive\Jubilee hospital demo\mediflow-core\server\src\request\request.service.ts:227:13)[39m
[31m    at process.processTicksAndRejections (node:internal/process/task_queues:103:5)[39m
[31m    at async RequestService.getDocuments (C:\Users\vimal\OneDrive\Jubilee hospital demo\mediflow-core\server\src\request\request.service.ts:342:5)[39m
[31m    at async <anonymous> (C:\Users\vimal\OneDrive\Jubilee hospital demo\mediflow-core\server\src\controllers\request.controller.ts:123:21)[39m
[2026-07-15 23:10:38:1038] [[31merror[39m]: [31m403 - You are not allowed to view this request. - /api/v1/requests/ccd89e46-85e3-4a6e-847d-ad5167b5258c - GET - ::1[39m
[2026-07-15 23:10:38:1038] [[31merror[39m]: [31mError: You are not allowed to view this request.[39m
[31m    at RequestService.getRequestById (C:\Users\vimal\OneDrive\Jubilee hospital demo\mediflow-core\server\src\request\request.service.ts:227:13)[39m
[31m    at process.processTicksAndRejections (node:internal/process/task_queues:103:5)[39m
[31m    at async <anonymous> (C:\Users\vimal\OneDrive\Jubilee hospital demo\mediflow-core\server\src\controllers\request.controller.ts:59:18)[39m
[2026-07-15 23:57:02:572] [[31merror[39m]: [31m403 - You are not allowed to view this request. - /api/v1/requests/223ae891-df46-4582-afa2-bf4ab6b6baa0/documents - GET - ::1[39m
[2026-07-15 23:57:02:572] [[31merror[39m]: [31mError: You are not allowed to view this request.[39m
[31m    at RequestService.getRequestById (C:\Users\vimal\OneDrive\Jubilee hospital demo\mediflow-core\server\src\request\request.service.ts:233:13)[39m
[31m    at process.processTicksAndRejections (node:internal/process/task_queues:103:5)[39m
[31m    at async RequestService.getDocuments (C:\Users\vimal\OneDrive\Jubilee hospital demo\mediflow-core\server\src\request\request.service.ts:384:5)[39m
[31m    at async <anonymous> (C:\Users\vimal\OneDrive\Jubilee hospital demo\mediflow-core\server\src\controllers\request.controller.ts:136:21)[39m
[2026-07-15 23:57:02:572] [[31merror[39m]: [31m403 - You are not allowed to view this request. - /api/v1/requests/223ae891-df46-4582-afa2-bf4ab6b6baa0 - GET - ::1[39m
[2026-07-15 23:57:02:572] [[31merror[39m]: [31mError: You are not allowed to view this request.[39m
[31m    at RequestService.getRequestById (C:\Users\vimal\OneDrive\Jubilee hospital demo\mediflow-core\server\src\request\request.service.ts:233:13)[39m
[31m    at process.processTicksAndRejections (node:internal/process/task_queues:103:5)[39m
[31m    at async <anonymous> (C:\Users\vimal\OneDrive\Jubilee hospital demo\mediflow-core\server\src\controllers\request.controller.ts:59:18)[39m
[2026-07-15 23:57:02:572] [[31merror[39m]: [31m403 - You are not allowed to view this request. - /api/v1/requests/223ae891-df46-4582-afa2-bf4ab6b6baa0/comments - GET - ::1[39m
[2026-07-15 23:57:02:572] [[31merror[39m]: [31mError: You are not allowed to view this request.[39m
[31m    at RequestService.getRequestById (C:\Users\vimal\OneDrive\Jubilee hospital demo\mediflow-core\server\src\request\request.service.ts:233:13)[39m
[31m    at process.processTicksAndRejections (node:internal/process/task_queues:103:5)[39m
[31m    at async RequestService.getComments (C:\Users\vimal\OneDrive\Jubilee hospital demo\mediflow-core\server\src\request\request.service.ts:362:5)[39m
[31m    at async <anonymous> (C:\Users\vimal\OneDrive\Jubilee hospital demo\mediflow-core\server\src\controllers\request.controller.ts:130:20)[39m
[2026-07-15 23:57:11:5711] [[31merror[39m]: [31m403 - You are not allowed to view this request. - /api/v1/requests/223ae891-df46-4582-afa2-bf4ab6b6baa0/documents - GET - ::1[39m
[2026-07-15 23:57:11:5711] [[31merror[39m]: [31mError: You are not allowed to view this request.[39m
[31m    at RequestService.getRequestById (C:\Users\vimal\OneDrive\Jubilee hospital demo\mediflow-core\server\src\request\request.service.ts:233:13)[39m
[31m    at process.processTicksAndRejections (node:internal/process/task_queues:103:5)[39m
[31m    at async RequestService.getDocuments (C:\Users\vimal\OneDrive\Jubilee hospital demo\mediflow-core\server\src\request\request.service.ts:384:5)[39m
[31m    at async <anonymous> (C:\Users\vimal\OneDrive\Jubilee hospital demo\mediflow-core\server\src\controllers\request.controller.ts:136:21)[39m
[2026-07-15 23:57:11:5711] [[31merror[39m]: [31m403 - You are not allowed to view this request. - /api/v1/requests/223ae891-df46-4582-afa2-bf4ab6b6baa0/comments - GET - ::1[39m
[2026-07-15 23:57:11:5711] [[31merror[39m]: [31mError: You are not allowed to view this request.[39m
[31m    at RequestService.getRequestById (C:\Users\vimal\OneDrive\Jubilee hospital demo\mediflow-core\server\src\request\request.service.ts:233:13)[39m
[31m    at process.processTicksAndRejections (node:internal/process/task_queues:103:5)[39m
[31m    at async RequestService.getComments (C:\Users\vimal\OneDrive\Jubilee hospital demo\mediflow-core\server\src\request\request.service.ts:362:5)[39m
[31m    at async <anonymous> (C:\Users\vimal\OneDrive\Jubilee hospital demo\mediflow-core\server\src\controllers\request.controller.ts:130:20)[39m
[2026-07-15 23:57:11:5711] [[31merror[39m]: [31m403 - You are not allowed to view this request. - /api/v1/requests/223ae891-df46-4582-afa2-bf4ab6b6baa0 - GET - ::1[39m
[2026-07-15 23:57:11:5711] [[31merror[39m]: [31mError: You are not allowed to view this request.[39m
[31m    at RequestService.getRequestById (C:\Users\vimal\OneDrive\Jubilee hospital demo\mediflow-core\server\src\request\request.service.ts:233:13)[39m
[31m    at process.processTicksAndRejections (node:internal/process/task_queues:103:5)[39m
[31m    at async <anonymous> (C:\Users\vimal\OneDrive\Jubilee hospital demo\mediflow-core\server\src\controllers\request.controller.ts:59:18)[39m
[2026-07-15 23:57:12:5712] [[31merror[39m]: [31m403 - You are not allowed to view this request. - /api/v1/requests/223ae891-df46-4582-afa2-bf4ab6b6baa0/comments - GET - ::1[39m
[2026-07-15 23:57:12:5712] [[31merror[39m]: [31mError: You are not allowed to view this request.[39m
[31m    at RequestService.getRequestById (C:\Users\vimal\OneDrive\Jubilee hospital demo\mediflow-core\server\src\request\request.service.ts:233:13)[39m
[31m    at process.processTicksAndRejections (node:internal/process/task_queues:103:5)[39m
[31m    at async RequestService.getComments (C:\Users\vimal\OneDrive\Jubilee hospital demo\mediflow-core\server\src\request\request.service.ts:362:5)[39m
[31m    at async <anonymous> (C:\Users\vimal\OneDrive\Jubilee hospital demo\mediflow-core\server\src\controllers\request.controller.ts:130:20)[39m
[2026-07-15 23:57:12:5712] [[31merror[39m]: [31m403 - You are not allowed to view this request. - /api/v1/requests/223ae891-df46-4582-afa2-bf4ab6b6baa0/documents - GET - ::1[39m
[2026-07-15 23:57:12:5712] [[31merror[39m]: [31mError: You are not allowed to view this request.[39m
[31m    at RequestService.getRequestById (C:\Users\vimal\OneDrive\Jubilee hospital demo\mediflow-core\server\src\request\request.service.ts:233:13)[39m
[31m    at process.processTicksAndRejections (node:internal/process/task_queues:103:5)[39m
[31m    at async RequestService.getDocuments (C:\Users\vimal\OneDrive\Jubilee hospital demo\mediflow-core\server\src\request\request.service.ts:384:5)[39m
[31m    at async <anonymous> (C:\Users\vimal\OneDrive\Jubilee hospital demo\mediflow-core\server\src\controllers\request.controller.ts:136:21)[39m
[2026-07-15 23:57:12:5712] [[31merror[39m]: [31m403 - You are not allowed to view this request. - /api/v1/requests/223ae891-df46-4582-afa2-bf4ab6b6baa0 - GET - ::1[39m
[2026-07-15 23:57:12:5712] [[31merror[39m]: [31mError: You are not allowed to view this request.[39m
[31m    at RequestService.getRequestById (C:\Users\vimal\OneDrive\Jubilee hospital demo\mediflow-core\server\src\request\request.service.ts:233:13)[39m
[31m    at process.processTicksAndRejections (node:internal/process/task_queues:103:5)[39m
[31m    at async <anonymous> (C:\Users\vimal\OneDrive\Jubilee hospital demo\mediflow-core\server\src\controllers\request.controller.ts:59:18)[39m
[2026-07-16 00:04:18:418] [[31merror[39m]: [31m403 - You are not allowed to view this request. - /api/v1/requests/223ae891-df46-4582-afa2-bf4ab6b6baa0 - GET - ::1[39m
[2026-07-16 00:04:18:418] [[31merror[39m]: [31mError: You are not allowed to view this request.[39m
[31m    at RequestService.getRequestById (C:\Users\vimal\OneDrive\Jubilee hospital demo\mediflow-core\server\src\request\request.service.ts:233:13)[39m
[31m    at process.processTicksAndRejections (node:internal/process/task_queues:103:5)[39m
[31m    at async <anonymous> (C:\Users\vimal\OneDrive\Jubilee hospital demo\mediflow-core\server\src\controllers\request.controller.ts:59:18)[39m
[2026-07-16 00:04:18:418] [[31merror[39m]: [31m403 - You are not allowed to view this request. - /api/v1/requests/223ae891-df46-4582-afa2-bf4ab6b6baa0/documents - GET - ::1[39m
[2026-07-16 00:04:18:418] [[31merror[39m]: [31mError: You are not allowed to view this request.[39m
[31m    at RequestService.getRequestById (C:\Users\vimal\OneDrive\Jubilee hospital demo\mediflow-core\server\src\request\request.service.ts:233:13)[39m
[31m    at process.processTicksAndRejections (node:internal/process/task_queues:103:5)[39m
[31m    at async RequestService.getDocuments (C:\Users\vimal\OneDrive\Jubilee hospital demo\mediflow-core\server\src\request\request.service.ts:384:5)[39m
[31m    at async <anonymous> (C:\Users\vimal\OneDrive\Jubilee hospital demo\mediflow-core\server\src\controllers\request.controller.ts:136:21)[39m
[2026-07-16 00:04:19:419] [[31merror[39m]: [31m403 - You are not allowed to view this request. - /api/v1/requests/223ae891-df46-4582-afa2-bf4ab6b6baa0/comments - GET - ::1[39m
[2026-07-16 00:04:19:419] [[31merror[39m]: [31mError: You are not allowed to view this request.[39m
[31m    at RequestService.getRequestById (C:\Users\vimal\OneDrive\Jubilee hospital demo\mediflow-core\server\src\request\request.service.ts:233:13)[39m
[31m    at process.processTicksAndRejections (node:internal/process/task_queues:103:5)[39m
[31m    at async RequestService.getComments (C:\Users\vimal\OneDrive\Jubilee hospital demo\mediflow-core\server\src\request\request.service.ts:362:5)[39m
[31m    at async <anonymous> (C:\Users\vimal\OneDrive\Jubilee hospital demo\mediflow-core\server\src\controllers\request.controller.ts:130:20)[39m
[2026-07-16 00:20:01:201] [[31merror[39m]: [31m401 - Invalid email or password. - /api/v1/auth/login - POST - ::1[39m
[2026-07-16 00:20:01:201] [[31merror[39m]: [31mError: Invalid email or password.[39m
[31m    at <anonymous> (C:\Users\vimal\OneDrive\Jubilee hospital demo\mediflow-core\server\src\routes\auth.ts:25:19)[39m
[2026-07-16 00:20:34:2034] [[31merror[39m]: [31m401 - Invalid email or password. - /api/v1/auth/login - POST - ::1[39m
[2026-07-16 00:20:34:2034] [[31merror[39m]: [31mError: Invalid email or password.[39m
[31m    at <anonymous> (C:\Users\vimal\OneDrive\Jubilee hospital demo\mediflow-core\server\src\routes\auth.ts:25:19)[39m
[2026-07-16 00:21:43:2143] [[31merror[39m]: [31m401 - Invalid email or password. - /api/v1/auth/login - POST - ::1[39m
[2026-07-16 00:21:43:2143] [[31merror[39m]: [31mError: Invalid email or password.[39m
[31m    at <anonymous> (C:\Users\vimal\OneDrive\Jubilee hospital demo\mediflow-core\server\src\routes\auth.ts:25:19)[39m
[2026-07-16 00:22:05:225] [[31merror[39m]: [31m403 - You are not allowed to view this request. - /api/v1/requests/223ae891-df46-4582-afa2-bf4ab6b6baa0 - GET - ::1[39m
[2026-07-16 00:22:05:225] [[31merror[39m]: [31mError: You are not allowed to view this request.[39m
[31m    at RequestService.getRequestById (C:\Users\vimal\OneDrive\Jubilee hospital demo\mediflow-core\server\src\request\request.service.ts:233:13)[39m
[31m    at process.processTicksAndRejections (node:internal/process/task_queues:103:5)[39m
[31m    at async <anonymous> (C:\Users\vimal\OneDrive\Jubilee hospital demo\mediflow-core\server\src\controllers\request.controller.ts:59:18)[39m
[2026-07-16 00:22:05:225] [[31merror[39m]: [31m403 - You are not allowed to view this request. - /api/v1/requests/223ae891-df46-4582-afa2-bf4ab6b6baa0/documents - GET - ::1[39m
[2026-07-16 00:22:05:225] [[31merror[39m]: [31mError: You are not allowed to view this request.[39m
[31m    at RequestService.getRequestById (C:\Users\vimal\OneDrive\Jubilee hospital demo\mediflow-core\server\src\request\request.service.ts:233:13)[39m
[31m    at process.processTicksAndRejections (node:internal/process/task_queues:103:5)[39m
[31m    at async RequestService.getDocuments (C:\Users\vimal\OneDrive\Jubilee hospital demo\mediflow-core\server\src\request\request.service.ts:384:5)[39m
[31m    at async <anonymous> (C:\Users\vimal\OneDrive\Jubilee hospital demo\mediflow-core\server\src\controllers\request.controller.ts:136:21)[39m
[2026-07-16 00:22:05:225] [[31merror[39m]: [31m403 - You are not allowed to view this request. - /api/v1/requests/223ae891-df46-4582-afa2-bf4ab6b6baa0/comments - GET - ::1[39m
[2026-07-16 00:22:05:225] [[31merror[39m]: [31mError: You are not allowed to view this request.[39m
[31m    at RequestService.getRequestById (C:\Users\vimal\OneDrive\Jubilee hospital demo\mediflow-core\server\src\request\request.service.ts:233:13)[39m
[31m    at process.processTicksAndRejections (node:internal/process/task_queues:103:5)[39m
[31m    at async RequestService.getComments (C:\Users\vimal\OneDrive\Jubilee hospital demo\mediflow-core\server\src\request\request.service.ts:362:5)[39m
[31m    at async <anonymous> (C:\Users\vimal\OneDrive\Jubilee hospital demo\mediflow-core\server\src\controllers\request.controller.ts:130:20)[39m
[2026-07-16 00:22:06:226] [[31merror[39m]: [31m403 - You are not allowed to view this request. - /api/v1/requests/223ae891-df46-4582-afa2-bf4ab6b6baa0 - GET - ::1[39m
[2026-07-16 00:22:06:226] [[31merror[39m]: [31mError: You are not allowed to view this request.[39m
[31m    at RequestService.getRequestById (C:\Users\vimal\OneDrive\Jubilee hospital demo\mediflow-core\server\src\request\request.service.ts:233:13)[39m
[31m    at process.processTicksAndRejections (node:internal/process/task_queues:103:5)[39m
[31m    at async <anonymous> (C:\Users\vimal\OneDrive\Jubilee hospital demo\mediflow-core\server\src\controllers\request.controller.ts:59:18)[39m
[2026-07-16 00:22:06:226] [[31merror[39m]: [31m403 - You are not allowed to view this request. - /api/v1/requests/223ae891-df46-4582-afa2-bf4ab6b6baa0/documents - GET - ::1[39m
[2026-07-16 00:22:06:226] [[31merror[39m]: [31mError: You are not allowed to view this request.[39m
[31m    at RequestService.getRequestById (C:\Users\vimal\OneDrive\Jubilee hospital demo\mediflow-core\server\src\request\request.service.ts:233:13)[39m
[31m    at process.processTicksAndRejections (node:internal/process/task_queues:103:5)[39m
[31m    at async RequestService.getDocuments (C:\Users\vimal\OneDrive\Jubilee hospital demo\mediflow-core\server\src\request\request.service.ts:384:5)[39m
[31m    at async <anonymous> (C:\Users\vimal\OneDrive\Jubilee hospital demo\mediflow-core\server\src\controllers\request.controller.ts:136:21)[39m
[2026-07-16 00:22:06:226] [[31merror[39m]: [31m403 - You are not allowed to view this request. - /api/v1/requests/223ae891-df46-4582-afa2-bf4ab6b6baa0/comments - GET - ::1[39m
[2026-07-16 00:22:06:226] [[31merror[39m]: [31mError: You are not allowed to view this request.[39m
[31m    at RequestService.getRequestById (C:\Users\vimal\OneDrive\Jubilee hospital demo\mediflow-core\server\src\request\request.service.ts:233:13)[39m
[31m    at process.processTicksAndRejections (node:internal/process/task_queues:103:5)[39m
[31m    at async RequestService.getComments (C:\Users\vimal\OneDrive\Jubilee hospital demo\mediflow-core\server\src\request\request.service.ts:362:5)[39m
[31m    at async <anonymous> (C:\Users\vimal\OneDrive\Jubilee hospital demo\mediflow-core\server\src\controllers\request.controller.ts:130:20)[39m
[2026-07-16 00:22:11:2211] [[31merror[39m]: [31m403 - You are not allowed to view this request. - /api/v1/requests/4a870878-eb7c-403d-8082-ca8fcb07c837/documents - GET - ::1[39m
[2026-07-16 00:22:11:2211] [[31merror[39m]: [31mError: You are not allowed to view this request.[39m
[31m    at RequestService.getRequestById (C:\Users\vimal\OneDrive\Jubilee hospital demo\mediflow-core\server\src\request\request.service.ts:233:13)[39m
[31m    at process.processTicksAndRejections (node:internal/process/task_queues:103:5)[39m
[31m    at async RequestService.getDocuments (C:\Users\vimal\OneDrive\Jubilee hospital demo\mediflow-core\server\src\request\request.service.ts:384:5)[39m
[31m    at async <anonymous> (C:\Users\vimal\OneDrive\Jubilee hospital demo\mediflow-core\server\src\controllers\request.controller.ts:136:21)[39m
[2026-07-16 00:22:11:2211] [[31merror[39m]: [31m403 - You are not allowed to view this request. - /api/v1/requests/4a870878-eb7c-403d-8082-ca8fcb07c837/comments - GET - ::1[39m
[2026-07-16 00:22:11:2211] [[31merror[39m]: [31mError: You are not allowed to view this request.[39m
[31m    at RequestService.getRequestById (C:\Users\vimal\OneDrive\Jubilee hospital demo\mediflow-core\server\src\request\request.service.ts:233:13)[39m
[31m    at process.processTicksAndRejections (node:internal/process/task_queues:103:5)[39m
[31m    at async RequestService.getComments (C:\Users\vimal\OneDrive\Jubilee hospital demo\mediflow-core\server\src\request\request.service.ts:362:5)[39m
[31m    at async <anonymous> (C:\Users\vimal\OneDrive\Jubilee hospital demo\mediflow-core\server\src\controllers\request.controller.ts:130:20)[39m
[2026-07-16 00:22:11:2211] [[31merror[39m]: [31m403 - You are not allowed to view this request. - /api/v1/requests/4a870878-eb7c-403d-8082-ca8fcb07c837 - GET - ::1[39m
[2026-07-16 00:22:11:2211] [[31merror[39m]: [31mError: You are not allowed to view this request.[39m
[31m    at RequestService.getRequestById (C:\Users\vimal\OneDrive\Jubilee hospital demo\mediflow-core\server\src\request\request.service.ts:233:13)[39m
[31m    at process.processTicksAndRejections (node:internal/process/task_queues:103:5)[39m
[31m    at async <anonymous> (C:\Users\vimal\OneDrive\Jubilee hospital demo\mediflow-core\server\src\controllers\request.controller.ts:59:18)[39m
[2026-07-16 00:22:12:2212] [[31merror[39m]: [31m403 - You are not allowed to view this request. - /api/v1/requests/4a870878-eb7c-403d-8082-ca8fcb07c837/comments - GET - ::1[39m
[2026-07-16 00:22:12:2212] [[31merror[39m]: [31mError: You are not allowed to view this request.[39m
[31m    at RequestService.getRequestById (C:\Users\vimal\OneDrive\Jubilee hospital demo\mediflow-core\server\src\request\request.service.ts:233:13)[39m
[31m    at process.processTicksAndRejections (node:internal/process/task_queues:103:5)[39m
[31m    at async RequestService.getComments (C:\Users\vimal\OneDrive\Jubilee hospital demo\mediflow-core\server\src\request\request.service.ts:362:5)[39m
[31m    at async <anonymous> (C:\Users\vimal\OneDrive\Jubilee hospital demo\mediflow-core\server\src\controllers\request.controller.ts:130:20)[39m
[2026-07-16 00:22:12:2212] [[31merror[39m]: [31m403 - You are not allowed to view this request. - /api/v1/requests/4a870878-eb7c-403d-8082-ca8fcb07c837/documents - GET - ::1[39m
[2026-07-16 00:22:12:2212] [[31merror[39m]: [31mError: You are not allowed to view this request.[39m
[31m    at RequestService.getRequestById (C:\Users\vimal\OneDrive\Jubilee hospital demo\mediflow-core\server\src\request\request.service.ts:233:13)[39m
[31m    at process.processTicksAndRejections (node:internal/process/task_queues:103:5)[39m
[31m    at async RequestService.getDocuments (C:\Users\vimal\OneDrive\Jubilee hospital demo\mediflow-core\server\src\request\request.service.ts:384:5)[39m
[31m    at async <anonymous> (C:\Users\vimal\OneDrive\Jubilee hospital demo\mediflow-core\server\src\controllers\request.controller.ts:136:21)[39m
[2026-07-16 00:22:12:2212] [[31merror[39m]: [31m403 - You are not allowed to view this request. - /api/v1/requests/4a870878-eb7c-403d-8082-ca8fcb07c837 - GET - ::1[39m
[2026-07-16 00:22:12:2212] [[31merror[39m]: [31mError: You are not allowed to view this request.[39m
[31m    at RequestService.getRequestById (C:\Users\vimal\OneDrive\Jubilee hospital demo\mediflow-core\server\src\request\request.service.ts:233:13)[39m
[31m    at process.processTicksAndRejections (node:internal/process/task_queues:103:5)[39m
[31m    at async <anonymous> (C:\Users\vimal\OneDrive\Jubilee hospital demo\mediflow-core\server\src\controllers\request.controller.ts:59:18)[39m
[2026-07-16 23:54:06:546] [[31merror[39m]: [31m401 - Invalid email or password. - /api/v1/auth/login - POST - ::1[39m
[2026-07-16 23:54:06:546] [[31merror[39m]: [31mError: Invalid email or password.[39m
[31m    at <anonymous> (C:\Users\vimal\OneDrive\Jubilee hospital demo\mediflow-core\server\src\routes\auth.ts:25:19)[39m
[31m    at process.processTicksAndRejections (node:internal/process/task_queues:103:5)[39m
[2026-07-17 00:11:00:110] [[31merror[39m]: [31m401 - Invalid email or password. - /api/v1/auth/login - POST - ::1[39m
[2026-07-17 00:11:00:110] [[31merror[39m]: [31mError: Invalid email or password.[39m
[31m    at <anonymous> (C:\Users\vimal\OneDrive\Jubilee hospital demo\mediflow-core\server\src\routes\auth.ts:25:19)[39m
[31m    at process.processTicksAndRejections (node:internal/process/task_queues:103:5)[39m
[2026-07-17 00:11:31:1131] [[31merror[39m]: [31m401 - Invalid email or password. - /api/v1/auth/login - POST - ::1[39m
[2026-07-17 00:11:31:1131] [[31merror[39m]: [31mError: Invalid email or password.[39m
[31m    at <anonymous> (C:\Users\vimal\OneDrive\Jubilee hospital demo\mediflow-core\server\src\routes\auth.ts:25:19)[39m
[31m    at process.processTicksAndRejections (node:internal/process/task_queues:103:5)[39m
[2026-07-17 00:12:11:1211] [[31merror[39m]: [31m401 - Invalid email or password. - /api/v1/auth/login - POST - ::1[39m
[2026-07-17 00:12:11:1211] [[31merror[39m]: [31mError: Invalid email or password.[39m
[31m    at <anonymous> (C:\Users\vimal\OneDrive\Jubilee hospital demo\mediflow-core\server\src\routes\auth.ts:25:19)[39m
[31m    at process.processTicksAndRejections (node:internal/process/task_queues:103:5)[39m
[2026-07-17 00:14:25:1425] [[31merror[39m]: [31m401 - User profile no longer exists or is disabled. - /api/v1/notifications - GET - ::1[39m
[2026-07-17 00:14:25:1425] [[31merror[39m]: [31mError: User profile no longer exists or is disabled.[39m
[31m    at requireAuth (C:\Users\vimal\OneDrive\Jubilee hospital demo\mediflow-core\server\src\middleware\auth.ts:47:19)[39m
[31m    at process.processTicksAndRejections (node:internal/process/task_queues:103:5)[39m
[2026-07-17 00:16:53:1653] [[31merror[39m]: [31m401 - Invalid email or password. - /api/v1/auth/login - POST - ::1[39m
[2026-07-17 00:16:53:1653] [[31merror[39m]: [31mError: Invalid email or password.[39m
[31m    at <anonymous> (C:\Users\vimal\OneDrive\Jubilee hospital demo\mediflow-core\server\src\routes\auth.ts:25:19)[39m
[31m    at process.processTicksAndRejections (node:internal/process/task_queues:103:5)[39m
[2026-07-17 00:18:23:1823] [[31merror[39m]: [31m401 - Invalid email or password. - /api/v1/auth/login - POST - ::1[39m
[2026-07-17 00:18:23:1823] [[31merror[39m]: [31mError: Invalid email or password.[39m
[31m    at <anonymous> (C:\Users\vimal\OneDrive\Jubilee hospital demo\mediflow-core\server\src\routes\auth.ts:25:19)[39m
[31m    at process.processTicksAndRejections (node:internal/process/task_queues:103:5)[39m
[2026-07-17 00:18:33:1833] [[31merror[39m]: [31m401 - Invalid email or password. - /api/v1/auth/login - POST - ::1[39m
[2026-07-17 00:18:33:1833] [[31merror[39m]: [31mError: Invalid email or password.[39m
[31m    at <anonymous> (C:\Users\vimal\OneDrive\Jubilee hospital demo\mediflow-core\server\src\routes\auth.ts:25:19)[39m
[31m    at process.processTicksAndRejections (node:internal/process/task_queues:103:5)[39m
[2026-07-17 00:19:02:192] [[31merror[39m]: [31m403 - You are not allowed to view this request. - /api/v1/requests/bcb28b46-f591-4703-bd38-b059ef82e041/documents - GET - ::1[39m
[2026-07-17 00:19:02:192] [[31merror[39m]: [31mError: You are not allowed to view this request.[39m
[31m    at RequestService.getRequestById (C:\Users\vimal\OneDrive\Jubilee hospital demo\mediflow-core\server\src\request\request.service.ts:233:13)[39m
[31m    at process.processTicksAndRejections (node:internal/process/task_queues:103:5)[39m
[31m    at async RequestService.getDocuments (C:\Users\vimal\OneDrive\Jubilee hospital demo\mediflow-core\server\src\request\request.service.ts:384:5)[39m
[31m    at async <anonymous> (C:\Users\vimal\OneDrive\Jubilee hospital demo\mediflow-core\server\src\controllers\request.controller.ts:136:21)[39m
[2026-07-17 00:19:02:192] [[31merror[39m]: [31m403 - You are not allowed to view this request. - /api/v1/requests/bcb28b46-f591-4703-bd38-b059ef82e041 - GET - ::1[39m
[2026-07-17 00:19:02:192] [[31merror[39m]: [31mError: You are not allowed to view this request.[39m
[31m    at RequestService.getRequestById (C:\Users\vimal\OneDrive\Jubilee hospital demo\mediflow-core\server\src\request\request.service.ts:233:13)[39m
[31m    at process.processTicksAndRejections (node:internal/process/task_queues:103:5)[39m
[31m    at async <anonymous> (C:\Users\vimal\OneDrive\Jubilee hospital demo\mediflow-core\server\src\controllers\request.controller.ts:59:18)[39m
[2026-07-17 00:19:02:192] [[31merror[39m]: [31m403 - You are not allowed to view this request. - /api/v1/requests/bcb28b46-f591-4703-bd38-b059ef82e041/comments - GET - ::1[39m
[2026-07-17 00:19:02:192] [[31merror[39m]: [31mError: You are not allowed to view this request.[39m
[31m    at RequestService.getRequestById (C:\Users\vimal\OneDrive\Jubilee hospital demo\mediflow-core\server\src\request\request.service.ts:233:13)[39m
[31m    at process.processTicksAndRejections (node:internal/process/task_queues:103:5)[39m
[31m    at async RequestService.getComments (C:\Users\vimal\OneDrive\Jubilee hospital demo\mediflow-core\server\src\request\request.service.ts:362:5)[39m
[31m    at async <anonymous> (C:\Users\vimal\OneDrive\Jubilee hospital demo\mediflow-core\server\src\controllers\request.controller.ts:130:20)[39m
[2026-07-17 00:19:12:1912] [[31merror[39m]: [31m403 - You are not allowed to view this request. - /api/v1/requests/bcb28b46-f591-4703-bd38-b059ef82e041/documents - GET - ::1[39m
[2026-07-17 00:19:12:1912] [[31merror[39m]: [31mError: You are not allowed to view this request.[39m
[31m    at RequestService.getRequestById (C:\Users\vimal\OneDrive\Jubilee hospital demo\mediflow-core\server\src\request\request.service.ts:233:13)[39m
[31m    at process.processTicksAndRejections (node:internal/process/task_queues:103:5)[39m
[31m    at async RequestService.getDocuments (C:\Users\vimal\OneDrive\Jubilee hospital demo\mediflow-core\server\src\request\request.service.ts:384:5)[39m
[31m    at async <anonymous> (C:\Users\vimal\OneDrive\Jubilee hospital demo\mediflow-core\server\src\controllers\request.controller.ts:136:21)[39m
[2026-07-17 00:19:12:1912] [[31merror[39m]: [31m403 - You are not allowed to view this request. - /api/v1/requests/bcb28b46-f591-4703-bd38-b059ef82e041 - GET - ::1[39m
[2026-07-17 00:19:12:1912] [[31merror[39m]: [31mError: You are not allowed to view this request.[39m
[31m    at RequestService.getRequestById (C:\Users\vimal\OneDrive\Jubilee hospital demo\mediflow-core\server\src\request\request.service.ts:233:13)[39m
[31m    at process.processTicksAndRejections (node:internal/process/task_queues:103:5)[39m
[31m    at async <anonymous> (C:\Users\vimal\OneDrive\Jubilee hospital demo\mediflow-core\server\src\controllers\request.controller.ts:59:18)[39m
[2026-07-17 00:19:12:1912] [[31merror[39m]: [31m403 - You are not allowed to view this request. - /api/v1/requests/bcb28b46-f591-4703-bd38-b059ef82e041/comments - GET - ::1[39m
[2026-07-17 00:19:12:1912] [[31merror[39m]: [31mError: You are not allowed to view this request.[39m
[31m    at RequestService.getRequestById (C:\Users\vimal\OneDrive\Jubilee hospital demo\mediflow-core\server\src\request\request.service.ts:233:13)[39m
[31m    at process.processTicksAndRejections (node:internal/process/task_queues:103:5)[39m
[31m    at async RequestService.getComments (C:\Users\vimal\OneDrive\Jubilee hospital demo\mediflow-core\server\src\request\request.service.ts:362:5)[39m
[31m    at async <anonymous> (C:\Users\vimal\OneDrive\Jubilee hospital demo\mediflow-core\server\src\controllers\request.controller.ts:130:20)[39m
[2026-07-17 00:19:12:1912] [[31merror[39m]: [31m403 - You are not allowed to view this request. - /api/v1/requests/bcb28b46-f591-4703-bd38-b059ef82e041/documents - GET - ::1[39m
[2026-07-17 00:19:12:1912] [[31merror[39m]: [31mError: You are not allowed to view this request.[39m
[31m    at RequestService.getRequestById (C:\Users\vimal\OneDrive\Jubilee hospital demo\mediflow-core\server\src\request\request.service.ts:233:13)[39m
[31m    at process.processTicksAndRejections (node:internal/process/task_queues:103:5)[39m
[31m    at async RequestService.getDocuments (C:\Users\vimal\OneDrive\Jubilee hospital demo\mediflow-core\server\src\request\request.service.ts:384:5)[39m
[31m    at async <anonymous> (C:\Users\vimal\OneDrive\Jubilee hospital demo\mediflow-core\server\src\controllers\request.controller.ts:136:21)[39m
[2026-07-17 00:19:12:1912] [[31merror[39m]: [31m403 - You are not allowed to view this request. - /api/v1/requests/bcb28b46-f591-4703-bd38-b059ef82e041 - GET - ::1[39m
[2026-07-17 00:19:12:1912] [[31merror[39m]: [31mError: You are not allowed to view this request.[39m
[31m    at RequestService.getRequestById (C:\Users\vimal\OneDrive\Jubilee hospital demo\mediflow-core\server\src\request\request.service.ts:233:13)[39m
[31m    at process.processTicksAndRejections (node:internal/process/task_queues:103:5)[39m
[31m    at async <anonymous> (C:\Users\vimal\OneDrive\Jubilee hospital demo\mediflow-core\server\src\controllers\request.controller.ts:59:18)[39m
[2026-07-17 00:19:13:1913] [[31merror[39m]: [31m403 - You are not allowed to view this request. - /api/v1/requests/bcb28b46-f591-4703-bd38-b059ef82e041/comments - GET - ::1[39m
[2026-07-17 00:19:13:1913] [[31merror[39m]: [31mError: You are not allowed to view this request.[39m
[31m    at RequestService.getRequestById (C:\Users\vimal\OneDrive\Jubilee hospital demo\mediflow-core\server\src\request\request.service.ts:233:13)[39m
[31m    at process.processTicksAndRejections (node:internal/process/task_queues:103:5)[39m
[31m    at async RequestService.getComments (C:\Users\vimal\OneDrive\Jubilee hospital demo\mediflow-core\server\src\request\request.service.ts:362:5)[39m
[31m    at async <anonymous> (C:\Users\vimal\OneDrive\Jubilee hospital demo\mediflow-core\server\src\controllers\request.controller.ts:130:20)[39m
[2026-07-17 00:20:12:2012] [[31merror[39m]: [31m403 - You are not allowed to view this request. - /api/v1/requests/bcb28b46-f591-4703-bd38-b059ef82e041/documents - GET - ::1[39m
[2026-07-17 00:20:12:2012] [[31merror[39m]: [31mError: You are not allowed to view this request.[39m
[31m    at RequestService.getRequestById (C:\Users\vimal\OneDrive\Jubilee hospital demo\mediflow-core\server\src\request\request.service.ts:233:13)[39m
[31m    at process.processTicksAndRejections (node:internal/process/task_queues:103:5)[39m
[31m    at async RequestService.getDocuments (C:\Users\vimal\OneDrive\Jubilee hospital demo\mediflow-core\server\src\request\request.service.ts:384:5)[39m
[31m    at async <anonymous> (C:\Users\vimal\OneDrive\Jubilee hospital demo\mediflow-core\server\src\controllers\request.controller.ts:136:21)[39m
[2026-07-17 00:20:12:2012] [[31merror[39m]: [31m403 - You are not allowed to view this request. - /api/v1/requests/bcb28b46-f591-4703-bd38-b059ef82e041/comments - GET - ::1[39m
[2026-07-17 00:20:12:2012] [[31merror[39m]: [31mError: You are not allowed to view this request.[39m
[31m    at RequestService.getRequestById (C:\Users\vimal\OneDrive\Jubilee hospital demo\mediflow-core\server\src\request\request.service.ts:233:13)[39m
[31m    at process.processTicksAndRejections (node:internal/process/task_queues:103:5)[39m
[31m    at async RequestService.getComments (C:\Users\vimal\OneDrive\Jubilee hospital demo\mediflow-core\server\src\request\request.service.ts:362:5)[39m
[31m    at async <anonymous> (C:\Users\vimal\OneDrive\Jubilee hospital demo\mediflow-core\server\src\controllers\request.controller.ts:130:20)[39m
[2026-07-17 00:20:13:2013] [[31merror[39m]: [31m403 - You are not allowed to view this request. - /api/v1/requests/bcb28b46-f591-4703-bd38-b059ef82e041 - GET - ::1[39m
[2026-07-17 00:20:13:2013] [[31merror[39m]: [31mError: You are not allowed to view this request.[39m
[31m    at RequestService.getRequestById (C:\Users\vimal\OneDrive\Jubilee hospital demo\mediflow-core\server\src\request\request.service.ts:233:13)[39m
[31m    at process.processTicksAndRejections (node:internal/process/task_queues:103:5)[39m
[31m    at async <anonymous> (C:\Users\vimal\OneDrive\Jubilee hospital demo\mediflow-core\server\src\controllers\request.controller.ts:59:18)[39m
[2026-07-17 01:06:49:649] [[31merror[39m]: [31m403 - You are not allowed to view this request. - /api/v1/requests/84c033c5-401a-4b0b-82b3-e8f019a070c9 - GET - ::1[39m
[2026-07-17 01:06:49:649] [[31merror[39m]: [31mError: You are not allowed to view this request.[39m
[31m    at RequestService.getRequestById (C:\Users\vimal\OneDrive\Jubilee hospital demo\mediflow-core\server\src\request\request.service.ts:233:13)[39m
[31m    at process.processTicksAndRejections (node:internal/process/task_queues:103:5)[39m
[31m    at async <anonymous> (C:\Users\vimal\OneDrive\Jubilee hospital demo\mediflow-core\server\src\controllers\request.controller.ts:59:18)[39m
[2026-07-17 01:06:49:649] [[31merror[39m]: [31m403 - You are not allowed to view this request. - /api/v1/requests/84c033c5-401a-4b0b-82b3-e8f019a070c9/documents - GET - ::1[39m
[2026-07-17 01:06:49:649] [[31merror[39m]: [31mError: You are not allowed to view this request.[39m
[31m    at RequestService.getRequestById (C:\Users\vimal\OneDrive\Jubilee hospital demo\mediflow-core\server\src\request\request.service.ts:233:13)[39m
[31m    at process.processTicksAndRejections (node:internal/process/task_queues:103:5)[39m
[31m    at async RequestService.getDocuments (C:\Users\vimal\OneDrive\Jubilee hospital demo\mediflow-core\server\src\request\request.service.ts:384:5)[39m
[31m    at async <anonymous> (C:\Users\vimal\OneDrive\Jubilee hospital demo\mediflow-core\server\src\controllers\request.controller.ts:136:21)[39m
[2026-07-17 01:06:49:649] [[31merror[39m]: [31m403 - You are not allowed to view this request. - /api/v1/requests/84c033c5-401a-4b0b-82b3-e8f019a070c9/comments - GET - ::1[39m
[2026-07-17 01:06:49:649] [[31merror[39m]: [31mError: You are not allowed to view this request.[39m
[31m    at RequestService.getRequestById (C:\Users\vimal\OneDrive\Jubilee hospital demo\mediflow-core\server\src\request\request.service.ts:233:13)[39m
[31m    at process.processTicksAndRejections (node:internal/process/task_queues:103:5)[39m
[31m    at async RequestService.getComments (C:\Users\vimal\OneDrive\Jubilee hospital demo\mediflow-core\server\src\request\request.service.ts:362:5)[39m
[31m    at async <anonymous> (C:\Users\vimal\OneDrive\Jubilee hospital demo\mediflow-core\server\src\controllers\request.controller.ts:130:20)[39m
[2026-07-17 01:07:15:715] [[31merror[39m]: [31m401 - Invalid email or password. - /api/v1/auth/login - POST - ::1[39m
[2026-07-17 01:07:15:715] [[31merror[39m]: [31mError: Invalid email or password.[39m
[31m    at <anonymous> (C:\Users\vimal\OneDrive\Jubilee hospital demo\mediflow-core\server\src\routes\auth.ts:25:19)[39m
[31m    at process.processTicksAndRejections (node:internal/process/task_queues:103:5)[39m
[2026-07-17 01:08:38:838] [[31merror[39m]: [31m403 - You are not allowed to view this request. - /api/v1/requests/84c033c5-401a-4b0b-82b3-e8f019a070c9 - GET - ::1[39m
[2026-07-17 01:08:38:838] [[31merror[39m]: [31mError: You are not allowed to view this request.[39m
[31m    at RequestService.getRequestById (C:\Users\vimal\OneDrive\Jubilee hospital demo\mediflow-core\server\src\request\request.service.ts:233:13)[39m
[31m    at process.processTicksAndRejections (node:internal/process/task_queues:103:5)[39m
[31m    at async <anonymous> (C:\Users\vimal\OneDrive\Jubilee hospital demo\mediflow-core\server\src\controllers\request.controller.ts:59:18)[39m
[2026-07-17 01:08:38:838] [[31merror[39m]: [31m403 - You are not allowed to view this request. - /api/v1/requests/84c033c5-401a-4b0b-82b3-e8f019a070c9/comments - GET - ::1[39m
[2026-07-17 01:08:38:838] [[31merror[39m]: [31mError: You are not allowed to view this request.[39m
[31m    at RequestService.getRequestById (C:\Users\vimal\OneDrive\Jubilee hospital demo\mediflow-core\server\src\request\request.service.ts:233:13)[39m
[31m    at process.processTicksAndRejections (node:internal/process/task_queues:103:5)[39m
[31m    at async RequestService.getComments (C:\Users\vimal\OneDrive\Jubilee hospital demo\mediflow-core\server\src\request\request.service.ts:362:5)[39m
[31m    at async <anonymous> (C:\Users\vimal\OneDrive\Jubilee hospital demo\mediflow-core\server\src\controllers\request.controller.ts:130:20)[39m
[2026-07-17 01:08:38:838] [[31merror[39m]: [31m403 - You are not allowed to view this request. - /api/v1/requests/84c033c5-401a-4b0b-82b3-e8f019a070c9/documents - GET - ::1[39m
[2026-07-17 01:08:38:838] [[31merror[39m]: [31mError: You are not allowed to view this request.[39m
[31m    at RequestService.getRequestById (C:\Users\vimal\OneDrive\Jubilee hospital demo\mediflow-core\server\src\request\request.service.ts:233:13)[39m
[31m    at process.processTicksAndRejections (node:internal/process/task_queues:103:5)[39m
[31m    at async RequestService.getDocuments (C:\Users\vimal\OneDrive\Jubilee hospital demo\mediflow-core\server\src\request\request.service.ts:384:5)[39m
[31m    at async <anonymous> (C:\Users\vimal\OneDrive\Jubilee hospital demo\mediflow-core\server\src\controllers\request.controller.ts:136:21)[39m
[2026-07-17 13:52:44:5244] [[31merror[39m]: [31m401 - Invalid email or password. - /api/v1/auth/login - POST - ::1[39m
[2026-07-17 13:52:44:5244] [[31merror[39m]: [31mError: Invalid email or password.[39m
[31m    at <anonymous> (C:\Users\vimal\OneDrive\Jubilee hospital demo\mediflow-core\server\src\routes\auth.ts:25:19)[39m
[2026-07-17 13:55:44:5544] [[31merror[39m]: [31m403 - You are not allowed to view this request. - /api/v1/requests/646f7384-47b0-438a-8c2f-0037999fbaf9 - GET - ::1[39m
[2026-07-17 13:55:44:5544] [[31merror[39m]: [31mError: You are not allowed to view this request.[39m
[31m    at RequestService.getRequestById (C:\Users\vimal\OneDrive\Jubilee hospital demo\mediflow-core\server\src\request\request.service.ts:233:13)[39m
[31m    at process.processTicksAndRejections (node:internal/process/task_queues:103:5)[39m
[31m    at async <anonymous> (C:\Users\vimal\OneDrive\Jubilee hospital demo\mediflow-core\server\src\controllers\request.controller.ts:59:18)[39m
[2026-07-17 13:55:45:5545] [[31merror[39m]: [31m403 - You are not allowed to view this request. - /api/v1/requests/646f7384-47b0-438a-8c2f-0037999fbaf9/comments - GET - ::1[39m
[2026-07-17 13:55:45:5545] [[31merror[39m]: [31mError: You are not allowed to view this request.[39m
[31m    at RequestService.getRequestById (C:\Users\vimal\OneDrive\Jubilee hospital demo\mediflow-core\server\src\request\request.service.ts:233:13)[39m
[31m    at process.processTicksAndRejections (node:internal/process/task_queues:103:5)[39m
[31m    at async RequestService.getComments (C:\Users\vimal\OneDrive\Jubilee hospital demo\mediflow-core\server\src\request\request.service.ts:362:5)[39m
[31m    at async <anonymous> (C:\Users\vimal\OneDrive\Jubilee hospital demo\mediflow-core\server\src\controllers\request.controller.ts:130:20)[39m
[2026-07-17 13:55:45:5545] [[31merror[39m]: [31m403 - You are not allowed to view this request. - /api/v1/requests/646f7384-47b0-438a-8c2f-0037999fbaf9/documents - GET - ::1[39m
[2026-07-17 13:55:45:5545] [[31merror[39m]: [31mError: You are not allowed to view this request.[39m
[31m    at RequestService.getRequestById (C:\Users\vimal\OneDrive\Jubilee hospital demo\mediflow-core\server\src\request\request.service.ts:233:13)[39m
[31m    at process.processTicksAndRejections (node:internal/process/task_queues:103:5)[39m
[31m    at async RequestService.getDocuments (C:\Users\vimal\OneDrive\Jubilee hospital demo\mediflow-core\server\src\request\request.service.ts:384:5)[39m
[31m    at async <anonymous> (C:\Users\vimal\OneDrive\Jubilee hospital demo\mediflow-core\server\src\controllers\request.controller.ts:136:21)[39m
[2026-07-17 13:57:21:5721] [[31merror[39m]: [31m403 - You are not allowed to view this request. - /api/v1/requests/646f7384-47b0-438a-8c2f-0037999fbaf9/documents - GET - ::1[39m
[2026-07-17 13:57:21:5721] [[31merror[39m]: [31mError: You are not allowed to view this request.[39m
[31m    at RequestService.getRequestById (C:\Users\vimal\OneDrive\Jubilee hospital demo\mediflow-core\server\src\request\request.service.ts:233:13)[39m
[31m    at process.processTicksAndRejections (node:internal/process/task_queues:103:5)[39m
[31m    at async RequestService.getDocuments (C:\Users\vimal\OneDrive\Jubilee hospital demo\mediflow-core\server\src\request\request.service.ts:384:5)[39m
[31m    at async <anonymous> (C:\Users\vimal\OneDrive\Jubilee hospital demo\mediflow-core\server\src\controllers\request.controller.ts:136:21)[39m
[2026-07-17 13:57:22:5722] [[31merror[39m]: [31m403 - You are not allowed to view this request. - /api/v1/requests/646f7384-47b0-438a-8c2f-0037999fbaf9 - GET - ::1[39m
[2026-07-17 13:57:22:5722] [[31merror[39m]: [31mError: You are not allowed to view this request.[39m
[31m    at RequestService.getRequestById (C:\Users\vimal\OneDrive\Jubilee hospital demo\mediflow-core\server\src\request\request.service.ts:233:13)[39m
[31m    at process.processTicksAndRejections (node:internal/process/task_queues:103:5)[39m
[31m    at async <anonymous> (C:\Users\vimal\OneDrive\Jubilee hospital demo\mediflow-core\server\src\controllers\request.controller.ts:59:18)[39m
[2026-07-17 13:57:22:5722] [[31merror[39m]: [31m403 - You are not allowed to view this request. - /api/v1/requests/646f7384-47b0-438a-8c2f-0037999fbaf9/comments - GET - ::1[39m
[2026-07-17 13:57:22:5722] [[31merror[39m]: [31mError: You are not allowed to view this request.[39m
[31m    at RequestService.getRequestById (C:\Users\vimal\OneDrive\Jubilee hospital demo\mediflow-core\server\src\request\request.service.ts:233:13)[39m
[31m    at process.processTicksAndRejections (node:internal/process/task_queues:103:5)[39m
[31m    at async RequestService.getComments (C:\Users\vimal\OneDrive\Jubilee hospital demo\mediflow-core\server\src\request\request.service.ts:362:5)[39m
[31m    at async <anonymous> (C:\Users\vimal\OneDrive\Jubilee hospital demo\mediflow-core\server\src\controllers\request.controller.ts:130:20)[39m
[2026-07-17 14:02:20:220] [[31merror[39m]: [31m401 - Please sign in again to verify your identity. - /api/v1/requests/analytics - GET - ::1[39m
[2026-07-17 14:02:20:220] [[31merror[39m]: [31mError: Please sign in again to verify your identity.[39m
[31m    at requireAuth (C:\Users\vimal\OneDrive\Jubilee hospital demo\mediflow-core\server\src\middleware\auth.ts:62:17)[39m
[31m    at process.processTicksAndRejections (node:internal/process/task_queues:103:5)[39m
[2026-07-17 14:02:21:221] [[31merror[39m]: [31m401 - Please sign in again to verify your identity. - /api/v1/requests?page=1&limit=10 - GET - ::1[39m
[2026-07-17 14:02:21:221] [[31merror[39m]: [31mError: Please sign in again to verify your identity.[39m
[31m    at requireAuth (C:\Users\vimal\OneDrive\Jubilee hospital demo\mediflow-core\server\src\middleware\auth.ts:62:17)[39m
[31m    at process.processTicksAndRejections (node:internal/process/task_queues:103:5)[39m
[2026-07-17 14:02:21:221] [[31merror[39m]: [31m401 - Please sign in again to verify your identity. - /api/v1/notifications - GET - ::1[39m
[2026-07-17 14:02:21:221] [[31merror[39m]: [31mError: Please sign in again to verify your identity.[39m
[31m    at requireAuth (C:\Users\vimal\OneDrive\Jubilee hospital demo\mediflow-core\server\src\middleware\auth.ts:62:17)[39m
[31m    at process.processTicksAndRejections (node:internal/process/task_queues:103:5)[39m
[2026-07-17 14:02:21:221] [[31merror[39m]: [31m401 - Please sign in again to verify your identity. - /api/v1/departments - GET - ::1[39m
[2026-07-17 14:02:21:221] [[31merror[39m]: [31mError: Please sign in again to verify your identity.[39m
[31m    at requireAuth (C:\Users\vimal\OneDrive\Jubilee hospital demo\mediflow-core\server\src\middleware\auth.ts:62:17)[39m
[31m    at process.processTicksAndRejections (node:internal/process/task_queues:103:5)[39m
[2026-07-17 14:02:21:221] [[31merror[39m]: [31m401 - Please sign in again to verify your identity. - /api/v1/departments - GET - ::1[39m
[2026-07-17 14:02:21:221] [[31merror[39m]: [31mError: Please sign in again to verify your identity.[39m
[31m    at requireAuth (C:\Users\vimal\OneDrive\Jubilee hospital demo\mediflow-core\server\src\middleware\auth.ts:62:17)[39m
[31m    at process.processTicksAndRejections (node:internal/process/task_queues:103:5)[39m
[2026-07-17 14:02:32:232] [[31merror[39m]: [31m401 - Please sign in again to verify your identity. - /api/v1/notifications - GET - undefined[39m
[2026-07-17 14:02:32:232] [[31merror[39m]: [31mError: Please sign in again to verify your identity.[39m
[31m    at requireAuth (C:\Users\vimal\OneDrive\Jubilee hospital demo\mediflow-core\server\src\middleware\auth.ts:62:17)[39m
[31m    at process.processTicksAndRejections (node:internal/process/task_queues:103:5)[39m
[2026-07-17 14:02:32:232] [[31merror[39m]: [31m401 - Please sign in again to verify your identity. - /api/v1/requests?page=1&limit=10 - GET - undefined[39m
[2026-07-17 14:02:32:232] [[31merror[39m]: [31mError: Please sign in again to verify your identity.[39m
[31m    at requireAuth (C:\Users\vimal\OneDrive\Jubilee hospital demo\mediflow-core\server\src\middleware\auth.ts:62:17)[39m
[31m    at process.processTicksAndRejections (node:internal/process/task_queues:103:5)[39m
[2026-07-18 16:34:06:346] [[31merror[39m]: [31m401 - Invalid email or password. - /api/v1/auth/login - POST - ::1[39m
[2026-07-18 16:34:06:346] [[31merror[39m]: [31mError: Invalid email or password.[39m
[31m    at <anonymous> (C:\Users\vimal\OneDrive\Jubilee hospital demo\mediflow-core\server\src\routes\auth.ts:25:19)[39m
[31m    at process.processTicksAndRejections (node:internal/process/task_queues:103:5)[39m
[2026-07-30 19:24:44:2444] [[31merror[39m]: [31m401 - Please sign in again to verify your identity. - /api/v1/auth/me - GET - ::1[39m
[2026-07-30 19:24:44:2444] [[31merror[39m]: [31mError: Please sign in again to verify your identity.[39m
[31m    at requireAuth (C:\Users\vimal\OneDrive\Jubilee hospital demo\mediflow-core\server\src\middleware\auth.ts:62:17)[39m
[31m    at Layer.handleRequest (C:\Users\vimal\OneDrive\Jubilee hospital demo\mediflow-core\server\node_modules\router\lib\layer.js:152:17)[39m
[31m    at next (C:\Users\vimal\OneDrive\Jubilee hospital demo\mediflow-core\server\node_modules\router\lib\route.js:157:13)[39m
[31m    at Route.dispatch (C:\Users\vimal\OneDrive\Jubilee hospital demo\mediflow-core\server\node_modules\router\lib\route.js:117:3)[39m
[31m    at handle (C:\Users\vimal\OneDrive\Jubilee hospital demo\mediflow-core\server\node_modules\router\index.js:435:11)[39m
[31m    at Layer.handleRequest (C:\Users\vimal\OneDrive\Jubilee hospital demo\mediflow-core\server\node_modules\router\lib\layer.js:152:17)[39m
[31m    at C:\Users\vimal\OneDrive\Jubilee hospital demo\mediflow-core\server\node_modules\router\index.js:295:15[39m
[31m    at processParams (C:\Users\vimal\OneDrive\Jubilee hospital demo\mediflow-core\server\node_modules\router\index.js:582:12)[39m
[31m    at next (C:\Users\vimal\OneDrive\Jubilee hospital demo\mediflow-core\server\node_modules\router\index.js:291:5)[39m
[31m    at router.handle (C:\Users\vimal\OneDrive\Jubilee hospital demo\mediflow-core\server\node_modules\router\index.js:186:3)[39m
[2026-07-30 19:24:44:2444] [[31merror[39m]: [31m401 - Please sign in again to verify your identity. - /api/v1/auth/me - GET - ::1[39m
[2026-07-30 19:24:44:2444] [[31merror[39m]: [31mError: Please sign in again to verify your identity.[39m
[31m    at requireAuth (C:\Users\vimal\OneDrive\Jubilee hospital demo\mediflow-core\server\src\middleware\auth.ts:62:17)[39m
[31m    at Layer.handleRequest (C:\Users\vimal\OneDrive\Jubilee hospital demo\mediflow-core\server\node_modules\router\lib\layer.js:152:17)[39m
[31m    at next (C:\Users\vimal\OneDrive\Jubilee hospital demo\mediflow-core\server\node_modules\router\lib\route.js:157:13)[39m
[31m    at Route.dispatch (C:\Users\vimal\OneDrive\Jubilee hospital demo\mediflow-core\server\node_modules\router\lib\route.js:117:3)[39m
[31m    at handle (C:\Users\vimal\OneDrive\Jubilee hospital demo\mediflow-core\server\node_modules\router\index.js:435:11)[39m
[31m    at Layer.handleRequest (C:\Users\vimal\OneDrive\Jubilee hospital demo\mediflow-core\server\node_modules\router\lib\layer.js:152:17)[39m
[31m    at C:\Users\vimal\OneDrive\Jubilee hospital demo\mediflow-core\server\node_modules\router\index.js:295:15[39m
[31m    at processParams (C:\Users\vimal\OneDrive\Jubilee hospital demo\mediflow-core\server\node_modules\router\index.js:582:12)[39m
[31m    at next (C:\Users\vimal\OneDrive\Jubilee hospital demo\mediflow-core\server\node_modules\router\index.js:291:5)[39m
[31m    at router.handle (C:\Users\vimal\OneDrive\Jubilee hospital demo\mediflow-core\server\node_modules\router\index.js:186:3)[39m
[2026-07-30 20:20:26:2026] [[31merror[39m]: [31m401 - Invalid email or password. - /api/v1/auth/login - POST - ::1[39m
[2026-07-30 20:20:26:2026] [[31merror[39m]: [31mError: Invalid email or password.[39m
[31m    at <anonymous> (C:\Users\vimal\OneDrive\Jubilee hospital demo\mediflow-core\server\src\routes\auth.ts:25:19)[39m
[31m    at process.processTicksAndRejections (node:internal/process/task_queues:103:5)[39m
[2026-07-31 20:09:54:954] [[31merror[39m]: [31m403 - You can only approve requests from your own department. - /api/v1/requests/007978a5-e4fd-42c0-b584-ff0c6ade5cc3/approve - POST - ::ffff:127.0.0.1[39m
[2026-07-31 20:09:58:958] [[31merror[39m]: [31m403 - You can only approve requests from your own department. - /api/v1/requests/d9eb8175-a2e2-4b9b-8e84-9f3a66bbd24f/reject - POST - ::ffff:127.0.0.1[39m
[2026-07-31 20:10:01:101] [[31merror[39m]: [31m403 - You can only approve requests from your own department. - /api/v1/requests/ddd0e41b-0741-465c-a0c1-99d12f280329/return - POST - ::ffff:127.0.0.1[39m
